CONTENT_ID,source,title,events_count,content_duration_sec,avg_progress_ratio
851924,AJA,مهام الأجهزة الأمنية بين القمع والحماية,1,2830,100.0
851018,AJA,الكنيسة الأنجليكانية في كندا والسكان الأصليون,1,1682,100.0
851017,AJA,الاتّجار بالفتيات في إيطاليا,1,1646,100.0
851016,AJA,تفاصيل محاولة اغتيال البابا في الفلبين,2,1728,100.0
851015,AJA,تفاصيل مقتل الأسرة المالكة النيبالية,1,1678,100.0
851013,AJA,ناورو: من الازدهار إلى الأزمات,1,1680,100.0
851012,AJA,ماليزيا بين قانون الطوارئ والديمقراطية,2,1689,100.0
851011,AJA,العلمانية التركية والحرب ضد التدين,1,1549,100.0
851010,AJA,نضال المرأة النيوزيلندية,3,1683,100.0
851009,AJA,المخابرات الباكستانية والأزمة الأفغانية,2,1544,100.0
851008,AJA,مهراجاوات الهند.. غنى فاحش برغم فقدان السلطة,1,1642,100.0
851007,AJA,اليابان وقرارات حظر صيد الحيتان,1,1594,100.0
849715,AJA,حرب آسام.. في سبيل الشاي أم الاستقلال؟,1,1748,100.0
849710,AJA,سرطان المستوطنات وجفاف بحر آرال,1,1696,100.0
849697,AJA,مؤسسات الأم تريزا الخيرية في الميزان,2,1700,100.0
849692,AJA,محاكمة أنور إبراهيم,2,2757,100.0
849690,AJA,"""المدن البطيئة"".. صرعة إيطالية",1,1666,100.0
849688,AJA,الإسكندرية تنفض الغبار عن مكتبتها التاريخية,1,1670,100.0
849686,AJA,أضواء هوليود تهدد إرث كمبوديا,2,1574,100.0
849685,AJA,رئيس إندونيسيا في مرمى الاحتجاجات,1,1562,100.0
849684,AJA,الإيدز في بابوا غينيا الجديدة,2,1585,100.0
849682,AJA,السياسة والثراء في تايلند,1,1683,100.0
849679,AJA,الآثار الصينية المسروقة,1,1677,100.0
849313,AJD,حراس الديموقراطية,1,3366,100.0
849312,AJD,هنا الوطن,1,3288,100.0
849307,AJD,الحركة الطلابية التونسية,1,3192,100.0
849255,AJA,التغيرات السياسية في قطر,1,2772,100.0
849254,AJA,واشنطن في ميزان المصداقية,1,2788,100.0
848948,AJA,حقيقة الصراع في دارفور,1,4190,100.0
848947,AJA,العلاقات بين أميركا والأكراد,1,4206,100.0
848942,AJA,معوقات الإصلاح في العالم العربي,1,2814,100.0
848941,AJA,العراق يشتعل والولايات المتحدة تنسحب,2,4190,100.0
848937,AJA,الثقافة العربية في معرض فرانكفورت للكتاب,1,4215,100.0
848935,AJA,الدول العربية وتحدي الإصلاح التربوي,1,4202,100.0
848181,AJA,ملياردير يطمح إلى أن يصبح عمدة نيويورك,4,1568,100.0
846342,AJA,أثرياء الإنترنت.. حين تتبخر أحلام الربح السريع,1,1698,100.0
846340,AJA,صراع الصراصير في الصين,3,1504,100.0
846301,AJA,القدس وخطط التهويد,1,1650,100.0
845745,AJA,معرض الشارقة وكتب الأطفال,1,1461,100.0
845609,AJA,بين الأدب الإسلامي والأدب العربي,1,1622,100.0
845608,AJA,لوحات من زمن الحرب,1,1627,100.0
845607,AJA,"مهرجان ""النطاق"".. بعث الفنون والآداب في المجتمع",1,1624,100.0
845606,AJA,الكتابة بالفرنسية.. جدل أدبي في المغرب,1,1637,100.0
845605,AJA,طرابلس الليبية.. خروج من نفق الحصار الثقافي,1,1617,100.0
845592,AJA,بين الثقافة والسياسة.. ما الحدود الفاصلة؟,1,1620,100.0
845544,AJA,الحوار الوطني السعودي,2,3818,100.0
843982,AJA,أوضاع الجزائريين في ظل أحداث القبائل,1,5303,100.0
843749,AJA,يورغ هايدر.. صعود اليمين في النمسا,2,1666,100.0
843746,AJA,خلطة الحكم في الدول العربية,3,1582,100.0
843742,AJA,الصين: بلد واحد بنظامين,1,1958,100.0
843741,AJA,جون ماكين وبوش الابن.. منافسة شرسة,1,1679,100.0
843740,AJA,صراع على السلطة في جزر فيجي,1,1616,100.0
843734,AJA,صراع الأراضي يشعل فوضى في زيمبابوي,2,1680,100.0
843733,AJA,غزو ثقافي أميركي لفيتنام,2,1578,100.0
843728,AJA,منتخب فلسطين.. أول بطولة بعد أوسلو,1,1685,100.0
843706,AJA,الصين في مفترق طرق,1,2970,100.0
843679,AJA,الاحتيال في زمن الأزمة المالية العالمية,1,1476,100.0
843341,AJA,شيراك يوبخ بوش علنا,1,1439,100.0
840954,AJA,سياسة قطر الخارجية,1,5057,100.0
840927,AJA,قراصنة من نوع خاص,2,1433,100.0
840714,AJA,دراماهُن.. اختلاف على التسمية,1,1395,100.0
840706,AJA,شدو من المحراب,1,1527,100.0
840092,AJA,أكراد العراق.. أحلام مؤجلة,2,1607,100.0
840090,AJA,الأسرى الفلسطينيون في السجون الإسرائيلية- الجزء 2,1,2480,100.0
840078,AJA,أمراء الدعاية في بريطانيا,1,1554,100.0
840075,AJA,التنجيم في فرنسا,1,2736,100.0
839839,AJA,الحياة السياسية في إيران,2,2801,100.0
839695,AJA,غجر رومانيا ورقصة الكويكا,1,1578,100.0
839687,AJA,مقبرة الأطفال الرضع,1,1433,100.0
839686,AJA,حلم هيلاري كلينتون ولعبة الليغو,3,1532,100.0
839685,AJA,سائس الأفاعي ورحلة على متن غواصة,1,1334,100.0
839680,AJA,وقود الذرة الحيوي ومعابد اليابان,2,1264,100.0
839153,AJA,هل تعيد اليابان بناء جيشها؟,1,1618,100.0
837235,AJA,الصين.. الألعاب الأولمبية بين الرياضة والسياسة,1,1293,100.0
836899,AJA,المكسيك وعمليات الاختطاف,1,1492,100.0
836893,AJA,باريس.. مدينة الأنوار,2,1466,100.0
836504,AJD,البريد الطائر,1,1443,100.0
834555,AJA,شخص يُنصّب نفسه ملكا في جزيرة معزولة,2,1507,100.0
834296,AJA,إضراب عالمي تضامنا مع غزة وأهاليها المجوّعين,2,350,100.0
834222,AJA,طبيبة ثمانينية تداوي جروح الماساي,1,1581,100.0
834219,AJA,نقمة النعمة,1,1683,100.0
833822,AJA,النازية الجديدة في ألمانيا,2,1634,100.0
833039,AJA,آفاق المصالحة في المغرب,1,2893,100.0
833029,AJA,تحالف نصر الله- عون.. ماذا يخبئ للبنان؟,1,2959,100.0
833026,AJA,مظاهرات السودان.. ثورة أم زوبعة في فنجان؟,1,2806,100.0
833016,AJA,السياسات العربية بين الاعتدال والمواجهة,1,2793,100.0
833014,AJA,الأمة العربية.. محاولات تقسيم المُقسّم,1,2803,100.0
832002,AJA,حريق مول الكوت بالعراق.. قتلى ومصابون بالعشرات,2,268,100.0
831381,Other,ادعاء باكتشاف علاج للتوحد.. مواجهة علمية,2,2133,100.0
830979,AJA,العرب والتنمية وامتلاك السلاح النووي,1,2538,100.0
830670,AJA,اشتباكات بين اليمين المتطرف ومغاربة في إسبانيا,1,238,100.0
830545,AJA,أساطيل غربية قرب سواحل لبنان.. ما هدفها؟,1,2838,100.0
830544,AJA,حلم التغيير عبر الاستقواء بالخارج,1,2843,100.0
830543,AJA,السيادة اللبنانية والخروقات الإسرائيلية,1,2777,100.0
830536,AJA,الديمقراطية والاستقرار.. هل يجتمعان؟,1,2718,100.0
830531,AJA,عضوية العرب في مجلس حقوق الإنسان,1,2772,100.0
830528,AJA,الإعلام العربي الحر في مواجهة الغرب,2,2600,100.0
830527,AJA,أميركا وعودة اليسار إلى دول أميركا اللاتينية,2,2743,100.0
830525,AJA,الحكام العرب والتشبث بالسلطة,1,2875,100.0
830518,AJA,آفاق حملات أميركا الإعلامية لتحسين صورتها,1,2706,100.0
827239,AJA,تغيير المناهج الدينية,1,2773,100.0
827236,AJA,أميركا ووعود الإصلاح في العالم العربي,2,4213,100.0
827235,AJA,محو إسرائيل من الخريطة.. حلم إيراني؟,1,2804,100.0
827233,AJA,انتفاضة الأرز وتداعياتها,2,4198,100.0
827219,AJA,هل توجد شرعية دولية؟,1,2800,100.0
827214,AJA,المحاكم الدولية والعدالة المنشودة,1,4160,100.0
826693,AJA,العراق في ظل النفوذ الإيراني,1,2860,100.0
826691,AJA,تفجيرات لندن والحرب على الإرهاب,1,2851,100.0
826689,AJA,حرب على السفراء في العراق,1,2868,100.0
826667,AJA,إيران بعد انتخاب أحمدي نجاد,1,2812,100.0
826276,AJA,تجارب ملهمة لمصورين عرب,1,1441,100.0
826274,AJA,دانيال إلسبيرغ... مسرِّب أسرار حرب فيتنام,1,1476,100.0
826272,AJA,التغيرات المناخية خلال صيف 2023,1,1494,100.0
826271,AJA,حزب قائد أم بائد؟,2,4158,100.0
825962,AJA,تقارير التنمية البشرية,1,4162,100.0
825956,AJA,الانتخابات العراقية في ظل الاحتلال,1,4256,100.0
825943,AJA,الحرب على العراق والدور الإيراني,2,4280,100.0
825913,AJA,أزمة دارفور.. الخوف من المجهول,1,1229,100.0
825882,AJA,عبد السلام ضعيف.. سفير اعتُقل في غوانتانامو,1,1404,100.0
824041,AJA,تمييز عنصري ضد البيض في جنوب أفريقيا,1,1555,100.0
823726,AJA,نهضة تيرانا.. رؤية العمدة والجدل حول التمويل,2,1581,100.0
823723,AJA,جدل في أبحاث الخلايا الجذعية,1,1658,100.0
821927,AJA,تحالفات العرب بين أوروبا وأميركا,3,4100,100.0
821926,AJA,دلالات التغيير الوزاري المصري,1,4253,100.0
821915,AJA,مستقبل الإسلام السياسي في العراق,1,4253,100.0
818608,AJA,مستقبل المسلمين في البلقان,1,4427,100.0
818594,AJA,دولة فيجي.. جيش يصارع على السلطة,2,1630,100.0
818593,AJA,كوريا والبطالة المرتفعة,1,1663,100.0
818591,AJA,الفحم وتفجيرات قمم الجبال,1,1646,100.0
818011,AJA,إلياس الهراوي.. عصر ما بعد الطائف,1,3007,100.0
817931,AJA,مستجدات الساحة السياسية الإيطالية,1,1356,100.0
815760,AJA,نظرة العرب إلى الاتحاد الأوروبي,2,4019,100.0
815751,AJA,تقرير التنمية الإنسانية والواقع العربي,2,4189,100.0
815737,AJA,السياحة العربية.. بين الاستحالة والإمكان,2,4061,100.0
815638,AJA,ديفيد كيزويت.. الباحث عن الحقيقة,1,2771,100.0
815179,AJA,قصر الموسيقا في اليونان,1,1529,100.0
815163,AJA,صواريخ المقاومة ومنظومة الردع الإسرائيلية,1,2920,100.0
814111,AJA,الإسلام في الغرب شريكا حضاريا,1,2898,100.0
808909,AJA,سفير أميركي لماكرون: اقتطعوا من الريفييرا لفلسطين,1,255,100.0
808840,AJA,مؤتمر شرم الشيخ ومستقبل العراق,1,4064,100.0
806355,AJA,الانتخابات الرئاسية في الدول العربية,1,2835,100.0
802905,AJA,تحرير الأرض أم الإنسان العربي؟,2,4222,100.0
802899,AJA,قابلية الإصلاح في الأنظمة العربية,2,4004,100.0
798069,AJA,الطريق إلى الأقصى مُعبّد بالحواجز العسكرية,1,156,100.0
784455,Other,حرب نووية اقتصادية!,1,2320,100.0
775022,AJA,الدور الماروني في لبنان,1,5176,100.0
773792,Other,المليحي من سوريا,1,378,100.0
770365,AJA,مسيرات العودة,1,3067,100.0
770358,AJA,صوت أوروبي يدعم فلسطين,1,1580,100.0
770355,AJA,أوروبا بعد الحرب على العراق,1,1626,100.0
767747,AJD,رحلة عائلة,1,1455,100.0
766561,AJA,ما بعد النكبة,1,2887,100.0
765142,AJA,بائع الفانوس - مصر,1,130,100.0
764721,AJA,هيئة البيعة,1,3000,100.0
764710,AJA,دور مجلس أمناء الثورة,1,2450,100.0
764683,AJA,مسجد غزوة بني قريظة,1,627,100.0
764682,AJA,مسجد بني حرام,1,634,100.0
764670,AJA,المسجد النبوي في العهدين المملوكي والعثماني,1,626,100.0
764668,AJA,المسجد الأقصى - الجزء 1,2,626,100.0
764658,AJA,مسجد الجمعة,1,621,100.0
764261,AJA,الاقتصاد البحريني,1,3036,100.0
760134,AJA,خلافات الأنبا ماكسيموس مع الكنيسة القبطية المصرية,1,2776,100.0
758780,AJD,الشيخ رمضان باكديل - تركيا,1,794,100.0
758279,AJA,إصلاحات اقتصادية ونتائج غير ملموسة,1,1596,100.0
757423,AJA,من بلفور إلى بلير,1,1396,100.0
752981,AJA,القروض الشخصية في دول الخليج,1,1364,100.0
752959,AJA,البضائع الصينية تغزو أسواق العرب,1,1608,100.0
752623,AJA,الخصخصة في الدول العربية,1,1503,100.0
752622,AJA,أزمة الخبز في مصر واليمن,1,1483,100.0
749369,AJA,الحج.. معانٍ وأحكام,1,2750,100.0
740594,AJA,إبراهيم اليازجي ولغة الجرائد,2,1243,100.0
738993,AJA,تكنولوجيا المرآة الرقمية واستخداماتها,1,1427,100.0
737268,AJA,الأمم المتحدة والنفوذ الأميركي,1,3778,100.0
736791,AJA,الجزيرة تكشف موقعي مقبرتين جماعيتين بدمشق,2,211,100.0
735670,AJD,السينما التونسية.. نسيج الوجود - الجزء 2,1,2803,100.0
735439,AJA,المسؤولية الفردية في الإسلام,1,4155,100.0
735304,AJA,الشريعة بين الثابت والمتغير,2,4167,100.0
734120,AJA,دريد لحام يرحّب بتطبيق الشريعة الإسلامية,1,2164,100.0
733812,AJA,"8""  ملايين في شوال"".. كيف كذب السائق ""الأمين""؟",2,248,100.0
733533,AJA,هل تقترب غزة من وقف لإطلاق النار؟,2,332,100.0
733018,AJA,الحوار الوطني اليمني الشامل,1,1472,100.0
732691,AJA,فقه الواقع,1,4217,100.0
732618,AJA,مأزق دبلوماسي فرنسي,1,5353,100.0
732347,AJA,مستقبل النفط في سوريا ما بعد الأسد,2,253,100.0
731715,Other,محاكمة نتنياهو بين تهم الفساد والتفاخر,1,428,100.0
729475,AJA,قانون الخلع في مصر,1,5292,100.0
728411,AJA,المفاوضات السورية الإسرائيلية.. الأسباب والتداعيات,2,5432,100.0
728039,AJA,كوريا الجنوبية.. أحكام عرفية ومسعى لإقالة الرئيس,2,272,100.0
727951,AJA,المؤتمرات الإسلامية.. أي جدوى؟,1,5290,100.0
727940,AJA,الحريري رئيسا لوزراء لبنان.. ماذا بعد؟,1,5267,100.0
727928,AJA,تحديد النسل بين المؤامرة والشرع,2,5338,100.0
727680,AJA,"غضب غربي من لعبة محاكاة لـ""طوفان الأقصى""",2,275,100.0
727306,AJA,واقع الغناء العربي بين الماضي والحاضر,1,4445,100.0
726932,AJA,العمالة والكفالة في دول الخليج,1,5081,100.0
725413,AJA,اعتذار البابا لليهود,2,5517,100.0
725411,AJA,المقاومة اللبنانية بين البطولة والمصالح,2,5004,100.0
725405,AJA,النظام العسكري بين الديكتاتورية والديمقراطية,1,5474,100.0
725403,AJA,تهويد العقل العربي,1,5595,100.0
725401,AJA,اتحاد المغرب العربي بين التكامل والتحديات,2,5581,100.0
725400,AJA,غياب الديمقراطية في الوطن العربي,1,5539,100.0
725024,AJA,إيران بعد 20 عاما على الثورة,2,5683,100.0
725011,AJA,واقع لبنان تحت الوصاية السورية,2,5622,100.0
725008,AJA,عودة جعفر النميري.. الأسباب والخلفيات,1,5468,100.0
722363,AJA,بايدن يتيح لكييف إمكانية ضرب العمق الروسي,3,242,100.0
722246,AJA,عزيز أباظة ومجنون لبنى,1,1166,100.0
722006,AJA,ما قبل انتخابات المجالس المحلية بالعراق,1,1380,100.0
722003,AJA,تداعيات التوافق في السياسة العراقية,1,1490,100.0
721999,AJA,الأمن بالعراق.. استقرار أم تدهور؟,1,1442,100.0
721904,AJA,رحلة عبر الحواجز - الجزء 1,1,2194,100.0
721154,Other,جنود نتنياهو عالقون في جباليا,1,416,100.0
721152,AJA,المغاربة يلقّنون الإسرائيليين درسا في أمستردام,1,1806,100.0
720714,AJA,"جدل بباريس بسبب حفل ""إسرائيل إلى الأبد""",3,280,100.0
719862,AJA,هل يصل البتكوين إلى 150 ألف دولار؟,2,345,100.0
719610,AJA,أبو القاسم الحريري.. صاحب المقامات,1,1228,100.0
719337,Other,قصة أحداث تل الزعتر عام 1976,1,1017,100.0
719336,Other,جنوب أفريقيا تقاضي إسرائيل أمام المحكمة الدولية,1,956,100.0
719327,AJA,مجلس الأمن وفرض تعويضات على العراق,1,4239,100.0
717031,AJA,قراءة لمخرجات مؤتمر منتدى المستقبل,1,4196,100.0
716995,Other,Test-4K-Ratio2_1-31/10/24,2,6,100.0
716972,Other,Test record,6,6,100.0
716966,Other,Test-4K-Ratio2_1-31/10/24,4,6,100.0
716714,AJA,البعد السياسي للانتخابات العراقية,1,4248,100.0
716199,AJA,هل هدد ترامب ليز تشيني بالقتل؟,3,259,100.0
716053,Other,تفجير رحلة طيران الخليج 771,1,352,100.0
715452,Other,تهرب الجنود الإسرائيليين من خدمة الجيش,1,492,100.0
714751,AJA,زلة جديدة لبايدن.. هل تدفع ثمنها هاريس؟,3,308,100.0
712024,Other,هاريس.. من رماد العنصرية إلى قيادة أميركا,1,897,100.0
711859,AJA,طبيعة العلاقة الإيرانية الأميركية,1,2732,100.0
711130,AJA,رباعية تاريخية لبرشلونة على الريال أمام جماهيره,2,259,100.0
708613,AJA,"التفاصيل الكاملة لهجوم ""توساش"" بأنقرة",4,274,100.0
706250,AJA,الصراع الروسي الأميركي في الشرق الأوسط,1,2923,100.0
705469,AJA,مئة دولار لداعمي حملة ترامب في بنسلفانيا,4,282,100.0
702830,Other,خطة الجنرالات,1,444,100.0
701017,AJA,الانقلاب على نظام بورقيبة,1,2898,100.0
700992,AJA,المواجهة مع فرنسا وإسبانيا,1,3070,100.0
699121,Other,"أين ""الانتصار المطلق""؟",1,855,100.0
698167,AJA,جورج بوش يزور أوروبا,1,4199,100.0
697836,Other,حامي غابات الأمازون,1,455,100.0
697154,AJD,الصومال.. ذاكرة الجوع,1,2952,100.0
695052,Other,حرب بلا رصاص,1,932,100.0
695027,AJA,قصة البيان رقم واحد والصعود إلى القمر,1,1491,100.0
695026,AJA,الكرك.. المدينة المحصنة والأرض الخصبة,2,1388,100.0
692802,Other,لماذا يحاول بوتين تطوير سلالة دجاج روسية؟,1,1048,100.0
692160,Other,التصعيد الإسرائيلي في لبنان,1,419,100.0
689024,Other,"رؤية اليمين المتطرف لإسرائيل كـ""قدوة""",1,1171,100.0
688791,AJD,الباب الضيق,1,1886,100.0
688726,Other,سر الصلصة الهولندية,1,634,100.0
688719,Other,كيف نستخدم ألف التفريق؟,1,167,100.0
688188,AJA,التقاعس العربي والدمار في لبنان,1,2957,100.0
686284,AJA,توقف بث تلفزيون لبنان.. لماذا؟,1,1485,100.0
685810,AJA,حماس وصفقة القرن,1,2917,100.0
685769,AJA,نشاط المخابرات التونسية,1,3067,100.0
683876,AJA,قصة تأسيس مجلة العربي,1,1333,100.0
683855,AJA,حفصة الركونية.. شاعرة الأندلس العاشقة,1,1428,100.0
683850,AJA,عائشة القرطبية.. كاتبة المصاحف,1,1207,100.0
683746,AJA,المكسيك.. روح أميركا اللاتينية,1,1454,100.0
683681,AJA,دمياط.. مدينة العمل والسياحة,1,1405,100.0
683672,AJA,العقبة.. ميناء مجنون ومقصورة ملكية,1,1404,100.0
683669,AJA,وراء الشمس - الجزء 2,1,2950,100.0
683663,AJA,"سميح القاسم.. ""قيثارة فلسطين""",1,1270,100.0
683629,AJA,واقع البنية التحتية في قطاع غزة,1,1889,100.0
683608,AJA,الجولان.. سرقة أرض وتزوير تاريخ,3,1820,100.0
683606,AJA,الخيارات الفلسطينية - الجزء (2),1,1700,100.0
683592,AJA,محمد عبده.. ملك متوّج بعمامته,1,1493,100.0
683274,AJA,دور وسيلة بورقيبة بالسياسة التونسية,2,3051,100.0
683149,AJA,حسن الكرمي.. عاشق القضية والأدب,1,2784,100.0
683138,AJA,علي فرزات.. الفن الساخر في وجه القمع,1,2872,100.0
678379,AJA,الجامعة العربية وملف العراق بعد الغزو,1,2889,100.0
678372,AJA,برنامج أميركي للتجسس على البنوك,1,2823,100.0
678369,AJA,أبحاث الاستنساخ بين المختبر والاختبار الأخلاقي,1,4087,100.0
678365,AJA,تداعيات صياغة دستور عراقي جديد,1,2903,100.0
678357,AJA,الملف النووي الإيراني ومجلس الأمن,1,2843,100.0
678348,AJA,ربع قرن على مجلس التعاون,2,2859,100.0
678343,AJA,أميركا تلاحق الإرهاب سريا في أوروبا,1,2800,100.0
678334,AJA,الخلاف الفلسطيني والخطر الإسرائيلي,1,2865,100.0
678331,AJA,الانتخابات التشريعية الفلسطينية وإمكانية التأجيل,2,2854,100.0
678327,AJA,تراجع شعبية توني بلير ومطالبته بالاستقالة,1,2865,100.0
678323,AJA,الهجمات ضد الإسلام والمسيحية,1,2792,100.0
678321,AJA,تركيا وسياسة الأبواب الأوروبية المغلقة,1,2552,100.0
678302,AJA,الشريعة.. معناها ومبناها,1,2943,100.0
678284,AJA,فقه الشأن العام,1,2764,100.0
678206,AJA,أزمة انهيار أسعار النفط,1,3101,100.0
678152,AJA,الصراع المحتدم في اليمن,1,2991,100.0
678108,AJA,المشروع الأميركي لإعادة بناء الشرق الأوسط,1,4170,100.0
677894,AJA,الأسواق الشعبية العالمية الأكثر تشويقا,1,1468,100.0
677632,AJA,الانتخابات العراقية والمحاصصة الطائفية,1,4305,100.0
677609,AJA,انتخابات الجمعية الوطنية الانتقالية العراقية 2005,1,4115,100.0
677606,AJA,ما بعد قمة شرم الشيخ,1,4248,100.0
677604,AJA,ما بعد الانتخابات الرئاسية الفلسطينية,1,4196,100.0
668640,AJA,شح المياه.. أزمة حقيقية أم مبالغة؟,1,2755,100.0
668402,AJA,الحرف اليدوية اللبنانية وخطر الاندثار,2,1457,100.0
668337,AJA,بيتهوفن.. الموسيقار العبقري,1,409,100.0
668328,AJA,عازف للموسيقى الأوروبية بإحساس عربي,1,707,100.0
668327,AJA,إماراتي يسخّر فنه لحماية الطبيعة,1,449,100.0
668298,AJA,فنان لبناني يعشق العود والتلحين,1,569,100.0
668288,AJA,الفن العربي مصدر إلهام فنان هندي,1,563,100.0
668187,AJA,رسالة فن النحت,1,652,100.0
668159,AJD,ديوانيات الكويت,1,3071,100.0
668136,AJD,فاس البالي,1,3211,100.0
668126,AJD,فلسطين.. ذكريات النكبة,1,949,100.0
667775,AJA,من بغداد إلى ستوكهولم,1,3052,100.0
667722,AJD,ركبُ 300 عام,1,857,100.0
667373,AJA,اختبار الجنسية الألمانية ومعاداة السامية,1,1528,100.0
667323,AJA,حزب الله بين الفكرين السياسي والديني,1,2759,100.0
667252,AJA,إسرائيل العنصرية.. وحق العودة,1,2707,100.0
667222,AJA,صراع الحلفاء في النظام العالمي الجديد,1,2743,100.0
667106,AJA,العولمة.. جدل الرأسمال والسياسة,1,1628,100.0
658438,AJA,جالاوي .. مناصرة الشعب العراقي,1,1440,100.0
658419,AJA,صورة أفريقيا في الإعلام الغربي,1,1695,100.0
658402,AJA,زراعة الحشيشة في لبنان,1,2845,100.0
658043,AJA,جدل الرسوم المسيئة وتواطؤ صحف عربية,1,1583,100.0
657900,AJA,القمة العربية بالدوحة والآمال المعقودة عليها,1,3008,100.0
657799,AJA,فارس الركح.. عبد الحق الزروالي (المغرب),2,2790,100.0
657794,AJA,وما زال الاحتجاج مستمرا,1,2828,100.0
657792,AJA,"""وكل الجهات جنوب""",1,2866,100.0
657787,AJA,كم لنا,1,2960,100.0
657780,AJA,إتفرج يا سلام,1,2822,100.0
657757,AJA,النكبة.. حق يأبى النسيان - الجزء 3,1,2918,100.0
657750,AJA,خرج ولم يعد.. أوراق من ملفات الصمت,1,2935,100.0
657705,AJA,الهروب السياسي من المغرب,1,2685,100.0
648032,Originals,التنظيم الإداري,1,572,100.0
642262,AJA,عرب وجولف وسياسة,1,2824,100.0
641116,AJD,نيروبي,1,1577,100.0
637805,AJA,هل كان استقلال تونس منقوصا؟,1,2900,100.0
632125,AJA,تراث المغرب.. ذكرى سنوية لا تغيب,1,1357,100.0
632012,AJA,مكتبة الكونغرس: الدفتر الذهبي للمعرفة,1,2113,100.0
631095,AJA,أحمد مصطفى.. المبهج في المنهج,1,1533,100.0
631078,AJA,السياسة الخليجية بعد عام ساخن,1,2845,100.0
630983,AJA,أحمد مصطفى.. مقدمة في خط المقلة,1,1533,100.0
630776,AJD,خطر غصن القنا.. اليمن,1,809,100.0
630727,AJD,رمضان جانا.. مصر,1,799,100.0
630695,AJD,مقهى جروبي القاهرة  - مصر,1,863,100.0
630616,AJA,انتشار ظاهرة التعصب الرياضي,1,2987,100.0
630534,Other,الأرق الوراثي المميت,1,603,100.0
630487,AJD,السيرة الهلالية - الجزء 4,1,810,100.0
630439,AJD,مقهى فرنسا.. مراكش - المغرب,1,839,100.0
630437,AJD,مقهى المرابط.. المدينة العتيقة - تونس,1,824,100.0
630435,AJD,مقهى الشابندر.. بغداد - العراق,1,828,100.0
630434,AJD,مقهى بروطة.. تونس - القيروان,1,803,100.0
630433,AJD,مقهى الحافة.. طنجة - المغرب,1,774,100.0
630431,AJD,مقهى باليما.. الرباط - المغرب,1,843,100.0
630430,AJD,مقهى بدران.. الخليل - فلسطين,1,819,100.0
630429,AJD,مقهى التل.. طرابلس - لبنان,1,817,100.0
630411,AJD,راحلة.. المغرب,1,799,100.0
630391,AJA,عمر أبو ريشة.. شاعر الحب والوطنية,1,1266,100.0
630380,AJA,العبقرية المنسية: قصة إبراهيم السامرائي,1,1396,100.0
630312,AJD,مقهى بعرة وجلابو- القاهرة - مصر,1,807,100.0
630265,AJA,خالد فهمي.. مشروع الحكم السلالي,1,3024,100.0
630090,AJA,فيرنر هرتزوغ.. المخرج عاشق الصحراء,1,2818,100.0
630041,AJD,مقهى فرنسا.. الصويرة - المغرب,1,712,100.0
630021,AJD,مقهى ريش.. القاهرة - مصر,1,979,100.0
630020,AJD,مقهى المغربي.. السلط - الأردن,1,823,100.0
630019,AJD,مقهى الوطن.. الدار البيضاء - المغرب,1,811,100.0
630018,AJD,مقهى سيدي عمارة.. الحلفاوين - تونس,1,806,100.0
630017,AJD,مقهى الزهاوي.. بغداد - العراق,1,828,100.0
630016,AJD,مقهى شقير.. عمّان - الأردن,1,822,100.0
630014,AJD,مقهى سيد درويش الإسكندرية - مصر,2,746,100.0
630013,AJD,مقهى زهرة البستان القاهرة - مصر,1,748,100.0
629892,AJA,الشاعر زكي مبارك وانتقاده أدباء عصره,1,1449,100.0
629627,AJA,"إعلامي ""يبشر"" بسقوط أنظمة عربية",2,1520,100.0
629615,AJA,قضية رقم 23 والاتهام بالعمالة,1,1499,100.0
629587,AJA,أولاد حارتنا .. إسقاط ديني أم سياسي؟,1,1541,100.0
629422,AJA,أردوغان إلى ولاية جديدة,1,1529,100.0
629380,AJA,متاحف فرنسا تستخدم الأرقام العربية,3,1506,100.0
629333,AJA,هل أباحت إسبانيا معاشرة الحيوانات جنسيا؟,2,1519,100.0
629301,AJA,اتفاقيات السلام بين العرب وإسرائيل,1,1501,100.0
629229,AJA,إبراهيم عبد المجيد.. الإسكندرية أين؟,1,1536,100.0
629136,AJA,الوديعة,1,2825,100.0
628471,AJA,عرب كوبا وتحديات الهوية,1,2889,100.0
627943,AJA,طاجيكستان,1,3914,100.0
627889,AJA,سوريا.. الجرح الغائر في جسد الأمة,1,2863,100.0
627873,AJA,غزوة بدر.. فرقان ونصر وعبر,1,5402,100.0
630099,AJA,الإباضية.. جذور قديمة وحضور معاصر,4,3007,99.9916860658464
636901,AJA,محاربة الفساد وسداد الديون,3,2847,99.9882917691137
765603,AJA,في حضرة القرآن,2,3264,99.984681372549
843748,AJA,برويز مشرف.. قصة صعود جنرال باكستاني,4,1589,99.9842668344871
657895,AJA,وطن عربي.. بلا قمر مضيء,2,3032,99.9835092348285
849723,AJA,الهند تستفيد من عولمة الاتصالات الدولية,4,1492,99.9832439678284
677592,AJA,الفصائل الفلسطينية وفرص التهدئة مع إسرائيل,2,2927,99.9829176631363
826679,AJA,العراق بين الفيدرالية والوحدة,2,2833,99.9823508648076
826681,AJA,لجان التحقيق الأممية والتدخل الخارجي,2,2818,99.9822569198013
628686,AJA,من ثورة 1958 إلى حرب 1975,2,2708,99.9815361890694
771023,AJA,المقاومة العراقية بمواجهة الاحتلال الأميركي,2,2652,99.9811463046757
657832,AJA,السيطرة على مصراتة,3,2921,99.9771767659477
837576,AJA,ضريبة الانتماء السياسي,5,2608,99.9769938650307
817950,AJA,شمولية الإسلام.. نشأة الفكرة ومستقبلها,1,4202,99.9762018086625
735457,AJA,تغيّر الفتوى بين الضرورة وحكم الهوى,1,4116,99.9757045675413
657884,AJA,سقوط البريقة ومقتل القذافي,3,2607,99.9744278225291
625928,AJD,سنوات الشاذلي بن جديد,1,3106,99.967804249839
818048,AJA,الدبلوماسي المنفي,1,3098,99.9677211103938
818040,AJA,تضحيات ممرضة فرنسية في فيتنام,1,3079,99.9675219227022
818039,AJA,أكثم نعيسة.. المناضل من أجل الحرية,1,3009,99.966766367564
818027,AJA,أول امرأة تخطف طائرة,1,3006,99.9667332002661
631028,AJA,مطالب أقباط مصر,1,2988,99.9665327978581
657833,AJA,ثورة 17 فبراير ضد القذافي,1,2987,99.9665215935721
818026,AJA,فرنسي يؤرخ للعراق والشيعة,1,2985,99.9664991624791
730110,AJA,أطفال سوريا المصدومون,2,1479,99.9661933739013
628747,AJA,حروب الدعاية الأمريكية.. مفارقة البدء والمنتهى,1,2954,99.9661475964793
752955,AJA,زواج المال والسياسة,2,1457,99.9656829100892
667835,AJD,العقيد السراج .. رجل الرعب,2,2900,99.9655172413793
683085,AJA,فسيفساء,1,2886,99.96534996535
683077,AJA,بين الرمضاء والنار,1,2883,99.9653139091224
683078,AJA,صفارة الحكم,1,2868,99.9651324965132
774722,AJA,شهادة بوطالب على العصر تثير الجدل,1,2805,99.9643493761141
678024,AJA,تطلعات موريتانيا للديمقراطية,1,2799,99.9642729546267
683150,AJA,ميشال صباح.. مناهضة الاحتلال,1,2735,99.963436928702
817939,AJA,كيف نتعامل مع القرآن؟,1,2729,99.9633565408575
776771,AJA,التحالف الإسلامي العلماني في تونس,1,2725,99.9633027522936
657830,AJA,حقيقة الدعم الخارجي للثورة,1,2721,99.9632488055862
818044,AJA,النفط.. من نعمة إلى نقمة,1,2716,99.9631811487482
851091,AJA,جدوى الحوار الأميركي العربي,1,2704,99.9630177514793
628262,AJA,مسلمو تايلند.. من التهميش إلى الاندماج,1,2696,99.9629080118694
683615,AJA,المبدعون,1,2687,99.9627837737253
685804,AJA,واقع السلاح والمصالحة الفلسطينية,1,2613,99.9617298124761
845175,AJA,"""ناطوري كارتا"".. يهود ضد إسرائيل والصهيونية",2,4246,99.9528968440886
641004,AJA,الإطاحة بالمعارضين وقادة الحزب,5,2944,99.9524456521739
684319,AJA,كيف تروج لمجزرة؟.. الحلقة الثانية,2,2957,99.9492729117349
657828,AJA,روح الثائرين.. كيف صمدوا؟,2,2667,99.9437570303712
764760,AJA,التوتر بين المسلمين والمجتمع الهولندي,1,1725,99.9420289855072
721974,AJA,الانتخابات العراقية وتقسيم اللوائح,2,2477,99.9394428744449
725029,AJA,العرب والقنبلة النووية الباكستانية,2,5693,99.9385209906903
667132,AJA,من أجل صهيون,2,1612,99.9379652605459
818010,AJA,قصة اختطاف صحفي فرنسي في العراق,1,3104,99.9355670103093
629195,AJA,عبد العزيز ناصر.. وتر في الجسرة,1,1551,99.9355254674404
628178,AJA,مهندسة لبنانية تتألق في كندا,1,1539,99.9350227420403
840701,AJA,دراماهُن.. الحصاد,1,1518,99.9341238471673
843687,AJA,الهجرة العربية إلى اليونان,1,1516,99.934036939314
724747,AJA,مدينة ألمانية في أحضان رومانية,1,1505,99.9335548172757
677898,AJA,عودة طالبان وتحديات الحكم,1,3008,99.9335106382979
678035,AJA,تونس وتطورات الأوضاع,1,2982,99.9329309188464
667218,AJA,السعودية والمصالح الأميركية,3,2469,99.9324962872958
722252,AJA,تركيا وأوروبا.. جدل حول إعادة المقاتلين الأجانب,1,2953,99.9322722654927
708021,AJA,كرواتيا.. حديقة زغرب النباتية,2,1462,99.9316005471956
678185,AJA,الشرطة في دول ثورات الربيع العربي,1,2912,99.9313186813187
764704,AJA,مشروع قانون بلجيكي لحظر الحجاب,1,1437,99.9304105775922
683582,AJA,حفتر ومحاولات الانقلاب في ليبيا,2,2854,99.9299229152067
764764,AJA,المعركة من أجل العدالة في البوسنة,1,1422,99.929676511955
684147,AJA,كردستان العراق والأزمات الداخلية والخارجية,1,1418,99.9294781382228
837236,AJA,وول ستريت والسباق الرئاسي,1,1416,99.9293785310734
765162,AJA,المدونون في موريتانيا,1,1391,99.9281092739037
628672,AJA,أوراق سجنية,1,2782,99.9281092739037
683145,AJA,ميشال صباح.. التعايش الديني في القدس,1,2777,99.9279798343536
667231,AJA,الحكم في الإسلام بين الأصول والواقع,1,2763,99.9276149113283
749395,AJA,الإيمان والنصر,1,2758,99.9274836838289
818035,AJA,ولد ابّاه.. مسيرة علمية وسياسية حافلة,1,2734,99.9268471104609
627837,AJA,الثقافة العربية الإسلامية والعولمة,1,5421,99.9262128758532
818030,AJA,مكافأة بالإعدام,1,2590,99.9227799227799
683884,AJA,قصة الحرف العصي في اللغة العربية,1,1263,99.9208234362629
842666,AJA,رواندا بعد الإبادة الجماعية,3,1260,99.9206349206349
630467,AJD,عائلة سكاف.. تحولات من أجل النفوذ,2,3041,99.9177902005919
836898,AJA,أثينا.. عودة الروح,1,1207,99.917149958575
801196,Other,ترامب بالرياض.. ومحاولة لاغتيال محمد السنوار,4,563,99.911190053286
657821,AJA,الصيادون سلاح البحرية الليبي,2,2752,99.9091569767442
728439,AJA,الإخوان المسلمون والثورة السورية,3,1442,99.9075358298659
818025,AJA,عائلة الخالصي في مواجهة المحتلين,1,3142,99.9045194143857
721972,AJA,العراقيون والمخاوف الأمنية,2,1571,99.9045194143857
629528,AJA,بوتين يتجه لرفع الحظر عن صحيح البخاري,2,1530,99.9019607843137
706267,AJA,واقع النفوذ الأميركي في المنطقة,1,2979,99.8992950654582
631033,AJA,السودان وآفاق المستقبل,1,2947,99.8982015609094
683066,AJA,حزب الكنبة,1,2893,99.896301417214
685837,Other,جناح صهيون,2,476,99.8949579831933
823841,Other,بريطانيا تريد الرجوع,1,906,99.8896247240618
630780,AJD,خربوشة.. المغرب,2,878,99.8861047835991
843696,AJA,قبيلة الشحوح في جزيرة مسندم الجبلية,1,2563,99.8829496683574
839845,AJA,المخطوطات العربية في سانت بطرسبورغ,1,2530,99.8814229249012
744183,AJA,أسس سياسة قطر الخارجية,3,3079,99.8809137165746
678240,AJA,واقع الثورة السورية بعد 10 سنوات,1,3120,99.8717948717949
665282,AJA,التبادل - الجزء 2,1,3017,99.8674179648658
818049,AJA,مختطفة طائرة سابينا,2,2990,99.866220735786
631123,AJA,عبد العزيز ناصر.. وتر قطر,1,1492,99.8659517426273
817964,AJA,الأزمة السورية.. اختبار للدبلوماسية الدولية,1,1491,99.8658618376928
839813,AJA,تيمور الشرقية وحرب العصابات,1,1486,99.8654104979812
764747,AJA,الصواريخ الحوثية,1,2897,99.8619261304798
818057,AJA,صدى الإسلام في قلوب الأوروبيين,1,2886,99.8613998613999
628207,AJA,مخاطر الحرب الروسية الأوكرانية على أوروبا,1,2860,99.8601398601399
627875,AJA,دلالات التعبئة الجزئية للجيش الروسي,1,2809,99.8576005695977
658033,AJA,في حضرة القنوات الدينية,2,1651,99.8485766202302
847324,Originals,متلازمة غزة,1,1312,99.8475609756098
630284,AJA,مرثية مالك بن الريب,2,1294,99.8454404945904
688792,AJD,اليوم مرآة الأمس,1,1897,99.8418555614128
833447,AJA,رجب طيب أردوغان.. الثورة الصامتة في تركيا,1,3108,99.8391248391248
683863,AJA,البحتري صاحب أفضل قصيدة سينية,1,1231,99.8375304630382
683104,AJA,من الناصرية إلى الحركة الإسلامية,1,2911,99.8282377189969
678143,AJA,تركيا.. تحديات ما بعد الانقلاب الفاشل,1,2887,99.8268098372013
818024,AJA,عائشة الوافي والدة متهم في هجمات 11 سبتمبر,2,2878,99.8262682418346
630335,AJD,حكايات شعبية.. بني وطني,3,767,99.8261625380269
843776,AJA,أليس فيكم ريما خلف؟,2,1406,99.8221906116643
688790,AJD,فريق واحد ووجهان,1,1675,99.8208955223881
777146,Other,"حرب نتنياهو المزعومة ضد ""الدولة العميقة""",1,556,99.8201438848921
657851,AJA,تراجع الهجوم والسيطرة على الميدان,2,2749,99.8181156784285
667130,AJA,دور الترجمة في التواصل بين الحضارات,1,1626,99.8154981549816
630520,Other,استثمار مربح ومخاطر قليلة,1,537,99.8137802607076
770951,Other,سكين ترامب,1,534,99.812734082397
818611,AJA,أحداث القبائل في الجزائر,1,5308,99.8116051243406
848950,AJA,سقوط بغداد ومسؤولية القيادات الأمنية,3,5352,99.8069257598406
773609,Other,جريمة قطع النسل,1,517,99.8065764023211
762816,Other,إسرائيل تتربص بالجيش المصري في سيناء,1,516,99.8062015503876
716082,AJA,حماس.. نظام الانتخاب في الحركة,1,3073,99.8047510575984
697827,Other,الفتاة الجزائرية المناضلة,3,488,99.7950819672131
685840,Other,أسرار سديه تيمان,1,475,99.7894736842105
685760,AJA,التوتر الفلسطيني الأردني,5,3029,99.7887091449323
739980,Other,دعوات رسمية إسرائيلية لاحتلال الضفة الغربية,1,472,99.7881355932203
743634,AJD,المسرح المصري - الجزء 1,1,3267,99.7857361493725
667107,AJA,لبنان المعاصر.. تاريخ ومجتمع,2,1627,99.7848801475108
770005,AJD,جمهورية التحرير,1,2726,99.7798972853999
704759,Other,الرد الإسرائيلي على إيران.. الشروط والأحكام,1,438,99.7716894977169
657820,AJA,معارك الثوار مع قوات القذافي,3,2771,99.771442319259
678196,AJA,حكومة بنكيران بعد سنوات في السلطة,5,2952,99.769647696477
701616,AJA,الفرزدق.. أحد أعلام الشعر بعصر بني أمية,1,1298,99.768875192604
692479,Other,كيف بدأت الكنيسة البروتستانتية؟,2,1064,99.765037593985
776019,LIVE,طفل بالبصيرة,1,1684,99.7624703087886
765957,Other,نتنياهو يغدر بالأسرى.. فماذا عن ابنه العاق؟,1,412,99.7572815533981
667192,AJA,الصراع على الإسلام,1,1622,99.7533908754624
719081,Other,إسرائيل بعد فوز ترامب,2,405,99.7530864197531
631135,AJA,علي الفياض.. أرشيف الرحيل,1,1552,99.7422680412371
629461,AJA,ترجمان الآفاق,1,1543,99.7407647440052
686005,AJD,حنين,1,1539,99.7400909681611
830983,AJA,من يحاسب الأجهزة الأمنية والعسكرية العربية؟,2,2871,99.7387669801463
628297,AJA,مصمم أزياء فلسطيني يتألق بميلانو,1,1490,99.7315436241611
628135,AJA,موسكو وبكين وواشنطن وهدف القيادة العالمية,1,2966,99.7302764666217
697828,Other,سيدة تلغي نظام الفصل العنصري,1,365,99.7260273972603
629352,AJA,لبناني يمتلك مناجم ذهب بأميركا,1,1457,99.7254632807138
697129,Other,نافورة جدة وخدعة الحرب,2,362,99.7237569060773
627870,AJA,هل يفرض بوتين نظاما عالميا جديدا؟,1,2869,99.7211571976298
707012,AJA,إيمانويل ماكرون والإسلاموفوبيا,1,2782,99.7124370956147
720162,AJA,مجلس الحكم العراقي,1,3098,99.7094899935442
766497,Other,اغتيال بمعجون أسنان,3,435,99.6934865900383
658387,AJA,الاقتصاد التشاركي بالسوق الصيني,1,1276,99.6865203761756
830542,AJA,أبعاد تسليح الجيوش العربية,1,2868,99.6861924686193
716158,Other,جواسيس إيران في إسرائيل,2,476,99.6848739495798
808480,AJA,غرفة التحكم,1,4022,99.6767777225261
758995,AJA,ظروف اعتقال مرعبة يعيشها حسام أبو صفية,1,306,99.6732026143791
629463,AJA,"""الفتنة"" لماذا وجهت إليه اتهامات؟",1,1189,99.663582842725
716052,Other,اتفاق الطائف 1989,1,279,99.6415770609319
806335,AJA,مشاركة العرب في حروب أميركا,1,2771,99.6391194514616
683228,AJA,رؤية بورقيبة لهوية الدولة التونسية,2,3007,99.6341868972398
725554,AJA,بالفيديو.. جنود إسرائيليون يدنسون كنيسة بلبنان,2,270,99.6296296296296
648031,Originals,صلة الرحم,1,527,99.6204933586338
812273,AJA,أجهزة آبل المنهوبة تفضح سارقيها,1,263,99.6197718631179
630594,AJD,الغُفُل.. السودان,1,766,99.6083550913838
728478,AJA,أقصر حكومة في تاريخ فرنسا,2,254,99.6062992125984
805912,AJA,فلسطين في قلوب إيطالية,1,2993,99.5990644837955
712941,Other,كيف هيمنت أميركا على اقتصاد العالم؟,2,496,99.5967741935484
628031,AJA,المعركة التي لا تنتهي أبدا - الجزء 2,1,2939,99.5916978564137
670095,Other,إسرائيل والضربة الصينية القاضية,1,974,99.5893223819302
818047,AJA,الحركة العربية السرية.. آمال وتطلعات,1,2863,99.5808592385609
689576,Other,إقالة غالانت.. القرار المؤجل,1,470,99.5744680851064
772523,LIVE,الذبابة القاتلة,1,1869,99.5719636169074
777176,Other,عمورية.. قصة فتح أطلقته صرخة استغاثة,1,233,99.5708154506438
697805,AJD,سينما الراكوبة,1,2984,99.5643431635389
725446,Other,الصراع الإسرائيلي الداخلي بين الحكومة والشاباك,1,458,99.5633187772926
636911,AJA,العلاقات الدولية الماليزية,2,2993,99.54894754427
728835,Other,دونالد ترامب.. جحيم قادم إلى الشرق الأوسط,1,443,99.548532731377
735433,AJA,العراق بعد عام على الغزو الأميركي,1,4183,99.5457805402821
709092,Other,لا مكان للعرب,1,439,99.5444191343963
683305,AJA,حصار مدينة بيهاتش,2,2929,99.5390918402185
697194,Other,فاتورة جنوب لبنان,1,425,99.5294117647059
629446,AJA,أسئلة الثورة ومجتمعات تحريم الكلمة,1,1480,99.527027027027
743150,Other,صفقة غزة.. لماذا وافق بنيامين نتنياهو الآن؟,1,626,99.5207667731629
697833,Other,التانغو سلاح للمقاومة,1,415,99.5180722891566
630693,AJD,مقهى الهموز.. نابلس - فلسطين,2,820,99.5121951219512
726031,Other,استسلام إسرائيلي في لبنان مع عزل غزة,1,402,99.5024875621891
626227,AJA,كيف نفهم الابتلاءات والنوازل؟,1,3000,99.5
752559,AJD,ألبوم الحجر,1,1787,99.4963626189144
830445,AJA,عبد الرحمن السميط.. الإسلام في قرى إفريقيا,3,2778,99.4960403167747
776014,Other,نتنياهو يقصف غزة كعربون محبة لبن غفير,1,585,99.4871794871795
629613,AJA,العرب والفكر التاريخي.. مشروع الحداثة,1,1493,99.4641661085064
815117,AJD,زيارة القرش الحوت,2,2896,99.4475138121547
637950,AJA,دعائم السياسة الخارجية,3,2509,99.4420087684337
735334,Other,في بلاد الأناضول.. مداخن العفاريت,1,1064,99.4360902255639
815044,AJA,طبيب الإنسانية في مخيمات اللاجئين,1,2976,99.4287634408602
701024,AJA,الخميس الأسود واستقالة الوزراء,1,2777,99.423838674829
670094,Other,جنون في سوق الذهب,2,857,99.416569428238
764736,AJA,تركيا.. الجمهورية الثانية,1,3008,99.4015957446808
683181,AJA,نذير رشيد.. مسيرة معارض أصبح مديرا للمخابرات,1,2813,99.3956629932457
830444,AJA,قصة شركة الخليفة الجزائرية,1,1633,99.3876301285977
630608,AJA,عبد الواحد الوكيل .. فلسفة الطراز المعماري,1,2938,99.3873383253914
738996,AJA,إعلان استقلال الجزائر,1,2713,99.3733873940288
632154,AJA,سامي العريان .. السياسات العالمية,2,3090,99.3689320388349
769997,Other,طبول الحرب,1,475,99.3684210526316
784345,Other,أهوال يوم القيامة في غزة,1,633,99.3680884676145
701696,Other,زعرنات إسرائيلية!,1,474,99.3670886075949
772637,Other,الصفعة,1,472,99.364406779661
686009,Other,الحملة البريطانية ضد قواسم رأس الخيمة,2,391,99.3606138107417
778299,Other,السفرجلية الحلبية,1,312,99.3589743589744
630507,Other,الاستثمار في القطاع الخدمي,1,611,99.3453355155483
766877,Other,إسرائيل تخشى مصر,1,458,99.3449781659389
724432,Other,مطلوبان للعدالة,1,458,99.3449781659389
699122,Other,إسرائيل.. عام من الانتصارات الوهمية,1,453,99.3377483443709
740815,Other,لبنان ينتخب رئيسه وإسرائيل تكشف موقع المعتقلين,1,451,99.3348115299335
626116,AJA,تزكية النفس.. بين حب الدنيا وطلب الآخرة,1,3002,99.3337774816789
727610,Other,الميّة العكرة,1,450,99.3333333333333
701027,AJA,أحداث قفصة وجدل التعريب,1,3110,99.3247588424437
711862,Other,شهادة العالم على إعدام جباليا وسكانها,1,443,99.3227990970655
693964,Other,نتنياهو يجر إسرائيل بعناد نحو حرب لبنان,1,442,99.3212669683258
768651,Other,الخطة المصرية,1,438,99.3150684931507
722692,Other,رياح قيسارية,1,434,99.3087557603687
752610,AJD,سلطان الأطرش.. ثورة مُرَقّعي العِبِيْ,1,3255,99.2933947772657
630438,AJD,"مقهى ""صليبا"" تاريخ ووئام من قلب لبنان",2,848,99.2924528301887
685839,Other,أيام مصيرية,1,421,99.2874109263658
743759,Other,صفقة وتحريض على الأسرى!,1,558,99.2831541218638
818079,AJA,تداعيات الأزمة الاقتصادية على البرتغال,2,1502,99.2676431424767
754382,AJA,ديب سيك الصيني.. لماذا يخشاه الغرب؟,2,1346,99.2570579494799
637770,AJA,معارضة التسوية مع إسرائيل,1,2675,99.2523364485981
818034,AJA,المحجوبي أحرضان.. التمسك بالهوية والولاء للوطن,1,2650,99.2452830188679
716413,AJA,"حصاد ""بلا حدود"" 2014",1,3087,99.2225461613217
815050,AJA,خالد نزار.. الجيش الجزائري والمشهد السياسي,1,3055,99.2144026186579
837812,AJA,كندا تعتزم الاعتراف بدولة فلسطين,9,265,99.2033542976939
630207,AJA,بن علي يلدرم .. شريك النهضة التركية,2,2887,99.2033252511257
631018,AJA,انتشار القاعدة في اليمن ومستقبلها,1,2971,99.1921911814204
788463,Other,كارثة الرحلة 763... خفايا الصندوق الأسود,1,371,99.1913746630728
815052,AJA,عبد الكريم الخطيب.. الجرّاح المناضل ضد الاستعمار,1,3089,99.1906765943671
682455,Other,ما دور السعودية في وقف الحرب الأهلية في لبنان؟,2,656,99.1615853658537
766491,Other,سر غرق عبارة السلام المصرية,4,562,99.1548042704626
697834,Other,الراهبتان المناضلتان,1,465,99.1397849462366
718192,Other,إقالة غالانت,1,453,99.1169977924945
685784,AJA,مشاركة دولية في الجريمة,2,2970,99.1077441077441
756716,Other,أحلام إسرائيل الوردية بتهجير سكان قطاع غزة,1,446,99.1031390134529
683567,AJA,الخلاف مع مصر والإمارات,2,1411,99.078667611623
734962,AJA,الوضع الإنساني في سوريا,1,1507,99.07100199071
637816,AJA,نفوذ زوجة بورقيبة,2,3004,99.034620505992
758908,AJD,الشيخ حافظ خليل إبراهيم,3,919,99.0206746463547
668346,AJA,عود روحانا وتراث الفن العربي,2,714,99.0196078431373
814095,AJA,ليبية في قائمة أشجع نساء العالم,1,1379,98.9847715736041
682456,Other,اختطاف طائرة الجابرية,1,393,98.9821882951654
722883,AJA,احتلال مجلس الوزراء وحصار القصر الجمهوري,1,3045,98.9819376026273
817937,AJA,المسيحيون والربيع العربي,1,1571,98.9815404201146
742268,Other,من الفقر إلى السلطة: رحلة العلويين في سوريا,2,147,98.9795918367347
825909,AJA,أفغانستان.. بين طالبان والقوات الأجنبية,1,1551,98.9684074790458
721968,AJD,بيروت - بوينوس آيرس - بيروت,1,4361,98.9681265764733
733745,Other,زيارة سرية إلى الأردن,1,387,98.9664082687338
678345,AJA,الوجود الأميركي في العراق,2,2886,98.960498960499
732787,AJA,سوريا الجديدة وضرورة إعادة النظر بالقرار 2254,3,256,98.9583333333333
630738,AJD,المشهد الأخير.. مازن ونائل,1,1711,98.947983635301
837287,AJD,إملشيل.. موسم الزواج,1,3026,98.9424983476537
738994,AJA,دور الطلبة في الثورة الجزائرية,1,2774,98.9185291997116
683601,AJA,شاعر القطرين خليل مطران,2,1378,98.911465892598
787156,AJA,حرب داخل الحرب: تدمير المعالم الأثرية بغزة,1,1831,98.9077007099945
766488,Other,طرد إسرائيل من كأس آسيا,3,425,98.9019607843137
830966,AJA,الانتخابات الفرنسية ودور العرب,1,1533,98.8910632746249
683612,AJA,أبو الأسود الدؤلي.. مؤسس علم النحو,2,1317,98.8610478359909
840083,AJA,القضية القبرصية,2,1691,98.8468361916026
809127,AJA,خطط استرجاع آثار مصر المنهوبة,1,2849,98.8416988416988
824050,AJA,أوروبا وملفات الشرق الأوسط,1,1451,98.828394210889
637876,AJA,في طريق الثورة,2,2820,98.758865248227
701621,AJA,إبراهيم طوقان.. بلاغةٌ وظرافة,3,1457,98.718828643331
630320,AJA,الإخفاء القسري في العالم العربي,1,1544,98.7046632124352
702498,AJA,السيارات الذاتية القيادة ومخاوف السلامة,1,1373,98.6890021849964
658385,AJA,مصدر سري.. البحث عن حقيقة ووترغيت,1,1654,98.6698911729141
667764,Other,آخر هبّة,2,372,98.6559139784946
686011,Other,لونة الشبل.. السيدة الثانية,1,889,98.6501687289089
722047,AJA,بعد خسارته من يوتيوبر.. ماذا قال تايسون؟,5,276,98.6231884057971
792724,AJA,عزمي بشارة.. مأزق النهضة وعلة الحداثة,1,1452,98.6225895316804
667718,Other,الكهرباء الساكنة,11,283,98.6186957918407
678182,AJA,البوسنة وتحديات المستقبل,1,2675,98.6168224299065
658445,AJA,كنفاني الثقافية.. التعليم من أجل التمكين,1,1575,98.6031746031746
839841,AJA,الملك محمد السادس ومعالجة انتهاكات الماضي,3,2569,98.5727260931621
629882,AJA,المرأة السورية في المستشفيات الميدانية,2,1452,98.5537190082645
682897,AJA,سوريا.. جزء 2,2,1417,98.5532815808045
637853,AJA,الجليل .. أشهر عملية تحرير للأسرى,1,3102,98.5170857511283
814490,AJA,إريتريا والتدخل الإثيوبي في الصومال,1,2892,98.5131396957123
697829,Other,من العبودية إلى رئاسة البرلمان,1,397,98.4886649874055
628703,AJA,الحاج أمين الحسيني.. العملية أطلس,3,2912,98.4775641025641
658383,AJA,الثراء الإعلامي الفلسطيني,1,1642,98.4774665042631
683584,AJA,عن الخطاط هاشم البغدادي,1,1504,98.4707446808511
700986,AJA,الخميس الأسود 1978,1,2780,98.4532374100719
682904,AJA,دبي.. جزء 2,1,1528,98.4293193717277
658414,AJA,الهوية العربية في الإعلانات التجارية,1,1636,98.4107579462103
792718,AJA,خير الدين حسيب ج3,1,1569,98.4066284257489
766498,Other,تفجير أبراج الخبر,5,414,98.4057971014493
716207,AJA,جزر القمر وسباق الاستثمارات,1,1491,98.3903420523139
632140,AJA,المحنة وفتنة خلق القرآن,1,1531,98.3670803396473
678173,AJA,عائلة الحسيني.. تاريخ نضال فلسطيني,1,2789,98.3506633201864
800789,AJA,الملف الإيراني يبن البيت الأبيض والكونغرس,2,3333,98.3498349834983
683879,AJA,"قصة مثل ""أذكى من إياس""",1,1328,98.3433734939759
694662,Other,مليونير مليونير,1,600,98.3333333333333
818602,AJA,طائرة تلتقط الصور من الجو بدقة,1,1371,98.3223924142961
735283,Other,رحلة الإعارة في الخليج,1,417,98.3213429256595
640946,AJA,العرب في المهرجانات العالمية,1,1284,98.2866043613707
688748,Other,تأكل نفسك,2,494,98.2793522267206
777488,Other,القدرة الغزاوية,1,560,98.2142857142857
678322,AJA,جولة رايس في الشرق الأوسط,1,2748,98.1804949053857
658459,AJA,زوجان فرنسيان في مصر القديمة,1,1580,98.1645569620253
630565,Other,مقاومة النسيان.. خطوة بخطوة,1,542,98.1549815498155
678246,AJA,تونس: بين الآمال والتحديات,2,2921,98.1342006162273
668292,AJA,رشيد الضعيف ورواية البساطة,1,692,98.121387283237
685241,Other,حاسوب صخر,3,429,98.0574980574981
637951,AJA,مصادر معلومات الاستخبارات اللبنانية,12,1609,98.0526206753677
629196,AJA,هشام جعيط.. خمسون عجافا مما تعدّون,1,1522,98.0289093298292
630688,AJD,سنة الطفحة,2,806,98.014888337469
766487,Other,تهريب السلاح الخليجي للمقاومة,1,402,98.0099502487562
811889,Other,السر السوري الفرنسي,5,1407,97.9957356076759
766494,Other,كيف شُكل أول مجلس أمة في تاريخ الكويت؟,2,347,97.9827089337176
725002,Other,أميركا والصين.. الوقوف على حافة الصراع,2,837,97.9689366786141
658310,AJA,إثيوبيا.. نحو اقتصاد صناعي,1,1458,97.9423868312757
687001,AJA,المهن والصناعات الرمضانية,1,1303,97.9278587874137
690570,Other,سلطان زنجبار الثائر,1,522,97.8927203065134
698610,AJA,"""ماذا علمتني الحياة؟""",2,704,97.8693181818182
687069,AJA,يعقوب صرّوف.. صاحب مجلة المقتطف,1,1351,97.8534418948927
688740,Other,التكاثر العذري,4,504,97.7678571428571
683852,AJA,الخنساء.. بكاءة بني سليم,1,1336,97.7544910179641
682454,Other,من يحمل مفتاح الكعبة المشرفة؟,2,328,97.7134146341463
697156,AJD,أفكار على حبل المشنقة,2,4165,97.6950780312125
761461,Other,نفي حماس؟,2,476,97.6890756302521
799234,Other,فتنة القرامطة,3,488,97.6775956284153
667761,Other,غابات التنمر الاجتماعي,3,371,97.6639712488769
632048,AJA,تاريخ ومعالم أم درمان,1,2366,97.6331360946746
842673,AJA,"دراجة نارية توجّه نفسها ذاتيا.. من ""بي إم دبليو""",1,1122,97.5935828877005
697917,Other,المقاتل السوداني الأسطوري,3,538,97.5836431226766
716404,AJA,الصيد في موريتانيا بين الربح والخسارة,1,1482,97.5708502024292
843701,AJA,بنين,1,2954,97.5626269465132
775131,LIVE,قصة مستور,1,2377,97.5599495161969
702829,Other,العفو السوري الجديد: حقيقة أم وهم؟,1,1215,97.5308641975309
629726,AJA,معين بسيسو.. مارد من السنابل,1,1412,97.5212464589235
697837,Other,أول طبيبة صماء في مصر,2,442,97.5113122171946
658035,AJA,ماذا وراء طفرة الفضائيات الموسيقية العربية؟,4,1668,97.4670263788969
716159,Other,الانتخابات الأميركية.. دور إيران,1,434,97.4654377880184
668351,AJA,"فرقة ""كادنس أنسانمبل""",1,550,97.4545454545455
688721,Other,الفرق بين همزة القطع وهمزة الوصل,4,196,97.4489795918367
763869,AJA,حرب 67,1,2926,97.4367737525632
716665,AJD,كوسوفو.. أرض الثقافات,1,1590,97.4213836477987
688717,Other,الممنوع من الصرف,3,294,97.3922902494331
797206,Other,قصف الظهران,2,394,97.3350253807106
683882,AJA,علية بنت المهدي والدفاع عن هارون الرشيد,1,1194,97.319932998325
773983,LIVE,أربعة متسابقين ولقب واحد.. المرحلة الأخيرة,1,3201,97.3133395813808
763590,Other,حي البيازين,16,157,97.2929936305732
843739,AJA,حرق أتباع طائفة دينية في أوغندا,1,1539,97.270955165692
667384,AJA,جدران العار - الجزء 2,1,2554,97.2200469851214
766489,Other,إسرائيل.. الدولة التي تختطف أبناء مواطنيها,2,395,97.2151898734177
697916,Other,رواية تُغيّر الواقع,2,411,97.2019464720195
641102,AJD,عميد المصورين.. خليل رعد,1,1569,97.195666029318
668375,AJD,محمد بيرم الخامس,1,1737,97.1790443293034
733213,AJA,"غابت ""روح الروح"" وتبعتها الروح.. استشهاد نبهان",4,248,97.1774193548387
682457,Other,الأزمة الدبلوماسية بين السعودية وتايلند,2,368,97.1467391304348
735590,Other,قصة شجرة الميلاد,1,1008,97.1230158730159
683241,AJA,تجربة التعاضد في الستينيات,3,2772,97.1019721019721
818716,AJD,ناديا كومانيتشي.. العملاقة الصغيرة,1,789,97.084917617237
735580,Other,السياسة في ملاعب كأس الخليج,3,305,97.0491803278689
749479,AJA,مصيدة الحكم,1,2936,97.0367847411444
716827,AJD,كرواتيا,1,1527,96.9875573018991
668291,AJD,العرس البدوي.. الأردن,1,1593,96.9868173258004
667169,AJA,تمثيلات الرواية العربية للغرب,1,1587,96.9754253308129
667717,Other,التمدد الحراري,5,249,96.9477911646586
627880,AJA,هل تتحول حرب روسيا وأوكرانيا إلى حرب عالمية؟,1,2913,96.9104016477858
788464,Other,تجارة صيد اللؤلؤ.. تراث خليجي,1,449,96.8819599109131
630546,Other,تصميم الأزياء,1,755,96.8211920529801
761786,Other,أوروبا تصرخ.. خيانة!,3,1168,96.8036529680365
766617,AJD,عبد الرحيم محمود.. أنشودة ثائر,1,1552,96.7783505154639
667771,Other,شباب الببجي,2,369,96.7479674796748
736468,AJA,التحكم المصري بالقرار السياسي في سوريا,2,2864,96.7178770949721
703596,AJA,قول العرب عن مكر الضعيف,2,1202,96.7138103161398
630098,AJD,شفيقة ومتولي.. مصر,1,818,96.6992665036675
797204,Other,سر البئر رقم 7,1,422,96.6824644549763
696347,AJA,نافذة على الميدان,1,3090,96.6666666666667
753543,AJA,الذكرى الأربعون لاستقلال الجزائر,4,2583,96.5931087882307
758916,AJD,الشيخ محمود علي البنا - مصر,1,792,96.5909090909091
685834,Other,روح الضيف الثامنة,4,462,96.482683982684
691754,AJA,"""سياسة التقوى: الإحياء الإسلامي والشخصية النسوية""",1,738,96.4769647696477
630427,AJD,مقهى فاروق الإسكندرية - مصر,2,748,96.3903743315508
701026,AJA,الإبعاد من السياسة والنفي,3,3090,96.2675296655879
843709,AJA,كنوز العراق الأثرية والثقافية.. أي مصير؟,3,1822,96.2495426271497
688767,Other,الغرق,2,260,96.1538461538462
764671,AJA,الكعبة المشرفة - الجزء 2,1,627,96.0127591706539
758915,AJD,الشيخ عبد الفتاح الشعشاعي - مصر,1,782,95.9079283887468
683710,AJA,نكهة خليجية,1,1498,95.8611481975968
630428,AJD,مقهى العالية.. سيدي بوسعيد - تونس,2,803,95.7658779576588
637948,AJA,قتل كمال جنبلاط.. لماذا؟,14,1476,95.6978319783198
668334,AJA,أزياء من النباتات!,1,1572,95.6743002544529
683300,AJA,المرأة البوسنية في الحرب,3,2979,95.6584983775316
764618,AJD,أحلامنا أحلامهم,1,2911,95.6372380625215
766502,Other,قطار الحجاز.. رحلة لم تكتمل,1,381,95.5380577427822
697942,Other,"العربي بن مبارك.. ""الجوهرة السوداء""",3,465,95.4121863799283
799890,AJA,اشتباكات عنيفة في طرابلس... ماذا جرى؟,1,277,95.3068592057762
764727,AJA,مخيم داداب,2,2864,95.1990223463687
630477,AJD,سيرة فيروز شاه,1,812,95.1970443349754
840955,AJA,مسيحيو فلسطين وانتفاضة الأقصى,2,5289,95.1881262998676
803353,AJA,القبة الذهبية.. سلاح ترامب ضد الصين وروسيا,1,331,95.166163141994
668374,AJA,الفنون والحرف العربية,1,1612,95.0992555831265
760428,LIVE,مندي الدجاج والشعرية باللبن,1,1632,95.0980392156863
668430,AJA,فساتين من ورق,1,1509,95.0960901259112
790762,AJA,بالفيديو.. مشاهد مخيفة من زلزال إسطنبول,1,242,95.0413223140496
637952,AJA,أسرار محاولة اغتيال مبارك,12,2825,95.0
668245,AJD,قطر.. صيد اللؤلؤ,1,791,94.9431099873578
631071,AJA,القدس في ظل التهويد وعملية التسوية,1,3007,94.7788493515131
798066,AJA,اقتحام الأقصى في يوم عرفة!,2,148,94.5945945945946
630524,Other,رياضة ثم فشل كلوي,1,442,94.5701357466063
808207,AJA,فوز باريس سان جيرمان بدوري الأبطال,1,313,94.5686900958466
843695,AJA,ملف المغرب لاستضافة مونديال 2006,2,2575,94.4854368932039
629728,AJA,"""كل رجال الباشا"" وكسر النمطية",4,1486,94.4650067294751
690209,AJD,ترانسفر,1,3243,94.3570767807586
628223,AJA,فنان مصري يبدع في الفن الإسلامي العربي,1,1530,94.3137254901961
826666,AJA,صياغة الدستور العراقي في ظل الاحتلال,3,2746,94.1733430444283
667709,Other,الاحتكاك,14,255,94.1456582633053
752096,Originals,الأسبوع الأول من فبراير.. رحيل الملك حسين,9,800,94.125
658396,AJA,الانتخابات التشريعية الفلسطينية في عيون الإعلام,1,1616,94.1212871287129
808590,AJA,بالفيديو.. إنقاذ شاب من الغرق,1,238,94.1176470588235
637934,AJA,لبنان بعد اغتيال الجميل,13,1644,94.1091147295527
735479,AJA,المرجعيات الشيعية والعلاقة مع واشنطن,2,4228,94.0870387890255
630710,AJD,شواء العيد,1,793,94.0731399747793
697803,AJD,الكورال,1,3179,94.023277760302
629323,AJA,عائلة نزار بنات تتهم السلطة باغتياله,4,1530,94.0032679738562
826961,AJA,بالذكاء الاصطناعي.. انتحال شخصية وزير أميركي,2,265,93.9622641509434
637895,AJA,التحكم في شؤون الحكم,33,2982,93.8408227140622
683569,AJA,تفادي الانقلاب العسكري,3,1650,93.8383838383838
806347,AJA,جمهوريات ملكية,1,2548,93.7990580847724
749478,AJA,ما تحت الطاولة,1,2815,93.7833037300178
657701,AJA,مستشار الملوك الروحي,3,2846,93.78074490513
765144,AJA,بائع المخلل - مصر,2,125,93.6
691765,AJA,اختيار الأعداء,1,635,93.5433070866142
637962,AJA,العجز الأممي أمام مجازر البوسنة,4,2855,93.5288966725044
837604,Other,الخطاط,1,386,93.5233160621762
760736,LIVE,طاجين الكفتة ومرقة الخضار.. لذة شرقية,2,1667,93.5212957408518
749464,Other,العشاء الأخير.. سقوط شاه إيران,4,550,93.5
641028,AJA,الاتفاق الثلاثي والفرز الطائفي,3,3101,93.4752230463291
630709,AJD,حكايات شعبية.. الله أكبر ما يمشيش,1,796,93.3417085427136
629880,AJA,حقوق الطفل.. واقع عمالتهم في العالم العربي,1,1357,93.2940309506264
630811,Other,البهاق.. فقدان لون البشرة,1,534,93.2584269662921
727939,AJA,جماعات الضغط والديمقراطية الأميركية,2,5266,93.2206608431447
688775,AJD,صِبا تينز - لبنان,1,1629,93.1860036832413
837641,Other,المطبعة,1,301,93.0232558139535
764378,LIVE,إسكندر كباب تركي وحلو السميد,1,1990,92.9145728643216
730202,AJA,ما بعد الأسد.. حكومة انتقالية ولا تسامح في الدماء,2,238,92.8571428571429
678000,AJA,حقوق الإنسان في العالم العربي,1,2826,92.8520877565464
691821,AJD,دجلة.. النهر الخالد,1,1583,92.7984838913455
688720,Other,"""علي"" أم ""على""؟",4,177,92.7966101694915
667756,Other,روح رياضية,3,411,92.7818329278183
683231,AJA,الأرجنتين.. مهرجانات تنبض بالحياة,3,1507,92.7670869276709
629138,AJA,ثورة رشيد عالي الكيلاني.. ثورة بزمن الحرب,3,3122,92.7610506085842
685794,AJA,الأهداف التي تحققت من الثورة التونسية,1,2891,92.7360774818402
630157,Other,كيف تؤثر في الآخرين بلا عناء؟,1,449,92.6503340757238
742266,Other,عودة اللاجئين السوريين: تحدٍ للدول المضيفة,3,280,92.6190476190476
630559,AJA,السلامة النفسية وضغوط الواقع في مجتمعاتنا العربية,1,2991,92.5442995653627
637725,AJA,ملامح المصالحة الأردنية الفلسطينية وتفاصيلها,7,2699,92.5051606415074
668418,AJA,الإبداع في تصميم الأحذية,1,1460,92.2602739726027
648023,Originals,الأسرة المسلمة,2,439,92.255125284738
765139,AJA,الخبز - سوريا,1,142,92.2535211267606
627927,AJA,من سيحكم مصر؟ - الجزء 1,2,3104,92.2519329896907
839066,Other,الثوار يستبسلون في مواجهة مركبات الأمن,1,193,92.2279792746114
648029,Originals,جبر الخواطر,1,486,92.1810699588477
629698,AJA,"""البيان الشيوعي"" عدو الرأسمالية والبرجوازية",3,1482,92.1502474134053
732712,AJA,فرنسا.. الرد الغاضب,1,1449,92.1325051759834
684266,AJA,بين قروش المالديف,2,1428,92.1218487394958
630571,Other,القولون العصبي.. أعراضه وعلاجه,2,439,91.7995444191344
724518,AJA,"هل تحمي أميركا إسرائيل بقانون ""غزو لاهاي""؟",4,284,91.7253521126761
627850,AJA,الخلافة الإسلامية وإمكانية عودتها,22,5468,91.6688834208951
706703,AJA,روسيا تسقط طائرتها الشبحية السرية بنيرانها,6,338,91.6666666666667
683670,AJA,أغاني لفلسطين.. بين مبادئ الثورة وحلم السلام,1,3134,91.6400765794512
628020,AJA,أندونيسيا.. بلاد الثروات في مواجهة الأزمات,4,1701,91.6372721928278
657631,AJA,حفيدة الزاوية البقالية.. بين الأندلس والمغرب,1,1481,91.6272788656313
766709,Other,مانسا موسى.. أغنى رجل في التاريخ,2,208,91.5865384615385
640991,AJA,نشأة أمين الجميّل وحزب الكتائب,7,3104,91.5500736377025
688709,Other,الارتباط والسببية,4,242,91.5289256198347
705862,Other,دولة يهودية في الخليج,4,549,91.4845173041894
809566,AJA,"ما سر الهوس بدمى ""لابوبو""؟",5,259,91.3513513513514
687067,AJA,مزارات العالم الأكثر إثارة ومغامرة,5,1291,91.3400464756003
628308,AJA,معادلة الطائرات المسيرة في ملفي إيران وأوكرانيا,1,2999,91.297099033011
701061,AJA,أخلاقيات الحكم في واشنطن,4,2930,91.296928327645
630719,AJD,بخنوق بنت المحاميد عيشة.. تونس,1,811,91.2453760789149
722691,Other,"""الرجل الأبيض"" يعود من جديد بفضل الأقليات!",1,1107,91.2375790424571
665786,AJA,هل يعترف ترامب بضم الجولان لإسرائيل؟,1,1494,91.231593038822
770368,AJA,سقطرى اليمنية,2,2944,91.2194293478261
628988,AJA,فنزويلا.. طريق زرياب,1,2876,91.2030598052851
701012,AJA,الأيام الأولى بعد ثورة الياسمين,3,2718,91.1945057640422
641120,AJD,جزيرة زنجبار.. آخر محطة في الرحلة,2,1608,91.1069651741294
667712,Other,الضغط,8,255,90.8333333333333
677618,AJA,"سراييفو البوسنية.. ""جنة الله على الأرض""",10,1477,90.7921462423832
814153,AJA,هل الشعوب العربية مستعبدة؟,4,3984,90.7881526104418
724790,AJA,هل استخدام صور القرود في اليابان عنصرية؟,5,227,90.7488986784141
716205,AJA,أثر النكسة في منظمة الشباب الاشتراكي,5,2894,90.6081548030408
637946,AJA,تأسيس وحدة المكافحة,12,1586,90.5895334174023
637945,AJA,استقالة منقوصة,10,1453,90.5712319339298
845174,AJA,العلاقات الأميركية بالطوائف العراقية,3,3918,90.5053598774885
806529,AJA,هل يطبع الشرع مع إسرائيل؟,1,251,90.4382470119522
763617,Other,الطيالسة.. يهود إيران,11,430,90.4228329809725
764416,AJA,مصر.. منصة تستولي على 6 مليارات دولار!,1,317,90.2208201892744
797013,AJA,تصعيد خطير بين الهند وباكستان,2,237,90.084388185654
818054,AJA,نساء المقاومة الجزائرية,1,2776,90.021613832853
715035,AJA,مصر.. أزمة الإعلان الدستوري,1,2909,89.9965623925748
628760,AJA,الحوض المنجمي 2008 - الجزء 1,1,2819,89.9964526427811
637851,AJA,إحكام الطوق الأمني مع الرئاسة,26,3070,89.9949887246304
818724,AJD,بوريس أونيشينكو.. البطل المحتال,3,754,89.8320070733864
683243,AJA,الصراع بين بورقيبة وبن يوسف,2,2972,89.821668909825
657722,AJA,صراع الوجود,2,2902,89.6795313576844
760413,Other,أول ملكة سعودية,3,573,89.6451425247237
694661,Other,الجموع... ووصفها بصفة المفرد المؤنث,7,203,89.5847994370162
698081,AJA,مقتل عرفات ج2,2,2845,89.5606326889279
629690,AJA,نيكيتا ميخالكوف .. ذكريات مخرج سينمائي,1,2874,89.4572025052192
734114,AJA,بيتر أوبورن.. ضمير الصحافة,3,4638,89.3776052896363
628169,AJA,رشيد كرامي,5,2917,89.3657867672266
688800,AJD,طبق الكشري - مصر,1,803,89.2901618929016
760417,LIVE,المحاشي وكنافة بالقشطة البلدي,1,1335,89.2134831460674
667941,AJA,تلاشي موضة القبعات الراقية,1,1488,89.1801075268817
688768,Other,الرسالة,3,278,89.0887290167866
673652,AJD,جاهين.. ذو الألف عام,2,3192,89.0820802005013
641015,AJA,أفلام داخل أفلام,3,1328,89.0813253012048
629526,AJA,ميسي وبرشلونة.. طلاق ودي ودموع,1,1525,89.0491803278689
630166,Other,التحكم في الأحلام,2,747,89.0227576974565
667757,Other,حياة فاشينيستا,6,427,88.9929742388759
688810,AJD,الخط العربي يلهم فنانا فرنسيا,2,621,88.9694041867955
630814,Other,معاناة المراهقين والبالغين مع حب الشباب,3,611,88.7070376432079
818119,AJA,تأثير الأزمات الإقليمية في أمن لبنان,2,1558,88.7034659820282
628021,AJA,الصومال.. جار باب المندب ومفتاح الأمن العربي,5,1861,88.6835034927458
629704,AJD,الأسطول الأصفر,1,2885,88.6655112651646
847325,Originals,قلوبهم شتى,1,2809,88.6080455678177
706050,AJA,"""عصابة الرضع"" قضية فساد كبرى تهز تركيا",10,235,88.5531914893617
849666,AJD,فارس لا يترجل.. الحركة الطلابية في الأردن,3,3239,88.4841000308737
849708,AJD,عندما يتحدث القلم,1,1553,88.4095299420477
668362,AJA,ابتكارات الماضي.. تحف المستقبل,1,1544,88.2124352331606
787013,AJA,العبث بدساتير دول العالم العربي,1,2832,88.1709039548023
688744,Other,الولادة,5,509,88.1335952848723
629130,AJA,البيت العراقي للإبداع.. تأهيل الأطفال المشردين,1,1353,88.10051736881
637842,AJA,واشنطن تدعم الموارنة,15,1524,88.079615048119
789880,Other,المعجزة التي أنقذت قطر,17,533,88.0256042379428
627831,AJD,قسنطينة.. مهوى الأفئدة,3,2827,87.9966985025351
686003,AJD,هروب,2,1558,87.9332477535302
680654,AJA,البرتغال.. بورتو سحر النهر والمحيط,7,1501,87.8937850956505
637937,AJA,ثورة 1964 من الجامعات السودانية,16,2827,87.8846834099752
636915,AJA,مجزرة صبرا وشاتيلا وتبعاتها,13,1553,87.7953340928228
720158,AJA,العرب بعد النكسة,9,3113,87.7717100331941
821566,Other,إيران نووية قريبا؟,12,1461,87.7709331508099
668389,AJA,الحرف اليدوية الفرنسية,1,1396,87.7507163323782
668608,AJA,هل تنتهك بريطانيا الخصوصية؟,1,2944,87.7377717391304
668132,AJD,العرس البدوي فلسطين,3,1523,87.6997154738455
821580,AJA,ترحيل مصري بسبب ركله كلب جمارك,3,246,87.6693766937669
670091,Originals,نتنياهو يصف حفر الأنفاق بالعمل غير الأخلاقي!,4,2154,87.6624883936862
629884,AJA,تحديات مواجهة سرطان الثدي,1,1461,87.5427789185489
699698,AJA,إصابة مصور الجزيرة فادي الوحيدي,7,286,87.4625374625375
727563,AJA,المنظمات غير الحكومية.. سند أم تدخل غربي؟,2,5510,87.431941923775
683787,AJA,أزمة سد النهضة,1,2942,87.3895309313392
766492,Other,قصة عدن.. من الاحتلال إلى الجلاء,5,404,87.3762376237624
630730,AJD,جفنه علم الغزل.. مصر,1,814,87.3464373464373
837648,Other,نقاشة المعادن,1,316,87.3417721518987
683290,AJA,الموقف من ثورة يوليو,4,2719,87.3023170283192
840254,AJA,"اسم ""يحيى السنوار"" يثير الغضب في ألمانيا",39,255,87.2498743086978
683239,AJA,معركة الجلاء 1961,14,2785,87.2223647088997
790131,AJA,النازية والصهيونية.. مختلفتان أم حقيقة واحدة؟,3,5199,87.125729306918
809586,Other,نمر القدس الأسود,24,614,87.1131921824104
630161,Other,السلوك العدواني وارتباطه بالجينات الوراثية,1,663,87.0286576168929
740819,Other,سر عقال الملوك وعلاقة العقال الأسود بالأندلس,10,407,86.977886977887
629649,AJA,مظفر النواب.. شاعر القصيدة المهربة,4,1479,86.9675456389452
766501,Other,متى دخلت المكيفات إلى دول الخليج؟,3,502,86.9189907038513
683041,AJA,المساء الأخير.. واقع الموريسكيين الإسبان,1,3016,86.9031830238727
683828,AJA,حليمة التي حسمت الحرب,2,1242,86.8357487922705
697304,AJA,بوريس جونسون يتهم نتنياهو بالتنصت عليه,9,210,86.8253968253968
702958,AJA,لماذا انسحبت نيجيريا من مباراتها مع ليبيا؟,8,274,86.6788321167883
802598,Other,علبة كبريت دمرت طائرة!,12,646,86.6744066047472
630684,AJD,فاطمة المعكرة.. الجزائر,4,761,86.6622864651774
725412,AJA,في الذكرى الرابعة لقناة الجزيرة,3,4995,86.5865865865866
839148,AJA,ضغوط الغرب وحرب الجنوب بالسودان,1,4395,86.575654152446
803559,AJA,خريطة القوى السياسية في الكويت,1,4450,86.5393258426966
686082,AJA,الخاتمة,7,2781,86.5053680587661
732641,AJA,القذافي يقاطع القمة العربية ويتلو بيانها,2,5334,86.3048368953881
629468,AJA,"""عندما كنا عربا"" وتاريخ إسبانيا",3,1447,86.2013360976733
837642,Other,صناعة الخوص,1,281,86.1209964412811
629107,AJA,الأحزاب الشيوعية العربية.. التأسيس,1,2854,86.0896986685354
806557,Other,أبناء الطبيبة آلاء,7,617,85.9921278073628
763874,LIVE,طحال محشو وتبولة ولقمة القاضي,1,1566,85.9514687100894
818721,AJD,معتز برشم.. القرار,2,743,85.935397039031
795477,AJA,الهند.. لغز نووي,3,1424,85.8848314606741
697843,Other,التونسية التي رُشّحت لنوبل للسلام,3,495,85.7912457912458
767750,AJD,آلام مريم,1,1589,85.7772183763373
706285,AJA,جنوب السودان وتحديات الدولار والاقتصاد,1,1448,85.7734806629834
713214,AJA,كيف سيؤثر حظر إسرائيل للأونروا على الفلسطينيين؟,4,367,85.7629427792915
637907,AJA,حرب الجبل وأزمة الفصائل الفلسطينية,4,3109,85.7510453522033
843335,AJA,الصراع السياسي في إندونيسيا,2,5184,85.7349537037037
667329,AJA,الفنانون العرب ودعم المقاومة,1,1490,85.7046979865772
761787,LIVE,الرفيسة وحلوى البراونيز,1,1936,85.6921487603306
805687,AJD,كيف بدأ الحج؟,2,1274,85.5572998430141
630794,Other,الصرع الشرطي.. الأسباب وطرق العلاج,1,602,85.5481727574751
684286,Other,لماذا حاصر اليهود الأميريكيون اقتصاد المكسيك؟,2,1198,85.5175292153589
631921,AJA,استهداف الطائرات والسفن.. إنذار في الاتجاه الخاطئ,4,2746,85.5061908230153
636899,AJA,ترتيبات الهروب من سجن شطة,4,2995,85.4841402337229
665792,AJA,سياسات ترامب الاقتصادية وتداعياتها على العالم,1,1494,85.475234270415
825917,AJA,الموقف الصيني من الأزمة السورية,2,1594,85.4454203262233
809173,Other,خطة شبكة العنكبوت,7,904,85.4298356510746
806787,AJA,العولمة الإعلامية,6,4136,85.3683107672469
630190,AJA,أمل دنقل.. شاعر الرفض,2,1493,85.36503683858
701015,AJA,التعرض للخيانة والوصول إلى قلعة جانغي,9,3153,85.3155724706629
630785,Other,الفواق المزمن.. خطر يهدد الحياة,1,564,85.2836879432624
797244,AJD,مصر,2,2796,85.1216022889843
683556,AJA,خلاف الرئاسة والحكومة,6,1516,84.9824098504837
694396,AJA,لبنان تعيد القرار 1701 للواجهة.. فهل يُطبق؟,7,297,84.9446849446849
760117,AJA,القيروان تحيي ذكرى نزول القرآن الكريم,1,1456,84.8901098901099
849002,AJA,المحاكم الدولية.. عدالة أم تبعية؟,3,2806,84.8776431456403
837577,AJA,تأسيس الحزب الشيوعي الأردني,3,2640,84.7979797979798
629443,AJA,السفر الأخير.. كتابٌ سجن صاحبه - الجزء 1,4,1495,84.6822742474916
683777,AJA,سرت بين الحسم العسكري والحل السياسي,1,3022,84.6459298477829
787153,AJA,القسام تنشر فيديو للأسير عيدان ألكسندر,2,331,84.5921450151057
837592,Other,صناعة المشغولات الفضية,1,298,84.5637583892617
627808,AJA,الوقت.. مسؤولية يحاسب عليها المسلم,1,3786,84.5219228737454
629582,AJA,فؤاد حداد .. شاعر يكرهه عبد الناصر,2,1474,84.4979647218453
789190,Other,قنبلة نووية سعودية؟,3,544,84.4975490196078
636910,AJA,الخصخصة والإصلاح الاقتصادي,5,3018,84.4201457919152
629934,AJA,سعد مصلوح.. اللساني المتصوف,5,3104,84.4136597938144
703313,AJA,المسار الانقلابي,5,2961,84.3363728470111
775339,Other,قصف اليمن,3,540,84.320987654321
657862,AJA,عسكرة المجتمع الليبي,4,2994,84.2935871743487
667315,AJA,الغضب,1,2798,84.2030021443888
667393,Other,كنز القطب الجنوبي,2,914,84.1356673960613
682452,Other,تاريخ الجيش السعودي في نصرة فلسطين,3,466,84.1201716738197
818051,AJA,مجند إسرائيلي تائب,1,2858,84.0447865640308
799239,Other,ملكة الصحراء: جاسوسة أم مستكشفة؟,12,459,84.041394335512
756253,Other,خطة لتهجير أهل غزة!,2,996,83.9859437751004
750366,Other,الولايات المتحدة.. أرض الكوارث,3,498,83.9357429718875
765992,LIVE,الحلقة الرابعة – حياة أرملة في قرية زهرة,15,2626,83.9020055851739
658040,AJA,الأفلام الوثائقية في مهرجان الجزيرة,2,1527,83.8899803536346
683622,AJA,عن الشاعر أحمد الصافي وعودته للعراق,2,1390,83.8848920863309
727161,AJA,ليلة سقوط المرينغي في موقعة الأنفيلد,2,245,83.8775510204082
640978,AJA,كيف يتم اختيار الأبطال في السينما؟!,11,1469,83.8603874002104
688712,Other,علامة نصب الأفعال الخمسة,4,243,83.8477366255144
840093,AJA,ملامح أفغانستان ما بعد طالبان,3,2154,83.8130609718353
736947,AJA,الفوارق بين جيشي سوريا ومصر خلال الوحدة,4,3036,83.8109354413702
811467,Originals,الأسبوع الثاني من يونيو.. المساواة في أميركا,45,986,83.7953572233491
667324,AJA,من جندي فقير إلى رئاسة فنزويلا,3,2906,83.792154163799
683579,AJA,تقرير الفساد,11,3075,83.7487065779749
813666,Other,الرد الإيراني,7,484,83.7367178276269
760412,Other,"""ثرثار أوقعنا في الفخ""",2,418,83.7320574162679
637935,AJA,كامب ديفيد.. شبح الصفقات السياسية,8,2751,83.6559432933479
760794,LIVE,الطاجين المدربل المغربي,1,1768,83.6538461538462
678232,AJA,الصين تحذّر شعبها وترعب العالم,2,3020,83.6258278145695
637811,AJA,السجن بعد انقلاب البعثيين 1968,4,2707,83.6165496859993
641037,AJA,شبح العمالة,7,3135,83.5816814764183
684192,AJA,فتح الملفات وتوجيه الاتهامات,5,1612,83.560794044665
800197,AJA,النفوذ اليهودي في العالم,6,4038,83.4695393759287
778673,LIVE,مرضى السرطان والحرب,5,2374,83.4625105307498
741261,Other,إسرائيل تستعد لمواجهة تركيا عسكريا في سوريا,2,449,83.4075723830735
735666,Other,ألمانيا.. شرقية وغربية,7,1140,83.3959899749374
703314,AJA,اختلاف الرؤى وأجواء متوترة,6,2791,83.3393049086349
668247,AJD,سفير السعادة موريتانيا,2,1581,83.3333333333333
703376,Other,الإسلام في إسبانيا,19,242,83.3188342757721
667343,AJA,مسلمو آسيا الوسطى وقتال النازية,1,2938,83.287950987066
776914,LIVE,ذهب السودان,10,1761,83.2651902328223
630382,AJA,عباس بن فرناس.. موسوعة عصره,1,1354,83.2348596750369
765143,AJA,صناعة الكنافة - مصر,1,131,83.206106870229
682453,Other,كيف تحصل السعودية على مياه الشرب؟,6,440,83.1818181818182
630818,AJD,حليم.. غنوة لكل الناس,3,3178,83.1655129011957
637919,AJA,رفاهية وترف وسط الموت والدمار,33,3145,83.1083489907019
730166,AJA,حادثة مدرسة المدفعية وموقف الإخوان,6,2837,83.0924685700858
778976,LIVE,شارع الحوادث 1,5,1766,83.0804077010193
685741,AJA,تجربة الوحدة بين تونس وليبيا,6,3120,83.0235042735043
667943,AJA,قصة المروحة وأناقة المرأة,1,1280,82.96875
683621,AJA,طفولة تحت الاحتلال,3,2274,82.922896511287
840079,AJA,قصة حرب لم تروَ بعد,2,1610,82.9192546583851
627598,AJD,أمينة.. والعازفات,1,1603,82.7822832189644
834270,Other,الدولة ضد مانديلا وآخرين.. قريباً,697,56,82.7500512400082
640999,AJA,سحر المكياج,6,1443,82.7327327327327
630015,AJD,مقهى طونطونفيل - الجزائر العاصمة,2,809,82.6946847960445
725479,AJA,أزمة بين العراق وجامعة الدول العربية,2,5307,82.6549839834181
722000,AJA,مجالس الصحوة وتشكيل جبهة الكرامة العراقية,1,1503,82.6347305389222
735556,AJA,الحوثيون يستهدفون تل أبيب ونتنياهو يهدد,4,282,82.6241134751773
668293,AJD,العرس الدرزي.. لبنان,3,1565,82.6198083067093
753523,AJA,قاعدة العديد وحرب العراق,17,4202,82.6133213875745
657963,AJA,نقولا زيادة.. التراث وحلم القومية - الجزء 2,1,2605,82.6103646833013
760422,LIVE,مضغوط اللحم وسخان الشيكولاتة,1,1724,82.5406032482599
668390,AJA,من خردة إلى فن جميل,1,1573,82.5174825174825
707100,AJA,تاجر أسلحة يجسد أزمة السلاح بأميركا,8,953,82.5026232948583
694865,AJA,أعنف ضربة إيرانية على إسرائيل,11,336,82.4945887445887
833886,AJA,إدانات لسياسة التجويع في غزة وللصمت الدولي,3,368,82.4275362318841
628677,AJA,قطعة الحلوى,1,2843,82.3777699613085
637806,AJA,المشاركة العربية في حرب 1948,3,2943,82.376260052101
637972,AJA,محاولة اغتيال مبارك وأثرها على السودان,12,2920,82.3744292237443
692582,AJD,تحت رحمة البركان,1,2864,82.3673184357542
631077,AJA,الحبيب السالمي.. شباك اللغة شبابيك الرواية,1,1531,82.3644676681907
629630,AJA,هجمة شرسة على الشيخ الشعراوي.. والأزهر يرد,5,1524,82.3490813648294
706316,AJA,الحج.. الحلم الباهظ,1,1466,82.3328785811733
833284,AJA,اليمن: السيول تجرف ركاب سيارة في إب,3,257,82.230869001297
677629,AJA,الأرجنتين.. نهر بيريتو مورينو الجليدي,2,1505,82.2259136212625
730942,AJA,مازن حمادة.. مات مرتين في سجون الأسد,4,260,82.2115384615385
738991,AJA,الحكومة الجزائرية المؤقتة سنة 1958,2,2793,82.1339061940566
683550,AJA,هروب بن علي وغموض الروايات,15,1578,82.1335023236164
629183,AJA,أحمد مصطفى.. الوقوف على السكون,2,1527,82.1218074656189
684306,Originals,التفاعل مع الأديان,3,2692,82.0579494799406
637974,AJA,فشل المفاوضات والاجتياح الإسرائيلي,10,1589,81.9697923222152
716424,Other,جيل الألفية وقضية فلسطين,10,295,81.9661016949153
636908,AJA,الانتخابات الأصعب وانقلاب الموازين أخيرا,3,3026,81.9453624146288
742259,Other,حلب.. المدينة الجريحة,9,657,81.9042787079317
761490,LIVE,فخذ الخروف بتتبيلة الطنجية وحلوى جبان,2,1871,81.8546231961518
640988,AJA,بدايات حزب البعث العراقي,8,2999,81.8356118706235
632011,AJA,رمضان سوريا.. عادات وطقوس,1,1636,81.7237163814181
815086,Other,إبر التنحيف تنقذ الحياة أم تسبب الوفاة؟,11,2094,81.7096466093601
725408,AJA,سوريا وإسرائيل.. عملية سلام متعثرة,3,5466,81.625808025369
637896,AJA,رسائل مهربة من المعتقل,8,3037,81.5936779716826
803425,AJD,الأردن,2,611,81.5875613747954
753003,Other,عرب يختطفون طائرة لتحرير سجناء ألمان,5,693,81.5873015873016
637914,AJA,وسائل تعذيب الاحتلال للأسرى الفلسطينيين,6,2986,81.5304755525787
668355,AJA,مجوهرات بعبق التراث الإسلامي,1,1618,81.5203955500618
806466,AJD,يا جارة الوادي,17,808,81.4720442632499
637793,AJA,تداعيات النكسة على الفصائل الفلسطينية,4,2767,81.4419949403686
683546,AJA,الصدام مع نظام بن علي,10,1590,81.4025157232704
657730,AJD,التصوير الفوتوغرافي,2,1605,81.4018691588785
658352,AJA,السامريون على خطى موسى,1,3031,81.326294952161
698400,AJA,هل خسر اقتصاد إسرائيل الحرب؟,7,244,81.2646370023419
693966,Other,اليمن.. فيتنام العرب,11,624,81.2645687645688
792723,AJA,جورج قرم.. الفكر الحر والنهضة العربية,3,1491,81.2206572769953
668588,AJA,دولة تحمي المستوطنين,2,2752,81.1046511627907
637900,AJA,خروج الفصائل الفلسطينية من الأردن,5,2824,81.0906515580737
677614,AJA,إسطنبول.. بين الشرق والغرب,11,1460,81.0460772104608
722040,Other,مجزرة الرفاق,5,422,81.042654028436
813702,Other,شكرا لحسن تعاونكم!,8,924,81.0200216450216
631017,AJA,بانرمان بئر الأسرار.. اقتفاء الأثر,5,2679,80.9779768570362
678362,AJA,الانتخابات العراقية والحكومة المقبلة,3,2849,80.964080964081
677987,AJA,الإسلام والديمقراطية.. التحديات والآمال,6,2619,80.946926307751
688735,Other,الحقيقة,6,408,80.9232026143791
725425,AJA,واقع العمالة الآسيوية في الخليج,2,5290,80.8601134215501
849646,AJA,رحلة في قطار روسي,1,1513,80.8327825512227
840741,AJA,دعوات عراقية إلى مقاطعة دراسة الطب والصيدلة,47,242,80.8071039212238
630699,Other,الاستثمار في زمن الأزمات,2,460,80.7608695652174
683581,AJA,محاولة اغتيال المقريف,4,2941,80.7378442706562
753533,AJA,مصير منفذي المحاولة الانقلابية,7,3059,80.7079811329566
837591,AJA,المصير بعد الفشل,20,3065,80.7014681892333
657998,AJA,حقيقة البيتكوين,5,1318,80.6676783004552
806353,AJA,اغتيال المبحوح,2,2598,80.5812163202463
637989,AJA,العاصمة الجديدة ومشروعات ماليزيا الكبرى,4,3006,80.5306054557552
787020,AJA,الواقع الديمقراطي بعد هجمات سبتمبر,5,5521,80.5035319688462
648025,Originals,الفرح,9,480,80.4861111111111
805580,Other,أول شخص قام بتصوير مناسك الحج,18,438,80.4794520547945
742253,Other,سوريا في السبعينيات.. شعارات البدايات,4,891,80.4152637485971
632159,AJA,عصام حجي .. هجرة العقل المصري,5,3087,80.4146420472951
636905,AJA,الاقتتال المسيحي المسيحي في لبنان,11,1638,80.3196803196803
716436,AJA,السياسة الأميركية في القارة السمراء - الجزء 1,1,2728,80.3152492668622
758288,Originals,الأسبوع الثاني من مايو.. صعود مانديلا إلى الحكم,16,773,80.3120957309185
629647,AJA,الحرب القذرة.. عشرية الجزائر السوداء,8,1464,80.2168715846994
702743,AJA,الألعاب الإلكترونية والقيادة الذاتية,1,1435,80.2090592334495
780875,Other,بقعة ضوء.. صوت السوريين أم النظام؟,5,1062,80.1883239171375
655519,AJA,فلسطيني يتخصص بالفلك والدين بأميركا,2,1446,80.1867219917012
836887,AJA,تركيا,1,1615,80.1857585139319
667261,AJA,جنوب السودان.. بلد الأحلام - الجزء 1,3,1431,80.1770323782902
631924,AJA,العرب والسلاح.. تقسيم الكعكة,1,2634,80.1442672741078
628108,AJA,خبيرة التغذية البنانية طاهية عالمية,1,1605,80.1246105919003
826678,AJA,استثمار اللاجئين,1,2615,80.1147227533461
805023,AJA,تغيير الأنظمة بين الاحتجاجات السلمية والقوة,6,4128,80.1033591731266
688741,Other,انقراض كروموزوم واي,2,457,80.0875273522976
628826,AJA,على خط التماس,2,2878,80.0208478109798
806386,AJA,الدول العربية بين الملكية والجمهورية,5,4244,80.0
802903,AJA,معركة الصلاحيات.. أسبابها وتداعياتها,5,4320,80.0
802901,AJA,مصداقية الولايات المتحدة لدى الدول العربية,5,4268,80.0
814127,AJA,آثار مقاطعة البضائع الأميركية,3,3720,79.9820788530466
688746,Other,الرجوع بالزمن - الجزء 1,5,613,79.9673735725938
630845,Other,مشاريع الطعام البيتي,3,567,79.9529688418577
683275,AJA,النهوض من الرماد,3,1421,79.9202439596528
683818,AJA,الطيب وزوجته.. وراء كل عظيم امرأة,5,1507,79.907100199071
668172,AJA,تركيا.. عهد جديد,2,2836,79.901269393512
834490,AJD,مصر - الجزء 1,2,2923,79.8665754361957
834224,AJA,الإسكيمو بين تقاليد الماضي وقسوة الحاضر,1,1663,79.8556825015033
843349,AJD,رانا آصف حبيب,3,1567,79.8553499255478
683755,AJA,المالديف.. جوهرة المحيط الهندي,6,1401,79.8477278134666
770682,LIVE,الحلقة السادسة والعشرون- موقعة الجمل,25,2663,79.8407810739767
636903,AJA,فلسفة الحكم والعلاقة مع العرب,4,2320,79.8275862068966
720318,AJA,بسبب طلاقه.. صيني يقتل 35 شخصا,4,291,79.8109965635739
815122,AJA,الإسلام بين دعاوى الإرهاب والدفاع عن النفس,2,4125,79.8060606060606
628648,AJA,حرب أكتوبر.. البرق,3,2830,79.7762073027091
637947,AJA,خلفيات مجزرة إهدن,12,1576,79.7694585448393
843714,AJA,الحوزة العلمية في النجف الأشرف,5,2579,79.7440868553703
629954,AJA,"""إيفر غيفين"" عالقة في قناة السويس",1,1529,79.7253106605625
836108,AJA,حقائب دبلوماسية تهدد العلاقات الجزائرية الفرنسية,10,243,79.6707818930041
837327,AJA,تسونامي يضرب روسيا واليابان,13,331,79.6653497559842
701004,AJA,أساليب التعذيب في سجن غوانتانامو,16,2950,79.6504237288136
697944,Other,كثافة الغاز,5,262,79.618320610687
724709,AJA,التيارات الإسلامية الجزائرية والصراع على السلطة,3,5677,79.5960307674241
677871,AJA,زيارة شارون لتونس.. تطبيع أم دبلوماسية؟,1,4030,79.5781637717122
627973,AJA,الإخوان ومبارك,5,2980,79.5637583892617
760791,LIVE,الطنجية المراكشية وكؤوس الليمون الحامض,1,1872,79.4337606837607
665263,AJA,حصار بيروت - الجزء الثاني,4,2966,79.4335805799056
725407,AJA,دور الدين في السياسة وزيارة البابا لفلسطين,2,5357,79.3447825275341
668344,AJA,ثورة أكتوبر: ضد حكم العسكر.. ضد عبود,1,2730,79.3406593406593
775328,Other,الشتاء قادم,11,919,79.3352458205559
765073,AJD,الفارابي.. الفيلسوف الموسيقي,20,1510,79.3145695364238
630049,AJA,استثمار على الرمال,50,3151,79.2853062519835
683614,AJA,المسيحيون,3,2478,79.2709174065106
778252,Other,لغز في سوق الذهب!,3,1143,79.2359288422281
627365,AJD,صحاب السيرك,1,3033,79.1625453346522
637991,AJA,انقلاب سوار الذهب وتنظيم الإخوان السري,22,2815,79.0860649119974
826778,Other,لا تقاطع خطأ عدوك!,19,1064,79.0710328452711
720161,AJA,المواجهة التاريخية مع صدام,5,2982,79.0677397719651
834653,AJA,قرع الأواني للتضامن مع أطفال غزة المجوّعين,4,378,79.0343915343915
824107,AJA,"كاريكاتير ""مسيء إلى النبي ﷺ"".. كيف عاملته تركيا؟",4,230,79.0217391304348
628794,AJA,باكستان في حسابات واشنطن الآسيوية,2,2997,78.9622956289623
761784,LIVE,شوربة شيش قرنيط وحلا البسبوسة,1,1737,78.9291882556131
678355,AJA,الإرهاب في بريطانيا.. أين تكمن المشكلة؟,3,2817,78.9255709383505
843697,AJA,العمال الفلسطينيون في إسرائيل,3,2714,78.9240972733972
629123,AJA,الثورة العرابية.. ميدان عرابي ج2,6,2918,78.7811286269134
688737,Other,اللغة,5,519,78.766859344894
683288,AJA,التعاطي الإعلامي مع القضية البوسنية,3,3034,78.7629092507141
686100,Originals,الحرب على الإرهاب.. ذريعة للقمع,4,1542,78.7613488975357
629855,AJA,عرين الأسود,2,3004,78.7450066577896
815120,AJD,الإرث المسموم,5,3106,78.7314874436574
834221,AJA,إيران بين إرث الثورة والإصلاح السياسي,1,1569,78.7125557680051
716074,AJA,إصلاح منظومة التموين في مصر,3,2959,78.6864931846344
763613,Other,نتنياهو يتهرب من استقبال جثامين أسرى إسرائيليين,3,492,78.6585365853659
834214,AJA,بيل كلينتون.. آفاق السلام في الشرق الأوسط,1,1293,78.6542923433875
637846,AJA,بشير الجميل بين الرئاسة والاغتيال,20,1490,78.6342281879195
702828,Other,وجه سنغافورة الآخر,1,950,78.6315789473684
697802,AJD,عندما يقررون الرحيل,2,2598,78.6181678214011
736466,AJA,عصر الانقلابات في سوريا,11,3115,78.593316795564
629374,AJA,أبو نضال.. البوصلة والبندقية,27,2890,78.559528386518
712030,AJA,الذكرى الثامنة لانطلاق الثورة السورية,1,2977,78.5018474974807
792717,AJA,في سبيل الوحدة العربية,4,1532,78.3942558746736
765988,LIVE,الحلقة التاسعة – التئام عائلة إبراهيم مجددا,17,2465,78.3343276458657
677605,AJA,قانون محاربة الإرهاب بين العدالة وتضييق الحريات,4,4225,78.301775147929
815730,AJA,إسلام بمواصفات أميركية,4,5158,78.3006979449399
843737,AJA,أصوات الاستقلال ترتفع في الجبل الأسود,4,1553,78.2839665164198
758284,Originals,الأسبوع الثاني من إبريل.. مجزرة دير ياسين,20,780,78.25
683272,AJA,الهوية السياسية والفكرية,10,3015,78.1691542288557
677607,AJA,"وائل الدحدوح.. ""معلش""",1,1719,78.0686445607912
700983,AJA,توتر علاقة بورقيبة وعبد الناصر,9,2725,78.0550458715596
716715,AJA,السودان.. أزمة مفتعلة أم مؤشرات لمرحلة صعبة؟,1,4225,78.0355029585799
780562,Other,ريال يمني صنع ثروة,8,413,78.0266343825666
792392,AJA,حقيقة الديمقراطية في المغرب,3,4051,78.0218875997696
637827,AJA,تداعيات اشتباكات الفدائيين والسوريين واللبنانيين,9,3163,77.9955738223206
766029,LIVE,الحلقة الثانية عشرة- زهرة تحت الحكم العسكري,13,2515,77.9140541367181
637949,AJA,رئاسة المخابرات العسكرية,14,1475,77.9128329297821
685713,Originals,لعبة النتن والفأر,2,1902,77.8654048370137
725028,AJA,الصراع العربي الإسرائيلي,2,5676,77.8276955602537
629335,AJA,سفينة إسرائيلية في قبضة الحوثيين,1,1747,77.7904979965655
668239,AJD,قٌرىً مٌعلقة,8,3026,77.7883344348975
765090,AJD,ابن الشاطر.. فلكي العرب,2,1498,77.7703604806408
629669,AJA,خريف الغضب.. بداية السادات ونهايته,6,1529,77.6542402441683
788485,Originals,الأطفال لا يكذبون,10,779,77.612323491656
818658,AJA,علي محسن الأحمر.. بين الثوّار والنظام السابق,7,1425,77.6040100250626
637941,AJA,المصالحة السعودية اليمنية ونهاية الانقسام,16,2936,77.5991995912807
683282,AJA,الخلافات مع المحجوب,8,2966,77.5834457181389
805959,AJA,الجزائر.. الأزمة المعقدة,4,1644,77.4939172749392
683198,AJA,اختطاف قادة الثورة,7,2998,77.4849899933289
766493,Other,مجاعة الخليج,3,339,77.4827925270403
790125,AJA,مشروع الميثاق في البحرين,3,5258,77.3678204640548
788486,Originals,لن نترككم في سلام,9,678,77.3352999016716
845656,AJA,أنشطة فنية وحوارات فكرية في مهرجان أصيلة,1,1636,77.3227383863081
672862,AJD,صليحة.. صوت تونس الأعماق,10,3128,77.3113810741688
641019,AJA,انتقامات متبادلة بين الشيوعيين والبعثيين,4,2815,77.2824156305506
630096,AJD,مقهى مالاكوف الجزائر العاصمة,3,806,77.2539288668321
768124,LIVE,الحلقة العاشرة- الانقلاب الداخلي,41,2950,77.2377015295577
637799,AJA,تفاصيل اليوم الأخير للملك عبد العزيز,17,2713,77.2251252141107
657859,AJA,تهريب السلاح إلى الثوار,1,2875,77.2173913043478
845947,AJA,قميص لافروف السوفيتي يحقق مبيعات قياسية,24,223,77.1487294469357
637926,AJA,صراع الأحزاب المارونية,11,1382,77.1477437179319
760136,AJA,واقع السودان وسبل تجاوزه أزماته,1,2871,77.115987460815
790127,AJA,مستقبل العلاقة بين العرب وواشنطن,4,5308,77.1006028636021
641024,AJA,نشوء حزب القوات اللبنانية,7,3072,77.0693824404762
842784,AJA,من الذي قد يحاسب إسرائيل على قتل الصحفيين؟,26,395,77.0593962999026
805721,Originals,الأسبوع الرابع من مايو.. فتح القسطنطينية,41,1153,77.0355171027859
637884,AJA,الفصائل الفلسطينية والحرب الأهلية بلبنان,5,2994,77.0340681362726
637737,AJA,الهجوم على مجلس الوزراء البريطاني,9,2691,77.0180436847103
764734,AJA,سوريا.. سلام تحت الأرض,1,3078,76.9655620532813
628711,AJA,واشنطن وطاقة العرب النووية - المسألة الجزائرية ج2,2,2884,76.9590846047157
641047,AJA,خطة المآذن العالية,25,2872,76.9345403899721
688454,Other,فظائع سجن أبو غريب,3,328,76.9308943089431
637888,AJA,أوسلو.. أمل للسلام أم خيانة لفلسطين؟,7,3132,76.9248312351761
640957,AJA,رحلة في عالم بوليود,1,1529,76.9130150425114
834571,AJA,اليهود الشرقيون في إسرائيل,4,2278,76.8876207199298
770535,LIVE,الحلقة الحادية والعشرون- بداية الفتنة,26,2766,76.8869236331275
667383,AJA,الميدان,2,2863,76.8774013272791
770021,LIVE,الحلقة الرابعة عشرة- نهايات وبدايات,38,2965,76.8669565989172
738421,Originals,الأسبوع الثاني من مارس: ذكرى أكبر زلزال في اليابان,9,912,76.8640350877193
637852,AJA,العودة إلى الصفر,17,3055,76.8479830557428
667114,AJA,التنوير الأوروبي.. نظرة نقدية,3,1657,76.8457050895192
770000,Other,رحلات الموت,6,570,76.8421052631579
686010,Other,سجون التعذيب,2,1173,76.8115942028986
694660,Other,صوت الهمزة مع الحركات,5,207,76.8115942028985
629222,AJA,الدراما التركية.. سر النجاح والانتشار,1,3065,76.8026101141925
637867,AJA,الأزمة الصومالية,6,2924,76.749886000912
757496,Originals,الأسبوع الثاني من فبراير.. سقوط مبارك,12,815,76.7280163599182
641033,AJA,الموسيقى التصويرية,3,1485,76.7227833894501
683880,AJA,أبو نواس يرثي الأحمر حيا,1,1327,76.7143933685004
797205,Other,الحادي عشر من سبتمبر.. صفقة جديدة؟,4,529,76.7013232514178
637967,AJA,حقبة الدولة البوليسية,11,3022,76.698152939053
753531,AJA,قبيل انقلاب أوفقير 1972,10,3020,76.6721854304636
657768,AJD,الطبخ,2,1568,76.6581632653061
683277,AJA,أذربيجان.. الشعلة المتقدة,4,1464,76.6564207650273
658397,AJA,بعد عقود.. أول انتخابات مصرية,3,1701,76.601998824221
667140,AJA,موريتانيا.. بين الانتماء العربي والتوجه الأفريقي,1,1645,76.5957446808511
720160,AJA,السياسة العراقية بعد الغزو الأميركي,6,3141,76.578584314974
818613,AJA,العراق تحت الحصار,4,5720,76.5690559440559
629175,AJA,الانقلابات العربية.. الأدوار الإقليمية.. العراق,1,2756,76.5602322206096
657649,AJA,شاعر الأشياء العادية,1,1496,76.5374331550802
667729,Other,قوانين نيوتن,6,306,76.5250544662309
727966,Other,"العرب ""الأشرار""",1,1161,76.4857881136951
641014,AJA,المشاركة العسكرية في الكونغو واليمن,9,2939,76.4659181127368
629539,AJA,"نزار قباني.. شاعر يكتب بـ""السكين""",2,1537,76.4476252439818
770022,LIVE,الحلقة الخامسة عشرة- معركة آخر الخلفاء الأمويين,42,2934,76.4452884084786
790679,Other,نتنياهو يزف ابنه ويستعين بقصاصي أثر عرب,6,578,76.441753171857
657967,AJA,حفظ الذاكرة.. مؤسسة الدراسات الفلسطينية,1,2928,76.4344262295082
697832,Other,نصيرة المهاجرين,3,491,76.3747454175153
665253,Other,فشخرة وهياط,4,310,76.3709677419355
637762,AJA,من القصر إلى السجن,18,2498,76.3255048483231
683864,AJA,أحمد تيمور رائد المخطوطات العربية,1,1341,76.2863534675615
629840,AJA,"""قناة إسطنبول"" مشروع أردوغان ""الكبير""",2,2833,76.2795623014472
630252,AJA,ابن زريق البغدادي وقصيدته اليتيمة,1,1192,76.258389261745
716417,Other,الوباء الأكثر فتكا في العالم,12,790,76.2552742616034
637933,AJA,من السلم إلى الصراع,15,1613,76.2347592477785
843745,AJA,طفلان توأمان يقودان تمردا في بورما,4,1275,76.1764705882353
837597,AJA,ما بعد إسقاط ولد الطايع,28,3027,76.1314833168153
637845,AJA,حكومة مع وقف التنفيذ,14,1616,76.1227015558699
814161,AJA,الانتفاضة الفلسطينية.. المكاسب والخسائر,5,3931,76.0671584838464
657687,AJA,أكاديمي عاد لجذوره المصرية وانتقد الغرب,2,2871,76.0536398467433
691657,AJA,مكانة نهر الفرات في الشعر العربي,4,1265,76.0079051383399
631209,AJA,مقتل كمال جنبلاط,29,3024,75.8985586571794
629929,AJA,خليل الحيّة .. علاقات وسياسات حماس,7,3121,75.831922003021
641042,AJA,عفلق في العراق,7,2942,75.7939205593862
658353,AJA,في الميدان.. الجزيرة وبي بي سي عربي,1,1630,75.7668711656442
766490,Other,خليجيون معتقلون في جزيرة نائية,4,395,75.7594936708861
846344,AJA,لماذا تزدهر عمليات تجميل الأنف في إيران؟,4,1680,75.7589285714286
677616,AJA,البوسنة والهرسك بين الطبيعة والعمارة,9,1503,75.707843572115
665805,AJA,مقاطعة عالمية لإسرائيل وتطبيع عربي معها,3,1430,75.6876456876457
823639,AJA,علي لاريجاني.. الملف النووي الإيراني وتداعياته,2,1631,75.6591048436542
641031,AJA,ترتيبات الانقلاب البعثي الثاني,5,2840,75.6408450704225
837234,AJA,حرب العراق.. شاهد من أهلها,3,1204,75.6367663344408
629912,AJA,تطبيق فلسطيني يتعدى الحدود,1,1473,75.6279701289885
823365,Other,ماذا تعرفون عن مسيحيي سوريا؟,11,1060,75.6174957118353
640986,AJA,الهيمنة على السلطة,4,2960,75.6081081081081
637868,AJA,صدام الفدائيين الفلسطينيين وملك الأردن,23,2913,75.596650696279
757809,Other,"استهداف المدمرة الأميركية ""كول""",11,415,75.5750273822563
806472,AJD,إنَّ العيون,17,771,75.570305943389
849080,AJA,توغل إسرائيلي في ريف دمشق,33,224,75.5140692640693
724744,AJA,رحلة عبر الحواجز - الجزء 2,2,2228,75.4937163375224
800714,Other,مفاجأة ترامب,3,507,75.4766600920447
637932,AJA,اندلاع الحرب الأهلية اللبنانية,12,1615,75.4747162022704
763888,Other,محاكم التفتيش,12,303,75.4675467546755
851409,AJA,جماعة أنصار الله تتوعد إسرائيل بالثأر,13,227,75.4320569298543
796166,AJA,حماس تسلّم لبنان مطلق صواريخ على إسرائيل,2,179,75.4189944134078
834576,AJA,مرض حرب الخليج,3,1162,75.415949512335
720196,Other,ابتزاز ضابط إسرائيلي لتزوير أحداث 7 أكتوبر!,2,482,75.4149377593361
765141,AJA,المدلوقة - سوريا,1,122,75.4098360655738
688753,Other,التجارب على البشر,4,550,75.3636363636364
630289,AJA,البلاغة عند القدماء,2,1207,75.3521126760563
830538,AJA,النووي الإيراني.. تهديد أم توازن إستراتيجي؟,1,2806,75.3385602280827
630010,AJA,بردة كعب بن زهير,3,1190,75.2941176470588
814155,AJA,نظرية المؤامرة وواقع الفلسطينيين,3,3972,75.2517623363545
637980,AJA,تأسيس المجلس السري بعد انقلاب 1989,8,2924,75.2479480164159
667842,AJD,العمر الرابع,2,2996,75.2336448598131
688769,Other,الجثث,5,436,75.2293577981651
817838,AJA,المعركة الإعلامية.. حرب داخل الحرب,8,1743,75.2008032128514
667848,Originals,الكونغرس يحاكم محكمة الجنايات الدولية,9,1732,75.1860405440082
793660,AJA,الألفة بين المسلمين,1,2760,75.1811594202899
715464,AJA,ضرب الأكراد بالكيميائي وجرائم أبناء صدام,215,2938,75.1788117213102
683194,AJA,الإصلاحات السياسية والاقتصادية,10,2832,75.1765536723164
736750,AJA,معالم سياسات حكم بومدين,4,3070,75.1302931596091
736009,AJA,من السلطة إلى النفي,8,3027,75.111496531219
818713,AJD,دماء في مباراة لكرة الماء,8,745,75.1006711409396
833170,Other,أميركا بلا دفاع جوي!,39,824,75.0840179238238
770081,AJA,فهد العسكر.. الثائر الخالد,4,1425,75.0526315789474
797246,AJD,الصين,3,3122,75.0480461242793
686092,AJA,الفوضى,11,2822,75.0370465820501
846868,AJA,هجوم غير مسبوق يربك جيش الاحتلال,46,297,75.0329380764163
777817,AJA,ثمن الانتفاضة الفلسطينية,3,4065,75.0143501435014
849719,AJA,زحف ناطحات السحاب يهدد تراث شنغهاي,4,1568,75.0
683756,AJA,البوسنة.. ملامح غربية لروح شرقية,7,1509,74.9881662406513
683754,AJA,ما وراء طبيعة المالديف,4,1464,74.9829234972678
667719,Other,الضوء,15,337,74.975272007913
830972,AJA,حرب غزة 2012.. من انتصر؟,1,2849,74.973674973675
693805,Other,تعريف الموت,4,636,74.9213836477987
629252,AJA,ابتكار ثوري.. قلوب بتقنية ثلاثية الأبعاد,1,1250,74.88
640952,AJA,الشعور بالوحدة,4,1330,74.8684210526316
736472,AJA,انقلاب 1961 في سوريا,3,2981,74.8630213574863
770089,LIVE,حوافر الإسعاف,8,1991,74.8304871923656
766015,LIVE,الحلقة السابعة عشرة- حسناء.. شرارة عداء عائلي,16,2518,74.801429706116
837578,AJA,علاقة الجيش السنوسي بالإنجليز,16,2795,74.7786225402505
736759,AJD,ألبوم العائلة,2,2815,74.7779751332149
727952,AJA,قناة الجزيرة.. ترفع الوعي أم تصنع الجدل؟,3,5312,74.7678212851406
665256,Other,جسم مثالي,5,290,74.7586206896552
766027,LIVE,الحلقة الثالثة والعشرون- هل يثبت بارق براءته؟,18,2491,74.7513269994201
694728,Other,الجولان.. جنة سوريا المحتلة,4,813,74.7232472324723
705881,Other,استشهاد السنوار,4,381,74.6719160104987
724704,Other,تجارة البشر,1,272,74.6323529411765
629505,AJA,أحدث الأجهزة الذكية من شركة هواوي الصينية,1,1222,74.6317512274959
738420,Originals,الأسبوع الأول من مارس: اكتشاف النفط السعودي,16,961,74.5967741935484
668130,AJD,اليمن.. صنعاء المعزولة,2,818,74.5721271393643
843856,AJA,"إدانات عربية واسعة بشأن ""إسرائيل الكبرى""",41,274,74.5682748798291
682458,Other,عملية أوبرا,4,431,74.5359628770302
834204,Other,التعفّن الدماغي يجتاح العالم,21,2288,74.4900932400932
736470,AJA,الصراع السوري المصري في إدارة سوريا,2,2954,74.424509140149
637841,AJA,بورقيبة رئيسا مدى الحياة,2,2944,74.3546195652174
753535,AJA,سنوات الاعتقال في سجن تازمامارت,2,3121,74.3191284844601
697835,Other,"قصة رواية ""البؤساء""",3,440,74.3181818181818
629854,AJA,آفي شلايم.. نقض الروايات الإسرائيلية,7,2988,74.2780646395104
637931,AJA,تكلفة الانشقاق عن النظام,19,3159,74.2606754302661
766013,LIVE,الحلقة الثامنة عشرة- النُكاف.. مؤامرة ضد غسان,23,2495,74.233684760826
701098,AJA,نورمان فنكلشتاين الجزء 2.. آفاق الحل,8,2899,74.2324939634357
637843,AJA,إسرائيل في قلب السياسة اللبنانية,13,1532,74.1664992970476
839152,AJA,نايف حواتمة.. تسوية أم تنازل؟,2,4435,74.1375422773393
743725,AJA,مستقبل الولايات المتحدة بعد هجمات 11 سبتمبر,4,2944,74.125339673913
721978,AJA,العراق بين العنف والحوار,1,2510,74.1035856573705
636902,AJA,سرقة القرن وتفاصيلها,6,2863,74.0540225870299
743631,AJD,المسارح: السوداني والليبي والسعودي والعماني,1,3063,73.9797584067907
798064,AJA,ذاكرة فلسطين الموسيقية,1,142,73.943661971831
800770,AJD,أتراك لبنان.. سكان الظل,1,2900,73.9310344827586
628412,AJA,من غسل الصحون إلى إدارة الفنادق,2,1490,73.8926174496644
683316,AJA,مرحلة النهوض,6,3077,73.8923193586827
751086,AJA,مسلمو البوسنة في الحسابات الأوروبية,1,2733,73.8748627881449
631213,AJA,طنجة.. المراكب الحارقة,2,1441,73.8376127689105
760368,AJA,الأسواق الشعبية.. ملاذ البسطاء,1,1609,73.8346799254195
849397,AJA,"ترامب: ""أنا لست ديكتاتورا""",28,272,73.8314075630252
636900,AJA,المواجهة بين الفلسطينيين والأردنيين,11,2725,73.8081734778983
703319,AJA,مشكلات حكم محمد مرسي,16,2840,73.7918133802817
631040,AJA,بورتسودان.. بحيرة البجا,2,1541,73.7832576249189
678410,Originals,لبنان - طرابلس,31,1130,73.7796174707394
724428,Originals,"شانلي أورفا: ""مدينة الأنبياء""",3,1624,73.747947454844
670092,Other,ماذا لو قامت حرب بين إيران وإسرائيل؟,2,2018,73.7363726461843
760699,AJA,معاناة السوريين في مخيمات لبنان وبرلين,1,1270,73.7007874015748
629632,AJA,مقتل السيناتور,7,2674,73.6777433486484
683314,AJA,محاولات لإبادة الذاكرة التاريخية والأثرية,4,3020,73.6672185430464
840702,AJA,قراءة..,3,1439,73.6622654621265
778676,Other,عبد الرحمن بن معاوية بن هشام,5,287,73.5191637630662
626202,AJA,مفهوم الحريم عبر التاريخ,1,4250,73.5058823529412
685240,Other,ملك سعودي حلم بالصلاة في الأقصى,4,377,73.474801061008
758282,Originals,الأسبوع الرابع من مارس.. اتفاقية كامب ديفيد,13,932,73.473093430175
640947,AJA,أفلام في موقع واحد,8,1219,73.4208367514356
766023,LIVE,الحلقة السابعة والعشرون - محاكمة غسّان,23,2591,73.4163408454013
668653,AJA,التوتر المصري الإسرائيلي.. افتعال أم خلاف؟,2,2955,73.4010152284264
629732,AJA,"""عمارة يعقوبيان"" بناية المسكوت عنه",8,1472,73.3950407608696
665684,Atheer,هل يتوسع تحرك أنصار الله الحوثيين في البحر الأحمر؟,2,3170,73.391167192429
803421,AJD,المغرب,4,681,73.3847283406755
640997,AJA,سينما البيوت,4,1419,73.3615221987315
773711,AJA,معركة سرت ونهاية القذافي,1,2819,73.3593472862717
773611,Other,السعودية.. سر نهضة كوريا,4,466,73.3369098712446
707552,AJA,700 عائلة إسرائيلية تسجل للاستيطان في غزة,5,240,73.3333333333333
839945,AJA,"اعتقال ""إمبراطور الكبتاغون"".. من يكون عامر الشيخ؟",47,216,73.3254531126872
628675,AJA,فنزويلا.. عرب الأمازون,1,2890,73.3217993079585
637736,AJA,الخروج من لبنان وإضعاف المقاومة,9,2542,73.2931200279745
655493,AJA,فنزويلا.. الثروة والثورة,3,4026,73.2488822652757
693808,Other,الاستعمار الفرنسي والإسلام في أفريقيا,6,373,73.2350312779267
749382,Other,الصلع,28,706,73.2092270335896
719334,Other,الاستثمار الذكي,12,1016,73.1955380577428
683544,AJA,آخر أيام بورقيبة في الرئاسة,14,1549,73.1531863875311
640992,AJA,القوات السورية في لبنان,5,3082,73.1473069435432
636904,AJA,بيروت تحت الحصار الإسرائيلي,18,1458,73.117664990093
825918,AJA,مستقبل قطر في ظل الشراكة الأميركية القطرية,4,4398,73.112778535698
683591,AJA,عن شيخ المترجمين عادل زعيتر,3,1366,73.1088335773548
627928,AJA,ما بعد سقوط بغداد.. العراق يدخل المجهول,8,3195,73.1025039123631
637984,AJA,الحركة الإسلامية والتغيرات في السودان,21,2840,73.1002682763246
701014,AJA,عودة التيار الإسلامي إلى الواجهة,2,3024,73.098544973545
726937,AJA,ليبيا من دون ثلثي وزاراتها,3,5373,73.0938643836466
721970,AJA,عيد جديد والعراق في مهب الحرب,2,1613,73.093614383137
821494,AJA,القضاء يبطل انتخابات مجلس الشعب,2,5172,73.0858468677494
786786,Other,سوريون في السعودية,14,608,73.0850563909774
685776,AJA,ثورة إبريل 1985 في السودان,7,2937,73.0774843134394
683729,AJA,الأقليات في البلقان,2,2857,73.0661533076654
668376,AJA,صناعة الصورة في الموضة,1,1570,73.0573248407643
738419,Originals,الأسبوع الرابع من فبراير.. مذبحة الحرم الإبراهيمي,10,911,72.9857299670691
843743,AJA,المفقودون في الجزائر.. المأساة,2,2006,72.9810568295115
627937,AJA,حراك المغرب وحركات التغيير والإصلاح,6,3107,72.9750026821157
683201,AJA,رجل التناقضات,1,2701,72.972972972973
683748,AJA,لؤلؤة البلقان.. سحر ألبانيا الآسر,6,1476,72.9674796747967
717035,Other,هل كان رمضان أيام زمان أحلى؟,4,785,72.9617834394904
637916,AJA,حرب الخليج الأولى وتداعياتها,30,3039,72.9066578918504
766448,AJD,مسلمو التشام - فيتنام,4,3009,72.8979727484214
770662,LIVE,الحلقة الثانية والعشرون- اللقاء الأخير,73,2927,72.8812052173669
629456,AJA,مجلة العربي,2,1491,72.8705566733736
782895,AJA,بشار معروف.. محقق ومترجم عراقي,21,4729,72.8453614476029
716468,AJA,الخلاف بين إيران وطالبان,1,4644,72.7820844099914
811785,AJA,إيران في مهب الاحتجاجات الطلابية,3,4265,72.778429073857
685768,AJA,الكفاح ضد الاستعمار الفرنسي,4,2877,72.7667709419534
688713,Other,كيف يُكتب فعل الأمر؟,32,187,72.7606951871658
686084,AJA,جزمة شارون,18,2633,72.7581550407224
637924,AJA,أحمد البكر يرأس الدولة العراقية,6,2980,72.7572706935123
840952,AJA,اللاجئون الفلسطينيون بعد عقود من التهجير,1,5361,72.7289684760306
818260,AJD,الفلاقة.. صراع الزعامات,5,2756,72.6923076923077
637979,AJA,تفاصيل انقلاب 1989 في السودان,35,2981,72.6592226961231
702482,AJA,سيارة ألمانية كهربائية تنافس تيسلا,1,1408,72.65625
683549,AJA,هروب بن علي,10,1447,72.6537664132688
630405,AJA,شيتي وشركاؤه,67,3125,72.6142089552239
700995,AJA,مذبحة قلعة جانغي,14,3018,72.6119473634384
637857,AJA,وساطة سعودية تنقذ من الإعدام,13,3078,72.5995901434498
815734,AJA,بروتوكولات حكماء صهيون,4,3935,72.5984752223634
695865,Other,بعد نشوة الانتصار إسرائيل كلها في الملاجئ,3,440,72.5757575757576
736467,AJA,ترتيبات الوحدة بين مصر وسوريا,4,3031,72.5668096337842
817280,Other,اللي اختشوا ماتوا!,11,468,72.5524475524476
823625,AJA,إستراتيجية الناتو الجديدة,3,1113,72.5067385444744
723680,Originals,كابادوكيا: مدن سريّة تحت الأرض,6,1755,72.4976258309592
683640,AJA,الاعتقال الإداري,1,2883,72.4939299340964
808205,Other,يوم الخُلَّيْف: الحرم من دون رجال!,13,368,72.4916387959866
683570,AJA,"""الكتاب الأسود"" لنظام بن علي",4,1638,72.4358974358974
716398,AJA,تنظيم الدولة.. النشأة والأهداف,7,2827,72.4240739804942
691962,AJA,لبنان.. نزوح غير مسبوق من الجنوب,19,214,72.4053123462863
630457,AJA,نصير شمة .. مبتكر الوتر الثامن,1,3044,72.4047306176084
630174,AJA,نقد العقل العربي وتقييم التراث,4,1522,72.4047306176084
837639,Other,رسام أيقونات,1,221,72.3981900452489
648960,Originals,ما يحبّه النبيّ,7,521,72.3608445297505
688705,Other,التعميم المتسرع,4,241,72.3029045643154
770687,LIVE,الحلقة الواحدة والثلاثون- وفاة علي,20,2771,72.2970046914471
743707,AJA,مستقبل القيادة الفلسطينية,14,4302,72.2687122268712
836983,AJA,القبض على أخطر طياري الأسد في أثناء هربه,14,216,72.255291005291
770652,LIVE,الحلقة الثامنة والعشرون- ولاية العهد,42,2924,72.2363363950231
742319,Other,خيال أم جد؟.. قريبا,138,19,72.2349351639969
677885,AJA,تطورات الأزمة الروسية الأوكرانية,1,2935,72.2316865417376
688698,AJD,السينما المصرية - الجزء الرابع,9,3059,72.2313028949185
716016,AJA,حكم التنظيم الطليعي لمصر,8,2700,72.2268518518518
630821,Other,الأخطاء التربوية.. مسؤولية من؟,4,442,72.1719457013575
678237,AJA,تفاوت القوة بين إسرائيل والمقاومة الفلسطينية,5,2881,72.1624435959736
683858,Originals,كذب للمريخ,8,2006,72.1460618145563
637973,AJA,اكتشاف التنظيم السري,4,3070,72.1416938110749
686963,Atheer,مستقبل العلاقات السعودية الإيرانية,6,5346,72.1411647337573
683056,AJA,المغول الجدد,4,2880,72.1354166666667
770650,LIVE,الحلقة العشرون- الاحتماء بالبيت,112,3064,72.1110359940321
683845,AJA,التغيرات المناخية.. الخطر الداهم,3,2986,72.1031480241125
843712,AJA,الحملات الإعلامية الغربية ضد المسلمين,2,5411,72.0938828312696
667421,Other,كيف تفوقت المقاومة الفلسطينية على الميركافا؟,3,1100,72.0909090909091
628706,AJA,"متاهات التسوية.. ""التمكين والإنهاك"" سياسات أميركية",3,2742,72.0884998784342
625935,AJD,علي الطنطاوي,1,2712,72.0870206489676
691730,AJA,الاغتراب في الثقافة العربية,2,727,72.0770288858322
630834,Other,التخاطر والقدرات العقلية الخارقة,3,555,72.0720720720721
843711,AJA,بوتين.. رئيس أم قيصر؟,5,2212,72.0705244122966
683848,AJA,العقاد.. صاحب العبقريات,3,1329,72.0591923752195
767251,AJA,مصطفى جواد.. قل ولا تقل,13,1485,72.043512043512
707026,Other,خفايا وراء قضبان سجن تدمر,4,1156,72.0371972318339
818122,AJA,خالد مشعل: تأييد إسرائيل سينهار إذا صمدنا,2,3197,72.0362840162653
823612,AJA,كيف سقطت بغداد؟,1,958,72.0250521920668
688736,Other,نقل الفضلات,5,519,72.0231213872832
683568,AJA,المعركة الانتخابية,4,1477,72.0209884901828
684191,AJA,الصراع بين عبد الحكيم عامر وعبد الناصر,13,3088,72.0107612594659
684176,AJA,العلاقات المصرية السوفياتية بعد النكسة,13,3100,71.970223325062
637757,AJA,قمة القاهرة والقضية الفلسطينية,5,2431,71.945701357466
790132,AJA,القضية الفلسطينية والموقف العربي,2,5227,71.8959250047829
628173,AJA,جورج حاوي,8,2874,71.8945720250522
673621,Other,حق الفيتو الأميركي,7,832,71.8578296703297
742341,AJA,كيف يواجه الأميركيون تبعات الحروب والحرائق؟,6,3511,71.8503750118675
716813,AJA,الرئيس الـ 47 لأميركا.. متى سيعلن عنه؟,3,277,71.841155234657
835978,Other,أخطر قضية في أميركا!,77,1472,71.8247106154715
758287,Originals,الأسبوع الرابع من أبريل.. نهاية هتلر,22,1070,71.8096856414613
683738,AJA,البرتغال.. ماديرا حديقة الربيع الدائم,6,1475,71.7966101694915
778639,Other,قيد اختباري للحلقات,1,39,71.7948717948718
697842,Other,ثائر في وجه الاستعمار أينما يكون,7,665,71.7722878625134
845192,AJA,مشاهد الجثث بعد حادث مأساوي يفجع الجزائريين,24,278,71.7625899280576
834559,AJA,موريتانيا,3,1679,71.7490569783601
637848,AJA,اعتقال قيادات قسامية,3,2979,71.7131028309276
771059,Other,روبين ويليامز,11,1754,71.67513216544
766012,LIVE,الحلقة العاشرة – خلافات محمومة في القرية,20,2403,71.6749895963379
743727,AJA,حماس في الذكرى 16 لانطلاقتها.. إنجازات وتحديات,10,4077,71.5869511896002
629879,AJA,المرأة في شبكة الجزيرة,4,1305,71.5708812260536
630081,AJD,أَيَظنّ.. سوريا ومصر,1,826,71.5496368038741
717501,Other,الجاسوس نتنياهو!,2,390,71.5384615384615
726933,AJA,إسرائيل وأبعاد عمليات السلام,3,5258,71.5290985165462
636907,AJA,السياسات الخارجية للنهضة الماليزية,23,2913,71.5145002164211
667117,AJA,دعم المحافظين الجدد لإسرائيل وتداعياته الإقليمية,1,1604,71.5087281795511
648017,Originals,وصايا النبي بالمسنّين,1,435,71.4942528735632
665937,AJA,"نهاية أسطورة الجيش الذي ""لا يقهر""",3,3290,71.4893617021277
641012,AJA,كوبولا وأحلامه الضائعة!,6,1386,71.4886964886965
640944,AJA,ليوناردو.. الوسيم صاحب الأدوار المعقدة,10,1515,71.4851485148515
701021,AJA,الانتداب والاستقلال,10,3000,71.48
770537,LIVE,الحلقة الثالثة والعشرون- مقتل الخليفة عثمان,30,2793,71.4786967418546
637965,AJA,صور من معاناة الأسرى بالسجون الإسرائيلية,4,2897,71.410079392475
839059,AJA,ما بعد فشل الانقلاب الثاني,11,2943,71.3959163500448
677980,AJA,نجل الرئيس مرسي في السجن,1,2876,71.3838664812239
833140,AJA,الكاريكاتير والسخرية المريرة من الواقع,1,4235,71.3813459268005
716438,AJA,هل يهدد شبح الحرب الأهلية أميركا حقاً؟,7,1118,71.3774597495528
632147,AJA,تقنية التزييف العميق ومخاطرها,1,1226,71.3703099510604
637939,AJA,أوضاع اليمن تحت حكم العسكر,16,2902,71.3322708476912
719076,Other,جاسوس إسرائيلي في اليمن,4,497,71.327967806841
696348,AJA,صراع البقاء,16,2919,71.3215142171977
630270,AJA,محمود الزعبي.. انتحر أم قتل؟,36,2924,71.3197294421645
637797,AJA,خفايا علاقة الإخوان بالثورة الإيرانية,30,2792,71.2344794651385
683545,AJA,تقييم حقبة بورقيبة,16,1563,71.2212092130518
637982,AJA,الصدام مع النظام السياسي,3,2888,71.191135734072
717851,AJA,أنشيلوتي مسؤول عن خسائر ريال مدريد؟,10,271,71.1439114391144
685835,Other,دونالد نتنياهو,3,417,71.1430855315747
753534,AJA,محاكمة المتهمين بمحاولة إسقاط طائرة الملك,8,3087,71.1329770003239
805671,AJD,رسام الموصل.. زمن السقوط والحرب,4,1820,71.1263736263736
833252,Other,سنة الطبعة: تسونامي الخليج,53,405,71.1250873515024
696359,AJA,حلب.. آخر الشهود,3,2846,71.0822206605762
703655,AJA,بريطانيا.. حقن للعاطلين عن العمل بسبب السمنة,13,268,71.0677382319173
806360,AJD,القهوة.. من إثيوبيا إلى العالم,3,2938,71.0460630814613
629722,AJA,ليبيا ومخاطر الصراع على السلطة,1,3004,71.0386151797603
690573,Other,إسرائيل.. بين الشماتة والتوعد,3,438,71.0045662100457
673633,AJD,شيخ الملحنين.. فيلمون وهبي,2,1699,70.9829311359623
773298,LIVE,الحلقة السادسة والعشرون- نداء الحرب,114,2980,70.9796302837631
773724,LIVE,الحلقة الثانية والثلاثون - وفاة الخليفة,117,3166,70.9399009778037
766163,LIVE,الحلقة الحادية عشرة - من سرق أبا فتحي؟,15,2411,70.92492741601
711876,AJA,التعامل مع الجواسيس,4,2877,70.8985053875565
825481,Other,ألعاب الجوع,16,635,70.8661417322835
637786,AJA,المحاولات الانقلابية في اليمن,3,2995,70.8402893711742
766495,Other,صدام حسين.. الأيام الأخيرة,58,398,70.8196153179692
683299,AJA,اغتيال صالح بن يوسف,13,1565,70.7839764069796
822002,Other,الناجية الوحيدة,46,696,70.7490004997501
769746,LIVE,الحلقة السادسة عشرة– مؤامرات مجلس كسرى,98,2987,70.7333820706053
727403,AJA,بايدن يتراجع ويعفو عن نجله هانتر,3,264,70.7070707070707
770657,LIVE,الحلقة السابعة عشرة– الخليفة في خطر,58,2931,70.6778903281215
640956,AJA,الأُدباء.. أبطال في أفلام,7,1468,70.6695212144803
727929,AJA,إسرائيل والعرب.. التطبيع والسلام,2,5527,70.6622037271576
701011,AJA,صعود بن علي والدور النسائي,3,2989,70.6590833054533
700984,AJA,بورقيبة وميله إلى التغريب,3,2853,70.6507769599252
809077,AJA,عنف الجماعات وعنف السلطات,2,4378,70.6144358154408
678125,AJA,الحركات الإسلامية وتحديات الإصلاح,3,2930,70.6143344709898
834257,Other,أنقذوا غزة بسرعة,35,1126,70.5759959401167
769678,LIVE,كرة القدم في السودان,6,1767,70.5621580833805
768783,LIVE,الحلقة السابعة- دهاء السلطة,57,2915,70.5100659023201
686089,AJA,احتلال عاصمة عربية,18,2951,70.4789336947927
763890,Other,احتفالات سقوط الأندلس,21,404,70.4266855256954
641036,AJA,صبرا وشاتيلا مذبحة العصر,12,2990,70.4180602006689
775354,AJD,نقود للفرجة,1,1794,70.4013377926421
841079,AJA,إصابة جنود أميركيين داخل قاعدة عسكرية بأميركا,28,266,70.3947368421053
823720,AJA,متلازمة القدس,4,1411,70.3756201275691
724885,Originals,مصطلحات سينمائية,24,792,70.3703703703704
683070,AJA,الإقصاء,2,2920,70.3424657534247
667758,AJA,الجمود في العالم العربي,8,2458,70.336655817738
717417,AJA,فوز تاريخي لترامب بالرئاسة والكونغرس,4,310,70.3225806451613
669333,Other,بين اللغات.. الكمزارية لغة بين بحر وجبل,3,923,70.3141928494041
685774,AJA,المعارضة والنميري.. بين المصالحة والاستغلال,7,3032,70.245947983415
630473,AJD,السيرة الهلالية - الجزء 1,9,792,70.2300785634119
657824,AJA,فرحة تنحي مبارك,1,2824,70.2195467422096
629706,AJA,"معرض ""سي إي إس"" للتكنولوجيا",2,1392,70.1867816091954
636897,AJA,الخلافات في حزب أمنو الحاكم,14,2902,70.1855862951659
729212,Originals,أنطاليا: عالم مائي متكامل,8,1433,70.1849267271459
765997,LIVE,الحلقة الثامنة – عين حاسدة تصيب عائلة إبراهيم,18,2575,70.1833872707659
814128,AJA,فلسطينيو الشتات وعلاقتهم بالوطن,5,3951,70.1442672741078
637734,AJA,كواليس نكسة حزيران 1967,76,2923,70.1145182490952
732681,Other,إسرائيل والجولاني,2,445,70.1123595505618
770536,LIVE,الحلقة الثانية والعشرون- حصار بيت الخليفة,31,2788,70.0444300458185
683075,AJA,رياضة نظيفة,2,2805,70.0356506238859
628281,AJA,روجيه موسى.. لكل نبات نقطة ماء,1,1584,70.0126262626263
789694,Other,"الاحتلال يلاحق ""ميس ريتشل""",24,857,70.0068066900039
739685,AJA,أوروبا تطالب بحقوق الأقليات.. فماذا عن الأغلبية؟,3,1941,69.9639361154044
837594,Other,فنان الألوان المضيئة,1,183,69.9453551912568
627947,AJA,الألبان في اليونان ومقدونيا والجبل الأسود,5,4250,69.9388235294118
640989,AJA,إرهاصات الحرب الأهلية,8,3003,69.9383949383949
683214,AJA,اتجاه النظام السياسي إلى الرأسمالية,6,2851,69.934525897346
629240,AJA,تجارة السلاح,31,2790,69.9317840212741
818045,AJA,وسيط مفاوضات البوليساريو والمغرب,2,3092,69.9223803363519
770534,LIVE,الحلقة العشرون- أول معركة بحرية للمسلمين,30,2779,69.917236415977
842350,AJA,جدل في دمشق بعد دخول سيارة الجامع الأموي,34,254,69.9166280685503
688742,Other,الملل والعزلة,10,585,69.9145299145299
698360,AJA,سر الدعم العسكري السوفياتي لصدام,210,2884,69.8982894128525
830526,AJA,حرية الإعلام في الغرب,3,2857,69.8634931746587
770013,LIVE,الحلقة الثامنة عشرة- رسالة مشفرة,100,2918,69.8594928032899
627856,AJA,الدولة الإسلامية.. الرؤية والآفاق,3,5454,69.8203153648698
694824,Originals,نتنياهو.. منبوذ في الأمم المتحدة,6,1716,69.8135198135198
837575,AJA,النشأة والتعرف على الشيوعية,5,2632,69.8024316109423
776500,LIVE,الصحة في حرب السودان,9,2176,69.7763480392157
629695,AJA,سعد البراك.. نجاحات بهويات مختلفة,4,3045,69.7701149425287
683560,AJA,تحديات الحكم بعد الثورة,6,1426,69.7639083683964
667750,Originals,النبيّ وصلح المتخاصمين,2,547,69.7440585009141
658333,AJA,منتدى الجزيرة الثاني 2006,3,1337,69.6833707304911
628670,AJA,تأسيس دولة إسرائيل.. الدور السوفييتي,7,2692,69.6614306941201
637929,AJA,الإخوان وثورة يوليو,4,3079,69.6492367651835
813588,Originals,الأسبوع الثالث من يونيو.. حظر العبودية,37,1119,69.6036519092819
743717,AJA,قطر في قلب تغييرات إقليمية,8,4161,69.5475847152127
725420,AJA,المواقف من العفو الرئاسي السوداني,3,5510,69.5281306715064
815741,AJA,الجمعيات العربية في أميركا,5,4225,69.5242603550296
839344,AJA,ترامب ينشر غواصتين نوويتين ردا على مدفيديف,39,286,69.4907656446118
716018,AJA,شهادة على حكام مصر,8,2583,69.4783197831978
734603,Other,اختفاء نتنياهو بسوريا تزامنا مع صفقة غزة,2,375,69.4666666666667
677608,AJA,لوحة قطر بين الآثار التاريخية والفنون العصرية,5,1474,69.4436906377205
641000,AJA,فيلم من لقطة واحدة,9,1447,69.438685402749
827320,AJA,معارك الإدارة الأميركية مع معارضي حرب غزة,17,3469,69.4351652451122
630572,Other,علاقات سامة,55,307,69.4344092389695
830546,AJA,أفغانستان بعد 5 سنوات من الاحتلال الأميركي,4,2833,69.4316978468055
766622,AJD,شيخ الأقصى,1,1576,69.4162436548223
628853,AJA,ثمن أوسلو - الجزء 1,22,2982,69.4073532101701
824075,Other,بيتزا الشجاعية,15,589,69.4057724957555
806301,AJA,الاحتفال بذكرى المولد النبوي الشريف,2,5260,69.3726235741445
845690,AJA,طفلة فلسطينية تُستهدف بمسيّرة حين جلب الماء,17,193,69.3690947881743
683548,AJA,بين العصيان والثورة,16,1490,69.3540268456376
703315,AJA,برلمان الثورة والمواجهة مع العسكر,6,2707,69.3449082625292
817916,AJA,حقيقة الدعوة السلفية,12,5376,69.3188864087302
667715,Other,الكثافة والطفو,6,343,69.290573372206
712068,AJA,طقوس وعادات طائفة إخوة النهر الأميركية,7,1057,69.239086363022
685739,AJA,حريق القاهرة وثورة يوليو,9,2922,69.233401779603
770649,LIVE,الحلقة الخامسة والعشرون- حرب المراسلات,54,2944,69.2123339371981
686021,Other,الملك هنري يريد وليا للعهد,8,665,69.2105263157895
773299,LIVE,الحلقة الرابعة والعشرون- مؤامرة الفرس,100,2984,69.2077747989276
811779,AJA,ظاهرة تلبس الجن بالإنس بين الحقيقة والوهم,7,4160,69.2067307692308
637756,AJA,العمليات الانتقامية واغتيال آلان سيكرست,15,2309,69.1901255954959
770008,LIVE,الحلقة الخامسة عشرة– القعقاع يكلف بمهمة جديدة,32,2698,69.1519180874722
683619,AJA,سيبويه.. صاحب الكتاب,2,1208,69.1225165562914
630125,AJA,النظام المصرفي العالمي والمخاوف من أزمة مالية,1,2978,69.1067830758899
758283,Originals,الأسبوع الأول من أبريل.. مقتل مارتن لوثر كينغ,26,1089,69.1036236490782
770998,LIVE,الحلقة السادسة والعشرون– عهد جديد وخطر أكبر,100,3093,69.0944067248626
766020,LIVE,الحلقة الثلاثون - من اختطف فارسا؟,23,2585,69.0757715919603
758912,AJD,الشيخ محمود خليل الحصري - مصر,6,855,69.0643274853801
629487,AJA,مصمم منبر صلاح الدين بالمسجد الأقصى,1,1484,69.0026954177898
678259,AJA,التيار السلفي المصري,2,2885,68.9948006932409
683559,AJA,الصدام السياسي في السلطة,9,1556,68.9802913453299
765167,AJA,مستقبل فلسطين وسيادة إسرائيل,1,4140,68.9613526570048
721971,AJA,سرقة الآثار العراقية وسط الحرب,2,1349,68.9399555226093
683833,AJA,مفاوضات فيينا والخيارات البديلة,1,3000,68.9333333333333
629246,AJA,نوري المالكي.. الصورة الكاملة,31,3055,68.9287788395544
716831,AJD,آل جنبلاط.. عناد الجبل,16,3080,68.9042207792208
768784,LIVE,الحلقة الثانية عشرة– الدعوة العباسية,46,2926,68.8972926387114
630563,AJA,عبد الرزاق مقري .. الحركة الإسلامية الجزائرية,6,3032,68.8764291996482
745767,Other,جلطة إسرائيلية جماعية في يوم تبادل الأسيرات,2,517,68.8588007736944
773289,LIVE,الحلقة الحادية والعشرون– موت ونجاة,76,2995,68.8498374483789
732616,AJA,العراق وإيران.. حرب بالوكالة,2,5355,68.8422035480859
694131,AJA,سرب المطارق الذي اغتال حسن نصر الله,29,279,68.8419231244593
753532,AJA,تفاصيل الهجوم على طائرة الحسن الثاني,9,3080,68.8383838383838
800221,AJA,كيف يبدو أول آيفون قابل للطي؟,11,1166,68.8211445501325
718623,Other,"البث المباشر لحفل ""جائزة صناع المحتوى العرب""",3,31,68.8172043010753
843338,AJA,مستقبل باكستان في ظل الحرب على أفغانستان,2,5070,68.8165680473373
843350,AJD,أوتيس.. بعيدًا عن حرب القمصان,2,1502,68.7416777629827
701126,AJA,فيديو صادم من مقبرة مصرية,16,280,68.7276785714286
657723,AJA,الطوارق.. أقدام على رمال ساخنة,2,2904,68.715564738292
765136,AJA,الحكواتي - سوريا,2,155,68.7096774193548
627923,AJA,السنغال - الجزء 1,4,2865,68.673647469459
688718,Other,العدد والمعدود,5,196,68.6734693877551
735738,AJA,مكالمة مسربة تُسبب إحراق مدرسة راغب علامة!,3,266,68.671679197995
630786,Other,ضياع الهوية في الغربة,79,320,68.6590189873418
630934,AJA,زياد النخالة.. مسار حركة الجهاد,7,3027,68.6582660814574
788487,Originals,لست وحدي,12,635,68.6482939632546
627982,AJA,انهيار يهدد الاقتصاد السوري,1,2934,68.6434901158828
770007,LIVE,الحلقة التاسعة عشرة– حياة الملك في السجن,87,2988,68.6412315930388
683200,AJA,السادات في القدس.. كواليس الزيارة وتداعياتها,12,2824,68.6319641170916
763679,AJA,الخلاف الإسلامي المعاصر في الفرقة الناجية,3,4236,68.6260623229462
688811,AJD,الفن للتقرب من الخالق,3,637,68.6028257456829
830128,Other,مبارك بن لندن.. الإنجليزي البدوي,49,531,68.5960259810139
677600,AJA,ما بعد انتخابات رئاسة السلطة,4,4311,68.574576664347
831825,AJA,فاروق الباز.. مشروع ممر التنمية لتطوير مصر,5,2992,68.5695187165775
678070,AJA,الانتهاكات الإنسانية جراء حصار قطر,1,2993,68.5599732709656
717033,AJA,لماذا قام صدّام بغزو واحتلال الكويت؟,205,2937,68.5531112716643
806470,AJD,عرفتُ الهوى,28,863,68.5317000496607
770541,LIVE,الحلقة السابعة والعشرون- معركة صفين,29,2701,68.525067344151
770645,LIVE,الحلقة التاسعة عشرة– عصيان ضد الخليفة الجديد,72,2957,68.5247811220081
773320,LIVE,الحلقة السابعة والعشرون- نصب الراية العربية,107,2997,68.5242875274028
637774,AJA,خلافات عبد الناصر والملك عبد العزيز,14,2521,68.5158950529835
684268,AJA,زنجبار.. أندلس إفريقيا,20,1447,68.5072563925363
637785,AJA,الوساطة بين السعودية واليمن,55,2805,68.5023497002107
722884,AJA,جمهورية التحرير,6,2894,68.4980419258235
667341,AJA,الذاكرة,4,2793,68.483709273183
752976,AJA,سلاح المقاطعة,2,1497,68.4702738810955
683157,AJA,الزنداني.. العالم والداعية والمجاهد,2,2758,68.4554024655548
637769,AJA,الانقلابات العسكرية وتأثيرها تاريخيا,27,2520,68.4523809523809
770012,LIVE,الحلقة الحادية والعشرون– موت الخليفة المأمون,97,2999,68.4179950017704
766637,Other,الملوخية من غزة,1,478,68.4100418410042
758285,Originals,الأسبوع الثالث من أبريل.. صعود عبد الناصر,13,979,68.405751551819
770677,AJA,"مفاهيم دينية شائعة لكنها ""مغلوطة""",10,3415,68.3865300146413
731734,Originals,إسطنبول: التحدي الأخير,11,2031,68.3675753099682
630847,Other,مجموع القمة,71,380,68.3432171979244
630910,AJA,برهم صالح.. ذكريات الجمهورية,3,3091,68.3381861317804
809129,Other,أحداث طائفية في سوريا,3,1397,68.3369124314006
768102,LIVE,الحلقة الخامسة- خطر محدق,78,2941,68.3340744034386
629845,AJA,حالات التنمر في المدارس وسبل إيقافها,6,1478,68.3017591339648
712940,Other,"هل تعود أميركا إلى ""الانعزالية""؟",1,369,68.2926829268293
831794,AJA,ما واقعية المخاوف من تولي الإسلاميين السلطة؟,2,2964,68.2186234817814
637942,AJA,آثار حرب النكسة على اليمن,9,2959,68.2024708047013
684190,AJA,خروتشوف في مصر,5,3063,68.1880509304603
629562,AJA,تجار التجسس,30,2832,68.1803201506591
641013,AJA,المخرج ومدير التصوير.. علاقة معقدة,4,1443,68.1739431739432
770675,LIVE,الحلقة التاسعة عشرة- المجانيق فوق مكة,111,3088,68.1705993558325
667799,AJA,شيرين.. اغتيال الكلمة,2,2496,68.1290064102564
692161,Other,نداءات البائعين.. لوحات فنية عربية,7,824,68.1171983356449
813668,Other,إسرائيل تخدع إيران,6,646,68.1114551083591
735499,AJA,محاولات وأد الثورة السورية,3,1461,68.0812229066849
690288,AJA,بأمر عسكري.. إغلاق مكتب الجزيرة في رام الله,62,202,68.045352922389
657683,AJA,معجم مصري في اللغة العربية,2,2799,68.0421579135405
648018,Originals,حزن النبي,5,599,68.0133555926544
763987,Other,هل انتصرت المقاومة الفلسطينية في غزة؟,5,497,68.0080482897384
640976,AJA,المرض النفسي في السينما,9,1504,68.003841607565
738082,Originals,"الأسبوع الثاني من يناير.. رحيل ""بن علي""",17,1037,67.995915820523
677637,AJA,إثيوبيا.. حياة القبائل ومزار قبر النجاشي,15,1448,67.9926335174954
628832,AJA,كشمير وصراع القوى الإقليمية,2,2964,67.9824561403509
725014,AJA,الحدود بين الدول العربية,3,5640,67.9787234042553
773610,Other,ريفييرا في غزة,3,570,67.953216374269
758291,AJA,الاتصالات الخفية,2,2960,67.9222972972973
850150,Originals,الفرار من تل أبيب: هو أنت منين؟,5,1621,67.9086983343615
714410,Other,لعنة أكتوبر الأسود تلاحق إسرائيل,4,437,67.9061784897025
807163,Other,أوروبا تهدد إسرائيل,7,1268,67.9022082018927
677877,AJA,هولندا.. الطواحين الهوائية وحدائق الزهور,6,1494,67.8714859437751
630737,AJD,عائلة الأسعد.. طموحات العودة,9,2743,67.8697290071698
689440,AJA,لجنة إزالة التمكين,1,2997,67.8678678678679
628426,AJA,اغتيال فرج فودة,21,2778,67.8579999314341
683557,AJA,صراع السلطة,10,1637,67.8313989004276
683236,AJA,الخميس الأسود في تونس,11,3094,67.8262913557031
665896,AJD,مقرئ الأقصى - محمد رشاد الشريف,4,1517,67.8147659854977
630097,AJD,سوريا.. الدومري,5,764,67.8010471204188
697918,Other,من راعٍ إلى أستاذ جامعي!,13,550,67.7902097902098
629972,AJA,معظم الحجاج مسلمون!,3,1529,67.7567037279267
788488,Originals,ميدان لعب,10,1034,67.7466150870406
766553,AJD,الدميري.. عبقري حياة الحيوان الكبرى,2,1666,67.7370948379352
637801,AJA,رد الاتهامات,2,2870,67.7351916376307
695170,AJA,استنفار في الجزائر بسبب الملاريا في الجنوب,10,278,67.7338129496403
770988,LIVE,الحلقة السابعة والعشرون- مواجهة الخوارج,105,2998,67.7006893484545
630812,Other,التعصب,53,286,67.6936271275894
637911,AJA,حفلات التعذيب وفصول العزلة,9,2962,67.6719933978543
627922,AJA,السنغال - الجزء 2,3,2874,67.6525168174438
637971,AJA,الخلافات السياسية الكبرى,16,1361,67.634092578986
637878,AJA,أشكال تمويل الفصائل الفلسطينية بالسبعينيات,3,3040,67.5986842105263
848752,AJA,وجها إلى وجه.. معتقلو صيدنايا يواجهون سجّانيهم,34,277,67.5833510299427
683563,AJA,الثورة المضادة وغاياتها,5,1530,67.5816993464052
802896,AJA,الذكرى 13 لغزو العراق الكويت,21,4313,67.5808463891005
770728,LIVE,قصة عيون سلام,3,2192,67.5638686131387
770655,LIVE,الحلقة السادسة والعشرون- تمرد إبراهيم,52,2931,67.5629215547332
683745,AJA,البرتغال.. منارة البحار,8,1483,67.5573162508429
630733,AJD,عائلة كرامي.. الإفتاء والسياسة,11,2715,67.4870249455885
668356,AJA,الانتداب البريطاني في غزة,3,2871,67.4793916173226
707038,Other,أصل اللغة العربية,2,767,67.4706649282921
700997,AJA,معركة قلعة جانغي,14,3130,67.4577818347786
821963,AJA,جاسوس مصري اخترق الموساد 11 عاما,12,2877,67.4516278530877
837587,AJA,فشل محاولة الانقلاب الأولى,31,2896,67.4467563714133
729207,AJA,حسن الترابي وحقيبة تحت السرير,7,1100,67.4415584415584
770525,LIVE,الحلقة الثالثة والعشرون– مناظرة خلق القرآن,103,3057,67.4399992377831
766025,LIVE,الحلقة الثامنة والعشرون- هل يقع جابر أسيرا؟,26,2415,67.4215639433031
727600,Originals,أسرار هوليود المظلمة,29,1066,67.4095878889823
677617,AJA,أيدٍ ماهرة,2,1333,67.4043510877719
703320,AJA,أزمة دستور مصر 2012,3,2993,67.4017151130415
626092,AJA,القرآن الكريم.. تعلما وتدبرا وترتيلا,3,3040,67.3793859649123
851019,AJA,أوزبكستان.. حرب على الإرهاب أم على التدين؟,3,1695,67.3549655850541
688714,Other,كانت الحلقةُ ناقصةً,11,235,67.3500967117988
826688,AJA,مستقبل الجزائر في ظل المصالحة الوطنية,5,2792,67.3352435530086
768103,LIVE,الحلقة الرابعة- حكم يزيد وخلافة هشام,97,2931,67.3317927451663
815217,Other,بنات بلدي,11,286,67.3235855054037
667389,AJD,جزيرة بوطينة,8,1515,67.2937293729373
840088,AJA,علاقة موريتانيا بإسرائيل,10,1859,67.2888649811727
678339,AJA,قانون مكافحة الإرهاب في بريطانيا تحت المجهر,3,2851,67.2629486729802
628068,AJA,الصراع الدولي حول آسيا الوسطى,5,4085,67.2215422276622
771021,Other,إسرائيل تشعر بالخطر,3,1327,67.2192916352675
629937,AJA,مسلسل اغتيال قيس سعيد,6,1526,67.2127566622979
818709,Other,الضربة الأخيرة؟,13,487,67.1931764334228
668155,AJD,القتل الأبيض,1,2601,67.1664744329104
683197,AJA,إعلان استقلال الجزائر,3,2981,67.1251257967125
735597,AJA,“صيد الثعابين”.. القسام توقع بقوة إسرائيلية,7,312,67.1245421245421
716550,AJA,حالة استنفار في أميركا عشية الانتخابات,4,238,67.1218487394958
845613,AJA,تأثيرات سدود تركيا على نهري الفرات ودجلة,3,1329,67.1181339352897
761662,AJA,هواتف مصممة لعشاق تيك توك,5,1321,67.115821347464
637854,AJA,كواليس زيارة السادات للقدس المحتلة,13,2909,67.1047412539334
738422,Originals,الأسبوع الثالث من مارس.. اشتعال الثورة السورية,19,1134,67.0704539125592
770673,LIVE,الحلقة التاسعة والعشرون- خيانة الوزير,38,2874,67.0622275940373
717034,AJA,انتقام صدام حسين من أصهاره,217,3045,67.0578798816523
629080,AJA,الدور السوفيتي.. تغيّر شروط المحبة,7,2775,67.037323037323
705892,AJA,كرواتيا.. ثاني أطول جدار حجري في العالم,3,1537,67.0353502494036
826683,AJA,أيمن الظواهري.. من قصور المعادي لكهوف أفغانستان,10,3135,67.0334928229665
840700,AJA,دراماهُن.. أشواك على الدرب,2,1465,67.0307167235495
725738,AJA,9 سنوات في سجون الاحتلال الأميركي,194,2864,67.0293872026724
683694,AJA,بور سعيد.. المدينة الاستثنائية,3,1472,67.0289855072464
711872,AJA,التوتر السياسي بعد الاستقلال,20,3011,67.0126203918964
833817,Other,كيف ننقذ سوريا؟,27,890,67.0037453183521
768768,LIVE,الحلقة التاسعة- موفد كسرى الثاني,109,2992,66.9911813766374
754220,AJA,مستقبل الخليج في ظل الصراع الأميركي الإيراني,1,3090,66.9902912621359
770656,LIVE,الحلقة الثانية والعشرون- شرط الحجاج,110,3021,66.9841413138335
637897,AJA,اغتيال بشير الجميّل وما تلاه,3,3100,66.9247311827957
744177,AJA,مخططات إسرائيلية لتهويد القدس,3,2873,66.9103144216266
629218,AJA,السودان.. البحث عن الديمقراطية,2,3011,66.8880770508137
686019,Other,حقوق الإنسان أم الحيوان؟,12,420,66.8849206349206
770539,LIVE,الحلقة التاسعة والعشرون- وثيقة التحكيم,29,2746,66.8784689956551
683587,AJA,الثورة المضادة في ليبيا,3,3080,66.8398268398268
678376,AJA,سودان جديد,2,2964,66.8353576248313
826749,AJA,انتخابات العراق بين الديمقراطية والطائفية,3,4194,66.825623907169
849256,AJA,أزمة الشباب في العالم العربي,3,2749,66.7757972596095
837237,AJA,جون ماكين.. سيرة حياة,3,1318,66.7425392008093
725009,AJA,إسرائيل في عهد إيهود باراك,2,5365,66.7381174277726
825934,AJA,الفصائل الفلسطينية: الصراع الداخلي والمقاومة,3,4108,66.7153521583901
657845,AJD,فيزيائي من أم درمان,1,1568,66.7091836734694
678218,AJA,القوى الناعمة.. الجامعة الأميركية في بيروت,1,2829,66.7020148462354
753529,AJA,المتورطون في انقلاب الصخيرات,7,3005,66.693605894937
830530,AJA,ازدياد الإقبال على عمليات التجميل,3,2563,66.6796722590714
827238,AJA,العراق وخفايا المبادرة العربية,3,2739,66.6788365583546
833015,AJA,الدوران السوري والإيراني على الساحة اللبنانية,3,2851,66.678358470712
839060,AJA,خلاف داخل البيت الشيوعي,3,2627,66.6666666666667
826670,AJA,قوانين الطوارئ، حماية للأنظمة أم للشعوب؟,3,2809,66.6666666666667
792389,AJA,انتخابات بحرينية وسط تعديلات دستورية,3,3757,66.6666666666667
724710,AJA,اتهامات عراقية ونفي عربي,3,5754,66.6666666666667
719097,AJA,"هل يُعاقب ""سان جيرمان"" بسبب ""فلسطين حرة""؟",3,313,66.6666666666667
716967,Other,Test Asset,6,6,66.6666666666667
711861,Other,تفجيرات الموساد في بغداد,3,425,66.6666666666667
685740,AJA,عمل الأجهزة الأمنية بعهد بورقيبة,3,3133,66.6560272369401
689129,AJA,الوحدة 8200 الإسرائيلية.. كيف تعمل؟ وما مهامها؟,124,234,66.6494347945961
769747,LIVE,الحلقة السابعة عشرة– الوصول إلى المدائن,90,2996,66.6447856401127
736461,AJA,محاولة إسقاط طائرة الملك الحسن الثاني,10,2853,66.6386260077112
803338,AJA,صالون كهربائي فاخر يسير على أربع عجلات,11,1350,66.6195286195286
767650,AJA,شتيفان فايدنر.. الأدب العربي بلسان ألماني,23,3087,66.6187800171829
658334,AJA,تسع سنوات على انطلاق الجزيرة,6,1641,66.6158846231972
626313,AJA,الشريعة الإسلامية بين التسهيل والتساهل,1,2998,66.577718478986
818037,AJA,الطاهر زبيري.. سنوات الاستقلال والانقلابات,3,2806,66.5716322166786
641041,AJA,اتساع الثغرة والاتهامات المتبادلة,16,2975,66.5714285714286
685242,Other,دور إسرائيل في مذبحة العرب في زنجبار,7,411,66.5623913799096
834566,AJA,أكتوبر 73.. أكتوبر 98,4,1930,66.5544041450777
815767,AJA,الحرب على الإرهاب... انتصار أم تستر؟,6,4004,66.5334665334665
768216,LIVE,الحلقة الثامنة- مقتل مصعب,151,3064,66.5297062230906
727555,AJA,حقوق الإنسان العربي,6,5417,66.515906713433
768160,LIVE,الحلقة الثانية عشرة- قتال نقفور الروم,124,2970,66.5013033561421
630104,AJD,مقهى النجمة.. قسنطينة - الجزائر,5,813,66.4944649446495
760131,Other,من خاف سلم,6,623,66.4794007490637
648033,Originals,الأب,3,689,66.4731494920174
766028,LIVE,الحلقة الرابعة والعشرون- مصادرة أراضي القرية,17,2407,66.4727877025343
839157,Other,أخبار كافرة,375,871,66.471947952545
760372,AJA,الزكاة.. هل تصل إلى مستحقيها؟,1,1515,66.4686468646865
770999,LIVE,الحلقة الثامنة والعشرون– عودة الإمام لشوارع بغداد,94,3119,66.4659976942964
802242,AJA,الوجود الأميركي في المنطقة العربية,7,4188,66.4654113794515
766024,LIVE,الحلقة الحادية والعشرون- من باع غسانا للعدو؟,25,2584,66.4597523219814
766004,LIVE,الحلقة الحادية عشرة- مهمة سرية,77,2610,66.4472309299895
640994,AJA,حرب الاستنزاف وإنهاك الخصم,24,2815,66.4342806394316
767757,LIVE,الحلقة الثالثة والعشرون– الاستعداد للمعركة,60,2786,66.4273749700885
678405,Originals,مصر - القاهرة,57,814,66.4145006250269
792371,Other,عباس شاتمًا: أعيدوا الرهائن!,14,1030,66.4077669902913
767660,LIVE,الحلقة السابعة عشرة- هرطقة وهروب,83,2778,66.4042780192042
637869,AJA,كامب ديفيد واغتيال السادات,7,2920,66.3845401174168
667219,AJA,زكريا موسوي.. صناعة إرهابي,1,2705,66.358595194085
812118,Other,باكستان في مواجهة إسرائيل!,17,1197,66.3521548970465
831501,Other,"""فرّق تسد"".. إسرائيل تلعب بورقة الدروز",22,598,66.342353298875
768120,LIVE,الحلقة التاسعة- رحيل هشام,49,2918,66.3314263333846
686091,AJA,المجزرة,19,2967,66.3296258847321
806467,AJD,البُردَة,19,819,66.3260715892295
686020,Other,المقامة الميدانية,22,652,66.2994980479643
738986,AJA,النشأة في ظل الاستعمار الفرنسي,8,2656,66.2697665662651
630859,Other,كيف تعزز ذكاءك العاطفي؟,3,481,66.2508662508663
683025,AJA,السعي لاستعادة الثورة,4,1548,66.2467700258398
766016,LIVE,الحلقة التاسعة عشرة- المنافسة على لطيفة تشتد,22,2539,66.2232804611694
722886,AJA,أصحاب الياقات البيضاء,3,3114,66.1956754442304
837220,Other,لماذا تحالفت إسرائيل مع إثيوبيا؟,118,1233,66.1690516447414
628225,AJA,منذر الدحلة.. مهندس فلسطيني في أميركا,9,1605,66.1682242990654
630275,AJA,وديع حداد.. كيف تم تسميمه؟,19,2993,66.1613941301634
773720,LIVE,الحلقة التاسعة والعشرون– مداهمة بيت الإمام,90,3131,66.1574221938323
767752,LIVE,الحلقة التاسعة عشرة- تحرير عمرو,58,2745,66.1478550342315
690844,AJA,ماذا جرى بمباراة مولودية الجزائر واتحاد المنستيري؟,62,246,66.0700236034618
725374,AJA,انتخابات الجزائر في ظل حكم العسكر,2,5590,66.046511627907
766019,LIVE,الحلقة الثالثة عشرة- معركة الكرامة,23,2454,66.0394741504553
770018,LIVE,الحلقة الثالثة عشرة- التخطيط للحرب,102,3052,66.032559812916
637777,AJA,نهاية العمل الفدائي في الأردن,5,2700,66.0222222222222
697920,Other,محررة الأميركيين السود,9,544,66.0130718954248
826692,AJA,تجنيس اللاجئين الفلسطينيين وحق العودة,3,2852,66.0121552127162
637892,AJA,الحركة الإسلامية وتحديات الحكم,13,2869,65.9999463763842
630923,AJA,آفي شلايم.. الوثائق السرية,11,2732,65.9889524823639
637938,AJA,تداعيات زيارة السادات لإسرائيل,11,2884,65.9847434119279
768792,LIVE,الحلقة الحادية عشرة- اعتقال المعتزلة,97,3015,65.9845104375032
770014,LIVE,الحلقة الثامنة عشرة– اقتراب صعود حاكم جديد,77,3224,65.9836131610325
686018,Other,سياسة الاستعمار,24,493,65.9651791751183
770530,LIVE,الحلقة الرابعة والعشرون– خارج السجن أخيرا,105,3008,65.9596631205674
688733,Other,الأم,5,511,65.9491193737769
770545,LIVE,الحلقة الخامسة والعشرون- الخلاف يتحول إلى احتراب,27,2679,65.9436218600086
770019,LIVE,الحلقة السادسة عشرة- حصار مكة,110,2992,65.9400826446281
700990,AJA,انتفاضة الخبز وحقيقة المؤامرة,5,2802,65.9386152748037
770654,LIVE,الحلقة الرابعة والعشرون- ثورة العلويين,46,2952,65.9331919406151
683625,AJA,لمّ الشمل للفلسطينيين.. صعوبات وتحديات,4,1764,65.8871882086168
630790,Other,الحمى وتأثيرها في الجسم,5,561,65.8823529411765
767667,LIVE,الحلقة الثالثة- الحقود الحسود,234,2843,65.8563092435762
765137,AJA,النابلسية - سوريا,1,123,65.8536585365854
637928,AJA,عالم ذو قطب واحد,5,2979,65.8475998657267
768745,LIVE,الحلقة الحادية عشرة- قبول مشروط,105,3002,65.8199295707624
637969,AJA,أحداث الانقلاب وأخطاؤه,24,3060,65.8061002178649
637894,AJA,سيطرة الشيوعيين على ثورة 1964,26,2865,65.8021210900792
736544,AJA,طيار يمني يهبط بصنعاء وسط قصف إسرائيلي مكثف,6,229,65.7933042212518
667818,AJD,الداليت المسلمون,3,3121,65.7908789917761
769740,LIVE,الحلقة الثانية عشرة– استجارة النعمان,98,2982,65.786213881931
701002,AJA,تداعيات محاولة الانقلاب على القذافي,6,2586,65.7708172209332
629672,AJA,صدام الحضارات ونظرة العم سام,2,1539,65.7569850552307
637840,AJA,أسرار علاقة الإخوان بنظام مبارك,33,2781,65.7557233609014
700994,AJA,أشكال التحقيق في سجن غوانتانامو,16,3016,65.7451923076923
630569,Other,ازدواجية المعايير,47,255,65.7405089695453
779951,Other,بانوش الدانة.. احتفال انتهى بكارثة بحرية,8,575,65.7391304347826
637752,AJA,معارضة الشيشكلي,14,2447,65.7364703135034
637889,AJA,صدمة ما بعد كامب ديفيد,10,2787,65.7229996411913
793345,AJA,كيف ساعد المغرب إسبانيا في استعادة الكهرباء؟,1,242,65.702479338843
821917,AJA,العراق.. بين المناصرة والخذلان,5,4044,65.6973293768546
629702,AJA,"سيارات المستقبل بعيون ""أودي"" الألمانية",3,1236,65.6957928802589
657818,AJD,وحدن - لبنان,3,821,65.692245229395
637963,AJA,مأساة الاعتقال الإداري بالسجون الإسرائيلية,10,2863,65.6863429968564
770004,LIVE,الحلقة الثامنة عشرة– اللقاء المنتظر,96,2982,65.6718086295551
766030,LIVE,الحلقة السادسة والعشرون - من سينقذ المختار؟,24,2406,65.6605015239679
768121,LIVE,الحلقة الثانية والعشرون- انتصارات متتالية,77,2791,65.6404863499095
626091,AJA,الاختلاف بين المذاهب.. سماته وضوابطه,6,3025,65.6363636363636
678133,AJA,غولن والاتهامات بالوقوف وراء محاولة الانقلاب,2,2811,65.6350053361793
628036,AJA,نيجيريا.. الشريعة والديمقراطية,2,4062,65.6326932545544
818205,Other,المرشد الأعلى,8,874,65.6321510297483
640951,AJA,السينما وتزوير التاريخ,12,1440,65.630787037037
805050,Other,أوروبا تنقلب على إسرائيل,17,963,65.6282450674974
773297,LIVE,الحلقة الخامسة والعشرون- استنهاض نخوة العرب,111,2986,65.621247503364
742221,AJA,حقوق اليتامى,1,2859,65.6173487233298
809587,Other,صواريخ الصين ستصل أميركا؟,14,1220,65.6088992974239
637977,AJA,مقاومة التغريب والسعي إلى التعريب,28,2948,65.6037991858887
815040,AJA,أبراهام سرفاتي.. سنوات النضال والسجن,3,3039,65.602720193046
766704,AJD,فاطمة إليزابيث كيتس,5,1710,65.6023391812866
701018,AJA,تزوير الانتخابات التشريعية 1989,2,2939,65.6005444028581
769733,LIVE,الحلقة الثامنة عشرة- فرض مذهب المعتزلة,120,3036,65.556379007466
806468,AJD,أضحى التنائي,12,859,65.5413271245634
630596,AJD,شاهد على النكسة.. قطاع غزة,6,802,65.5236907730673
849774,AJA,"إسرائيل تطالب بسحب تقرير مجاعة غزة ""فوراً""",33,251,65.5197392249185
637858,AJA,المؤتمر الشعبي في مواجهة المؤتمر الوطني,18,3053,65.5147941915056
697811,AJA,تسييس المناهج,1,3053,65.5093350802489
630181,AJA,"""إحنا بتوع الأتوبيس"".. الصدمة والخلفية",2,1387,65.5010814708003
736757,AJD,أصبح عندي الآن بندقية,1,3236,65.4820766378245
768122,LIVE,الحلقة الثانية عشرة- القعقاع وخالد يفترقان,52,2750,65.4818181818182
766014,LIVE,الحلقة العشرون - ثمن المقاومة,25,2488,65.4694533762058
630255,AJA,تورغوت أوزال.. إثبات القتل بعد 11 عام,21,2793,65.4476326871601
837596,AJA,كواليس محاولة انقلاب 2003,22,3013,65.439157589838
688715,Other,"كأنها جلطة ""لغوية""",10,203,65.4187192118227
629688,AJA,جوزيف مسعد.. مناصرة القضية الفلسطينية,5,2927,65.4185172531602
630453,AJA,منصور خالد.. أسرار لتاريخ السودان,2,2969,65.4092286965308
764374,LIVE,دجاج بالطريقة المكسيكية وتشيز كيك الكرك,1,2067,65.4088050314465
637826,AJA,عمليات الجبهة الشعبية ضد إسرائيل,5,3080,65.3961038961039
668140,AJD,حجاب ستايل,1,1602,65.3558052434457
834572,AJA,الإسلام في نيجيريا,1,2338,65.35500427716
640993,AJA,من ألعاب الفيديو إلى السينما,8,1232,65.3510551948052
835964,Other,السلطنة المفقودة,86,584,65.3412711054476
640969,AJA,عندما تغني السينما,8,1455,65.3350515463918
769741,LIVE,الحلقة الرابعة عشرة– إجارة النعمان وأهله,91,2986,65.3323568594835
627897,AJA,أي نظام دولي جديد يريده العرب؟,4,2907,65.3250773993808
725018,AJA,الذكرى التاسعة لحصار العراق,5,5592,65.3040057224607
630494,AJD,أقدم شعوب الأرض.. قبائل النانتيس- الجزء 1,3,1568,65.2848639455782
768215,LIVE,الحلقة السابعة- رايات الحسم,151,3027,65.2634020088519
626112,AJA,فنون الدعوة,1,2891,65.2369422345209
683232,AJA,ألبانيا.. متاحف وقلاع,3,1562,65.2368758002561
767702,LIVE,الحلقة الثالثة عشرة- مغامرة في طليطلة,81,2711,65.2367355674868
640950,AJA,دور الحكومات في صناعة أفلام الجاسوسية,7,1469,65.2047067976272
837586,AJA,العلاقات الليبية المصرية,5,2557,65.2014078998827
683193,AJA,مؤامرة تقسيم فلسطين,7,2911,65.1813318938018
770696,LIVE,الحلقة السادسة والعشرون- تمرد القيسيين,111,3077,65.165555545796
636898,AJA,أسباب الخلاف بين ماليزيا وسنغافورة,5,2967,65.1499831479609
768790,LIVE,الحلقة الثالثة عشرة- صعود أبي مسلم الخراساني,55,2931,65.1332154709842
763887,Other,الفلامنكو والأندلس,13,244,65.1324085750315
829936,Other,أنفاق إيران السرية,29,1194,65.1273609426443
767669,LIVE,الحلقة الخامسة- شعرة معاوية,196,2946,65.1163112903002
724474,AJD,شيفرة البتراء - الجزء الأول,7,3125,65.1108571428571
830968,AJA,عشر سنوات على برنامج الاتجاه المعاكس,5,2625,65.0819047619048
637915,AJA,موقف الأمم المتحدة من الأزمات,3,2941,65.0799047942877
629930,AJA,سليمان خاطر.. رائحة الموت في زنزانة,22,2859,65.0704314922573
763591,Other,وجوه قرطبة,77,176,65.0531286894923
640982,AJA,اغتيال رشيد كرامي ومساعي الوفاق,4,3062,65.0391900718485
630533,Other,دروس في التفاوض,3,485,65.0171821305842
657688,AJA,كتاب يهز الأوساط السياسية المغربية,3,2742,65.0133722343788
808828,AJA,الديمقراطية في الإسلام,3,4308,65.0030950170226
630152,AJD,قبائل الكورواي,6,3341,64.9655791679138
752131,AJD,سلامتها أم حسن,8,1646,64.960510328068
637791,AJA,ثورة الخبز ونهاية حكم بورقيبة,1,2734,64.9597659107535
629872,AJA,البيضاء.. حب بخلفية سياسية,2,1451,64.9552033080634
749398,Other,ثقوب ما لهاش لازمة,21,1046,64.9549303468998
720156,AJA,انقلاب 1963 في العراق,9,3097,64.9481577153518
698990,AJA,هل سيطر الجيش الإسرائيلي على مارون الراس؟,8,256,64.94140625
830516,AJA,انسحاب أوكرانيا من اتفاقية حظر الألغام,14,1624,64.9366643209008
631152,AJA,الشاهد,33,3007,64.9303141155486
641032,AJA,الروس ومسار حرب أكتوبر,20,2893,64.9222260629105
700991,AJA,قمع ثورة الريف,6,3101,64.9199183059228
677622,AJA,قطر.. طبيعة جذابة وسط الصحراء,2,1397,64.8890479599141
770292,AJA,مفهوم الأفضلية في رمضان,4,3143,64.8822780782692
846341,AJA,قصة أغلى فطر في العالم,9,1737,64.875583701145
657665,AJA,نهضة الخط العربي,1,1486,64.8721399730821
667879,AJA,تصاميم مبتكرة من ثقافات متنوعة,1,1480,64.8648648648649
813609,AJA,حرية التعبير في الإسلام,2,4314,64.8585999072786
688750,Other,أنت مُلك من؟,3,603,64.8424543946932
835977,Other,عجوز إسرائيلية تخطط لاغتيال نتنياهو!,42,672,64.8384353741497
703316,AJA,التصادم مع المجلس العسكري,7,2994,64.801030632694
665862,AJA,كيف تسرق إسرائيل التراث الثقافي الفلسطيني؟,1,1542,64.7859922178988
691947,Other,الحرب العالمية الثانية,39,2338,64.7781360356211
631919,AJA,مقاومة التطبيع,3,3018,64.7669538325602
627924,AJA,الحركات الإسلامية في إندونيسيا,3,2887,64.7500288650271
637954,AJA,تفاصيل الخلاف بين الترابي والبشير,20,2869,64.7350993377483
776775,Other,الأسطول الأصفر,8,1328,64.7119728915663
683287,AJA,المغرب.. وادي الجنة وهوليود أفريقيا,31,1542,64.7085895987615
630889,AJA,علي بن الحسين.. المسيرة المهنية,8,3001,64.6992669110297
641034,AJA,استلام الرئاسة والحرب مع إيران,11,2999,64.6973233502076
703312,AJA,مصر بعد حسني مبارك,8,3024,64.6908068783069
683315,AJA,مرحلة ما بعد الحرب,5,2936,64.66621253406
851129,Other,أزمة دبلوماسية؟,234,591,64.6593489233083
640972,AJA,التدريب الأميركي والسوفياتي,22,2914,64.6580769950708
683199,AJA,انحراف منهجية المواجهة,3,3185,64.6572475143904
766031,LIVE,الحلقة السادسة عشرة- موقف أبي مخلوف يثير الجدل,18,2480,64.6482974910394
682905,AJA,دبي.. جزء 1,8,1549,64.6465461588121
767798,LIVE,الحلقة الخامسة - وصول الوفد المشؤوم,115,2987,64.6310825169939
834556,AJA,الولادة العسيرة لأرض الصومال,1,1357,64.6278555637436
738992,AJA,انقلاب بومدين على بن بلة,6,2811,64.6270603581169
712095,AJA,"""جرائم فظيعة"" في الجزيرة السودانية.. وقلق أممي",5,342,64.6198830409357
760696,AJA,مبادرة عالم الفضاء عصام حجي,2,1475,64.6101694915254
630310,AJA,نساء في الزنزانة - الجزء 2,3,1219,64.5884604867378
683171,AJA,صحراوي مغربي,4,2971,64.5658027600135
668207,AJD,نكبة الأثواب,3,3030,64.5324532453245
769744,LIVE,الحلقة الخامسة عشرة– المسير إلى كسرى,102,2993,64.5231029264362
806475,AJD,لمّا بدا يتثّنى,14,762,64.5106861642295
683687,AJA,البندقية وغصن الزيتون,31,2934,64.5040350067067
823749,AJA,"""أوكلي ميتا"".. حين تتحدث النظارات وتُفكّر",20,1260,64.484126984127
636912,AJA,مجالات التنمية الاقتصادية في ماليزيا,10,3002,64.4570286475683
770646,LIVE,الحلقة الثالثة والعشرون- مهمة جديدة للحجاج,137,3051,64.4259271221354
765999,LIVE,الحلقة الثامنة - استدعاء الكونت لطارق,85,2689,64.4210618423643
637750,AJA,إجهاض ثورة 1936 وتقسيم فلسطين,14,2334,64.4111886399804
765996,LIVE,الحلقة السابعة - زائر غريب في القرية,20,2535,64.3747534516765
683678,AJA,قائمة غولدا - الجزء 1,8,2035,64.3734643734644
826376,Other,أسباب ارتفاع معدلات الإصابة بالسرطان,5,2498,64.3634907926341
686083,AJA,زحلة والصيف الحار,14,2514,64.3539038527105
630614,AJA,الحركات الإسلامية: دراسة في التجارب العربية,4,2930,64.3515358361775
630449,AJA,المنصف المرزوقي.. رئيس بعد المنفى,3,2979,64.3504531722054
701617,AJA,سيرة الحجاج بن يوسف الثقفي,11,1219,64.3373853382057
809584,AJA,حدود وآفاق تأثير اليسار الأميركي فلسطينيا,1,2986,64.3335565974548
773293,LIVE,الحلقة العشرون- حصار القصر,85,2985,64.3204256577003
693804,Other,لماذا نشتري الفانوس في رمضان؟,7,271,64.3120716921455
701019,AJA,مقاومة الاحتلال وتحقيق الاستقلال,6,2831,64.2705757682798
627959,AJA,أجراس الخطر- الحقيقة وراء 11 سبتمبر - الجزء 4,167,3161,64.269625885843
630717,AJD,أغنية البحر السطيت.. السودان,1,736,64.2663043478261
830529,AJA,مقتطفات من أبرز حلقات 2012- الجزء 2,3,2820,64.2434988179669
833180,Other,قصف إسرائيلي لحماية الدروز؟,26,595,64.240465416936
770664,LIVE,الحلقة الحادية والعشرون- نهاية بن الزبير,118,3031,64.2110619642228
629283,AJA,سامسونغ.. التطورات والمزايا الجديدة,1,1454,64.1678129298487
693806,Other,لماذا ننام؟,3,319,64.1588296760711
834550,AJA,50 عاما على ثورة ماو.. كيف تغيرت الصين؟,2,1321,64.1559424678274
768157,LIVE,الحلقة الثامنة- هارون الرشيد بثياب العامة,122,2998,64.1558853443279
688730,Other,الجهل بالمرض,13,482,64.1557612511969
769742,LIVE,الحلقة الثالثة عشرة– رحيل النعمان,85,2988,64.1326088668399
683240,AJA,سقوط حكومة الصادق المهدي,10,2929,64.1140320928644
798806,Other,نجاح بني حمد,18,967,64.1043318395955
667683,AJD,ثالث الرحابنة - الجزء 2,75,2868,64.0892608089261
677638,AJA,فيتنام.. شعب يقاوم,6,1465,64.0841865756542
628004,AJA,نيجيريا.. البلقنة,4,4273,64.0826117481863
821925,AJA,جدل التمديد في لبنان,4,4204,64.075880114177
668295,AJA,الهند.. البحث عن الروح - الجزء 2,2,2871,64.0717520027865
827237,AJA,العلاقة بين الاستبداد والاستعمار,5,4133,64.0696830389548
677887,AJA,مخططات الاحتلال الإسرائيلي لتهويد القدس,1,2972,64.064602960969
630530,AJD,خفايا مخلوقات الأمازون - الجزء 1,10,1625,64.0430769230769
716423,Other,ولدت في 7 أكتوبر,11,182,64.035964035964
819120,AJA,مستقبل الصومال,3,1632,64.031862745098
765082,AJD,ابن النفيس.. الطبيب الفيلسوف,6,1579,64.0278657378087
815757,AJA,أميركا وأسلحة الدمار الشامل,5,4072,64.0225933202358
685780,AJA,التجهيز للانقلاب على النميري,18,3006,64.0016263768759
700996,AJA,مقاومة طالبان الغزو الأميركي,14,3078,63.9886753921842
683547,AJA,عهد بن علي والاستبداد,18,1676,63.9783876955715
796193,Other,الشهيدة الخيرة,6,229,63.9737991266376
668285,AJA,خارج المألوف.. الرسم بالقماش,2,587,63.96933560477
697146,AJD,الحافلة الأندلسية,2,3132,63.9527458492976
673625,Other,بسبب غزة.. جندي أميركي يحرق نفسه,4,758,63.9511873350923
716083,AJA,هل يعارض الغرب تسليح المعارضة السورية؟,1,2873,63.9401322659241
641045,AJA,عمليات القمع ومسلسل التفجيرات,5,3071,63.9335721263432
627932,AJA,اليوم السابع - الجزء 2,66,2933,63.9323683476428
804989,AJA,مستقبل سوريا بعد وفاة حافظ الأسد,8,5343,63.9294403892944
770989,LIVE,الحلقة الثامنة والعشرون- نبوءة العراف,117,3026,63.9161455420543
768217,LIVE,الحلقة التاسعة- الصراع على البصرة,155,3020,63.9081392864773
843413,Originals,وصية الشهيد الصحفي أنس الشريف ورسالته الأخيرة,7939,191,63.9021755545722
799758,AJA,التطهير العرقي,5,3071,63.9010094431781
630831,Other,الصداع,3,506,63.8998682476943
815501,Atheer,24 -مجازر أميركية بحق المدنيين,318,3475,63.8940319442559
697840,Other,"""أسد بوغافر""",5,520,63.8846153846154
771004,LIVE,الحلقة السابعة والعشرون– عودة الإمام لبيته,107,2995,63.856895448801
686079,AJA,الانفجار,28,2521,63.8394627982093
630991,AJA,أبو القعقاع السوري,63,2877,63.8379926179718
768162,LIVE,الحلقة الرابعة عشرة- رفض مال السلطان,100,2994,63.8316633266533
685766,AJA,رحلة الدراسة,13,2897,63.8246461857093
657853,AJA,الإخوان وثورة 25 يناير,6,2837,63.8232875102808
637976,AJA,رؤية الترابي للدولة الإسلامية,17,2777,63.8141032430257
637829,AJA,آثار معركة الكرامة بعد النكسة,14,3042,63.8114022729407
768123,LIVE,الحلقة الثامنة- مواجهة الفرس,88,2914,63.8028795158171
637738,AJA,وفاة جمال عبد الناصر وتأثريها,55,2804,63.7816106860329
640939,AJA,"""بريكينغ باد"".. أسطورة الدراما الأميركية",11,1391,63.7801450885563
637908,AJA,الانخراط في العمل السياسي,18,3085,63.7709346299298
717029,AJA,قراءة واقعية لمرحلة ما بعد عرفات,3,4072,63.7688277668631
677874,AJA,ألبانيا.. جبال شاهقة ومياه فيروزية,10,1542,63.7678339818418
736473,AJA,ترتيبات انقلاب 1962 في سوريا,5,2968,63.766846361186
803337,Other,الجاسوس رقم 19,11,547,63.7527006814027
743640,AJD,المسرح المصري - الجزء 2,1,3431,63.7423491693384
769735,LIVE,الحلقة التاسعة عشرة- فتنة خلق القرآن,116,2945,63.7395351560213
683819,AJA,ما أصل كلمة قرطبة؟,9,1487,63.7375775237241
766874,Other,اغتيال عالم نووي إيراني بارز,6,455,63.7362637362637
833664,AJA,اليمن.. واتساب وإكس منصتان لبيع السلاح,8,274,63.7317518248175
631005,AJA,سيناء.. الحديقة الخلفية,46,2755,63.7299771167048
626355,AJA,سنن الله في الكون,2,2998,63.7258172114743
767799,LIVE,الحلقة السادسة- لا تسلم العرب بناتها,144,2989,63.7134771941564
796195,Other,الشاهدة الشهيدة,5,492,63.6991869918699
770665,LIVE,الحلقة الثامنة عشرة- صمود ابن الزبير,98,3043,63.6848035303507
629685,AJA,أحمد بن حمد الخليلي وقضايا الأمة والواقع,11,2681,63.6634905564409
827292,AJA,ناغورنو كرباخ.. أصل الحكاية,5,1413,63.651804670913
763922,AJA,إبداعات فن التطريز الفلسطيني,4,1419,63.6363636363636
764684,AJA,المسجد الحرام في مكة المكرمة,1,627,63.6363636363636
630724,Other,مظهر أم جوهر,60,286,63.6363636363636
667257,AJA,حرب فلسطين.. خارج الرواية العربية الرسمية,3,2702,63.6318776215149
683257,AJA,عشرون عاما في السجون المصرية,7,2751,63.6288103027471
668244,AJA,النزاع في دارفور.. النزيف المتجدد,2,2928,63.6099726775956
815761,AJA,عدوى الثورات العربية,1,2753,63.6033418089357
767758,LIVE,الحلقة الرابعة والعشرون- حرق السفن,79,2666,63.5926386659956
803039,Originals,الأسبوع الثالث من مايو.. النكبة,19,1212,63.5834636095189
837637,Other,الصلصال,1,162,63.5802469135802
770015,LIVE,الحلقة الثانية عشرة- توقُّف الحجاج في الطائف,121,3030,63.5793579357936
630440,AJD,قهوة النوفرة.. دمشق - سوريا,2,858,63.5780885780886
768100,LIVE,الحلقة الثالثة- نهاية عمر,103,2928,63.5730012202239
763914,AJA,حازم القرطاجني.. حامل راية البلاغة,3,1465,63.5722411831627
697786,AJD,دكان مخرج الجبل,1,3162,63.5673624288425
773321,LIVE,الحلقة الرابعة والثلاثون- الانهيار,107,3027,63.5514018691589
765040,LIVE,الحواوشي المصري والبسبوسة,1,1805,63.5457063711911
770653,LIVE,الحلقة الحادية والعشرون- رسالة غامضة,63,2925,63.5376475376475
825478,Other,قنبلة إسرائيل النووية,25,1316,63.5258358662614
667849,Originals,"""صهيونال"".. المهدى الأشهر خصيصا لحكومة الاحتلال",11,1377,63.5175282234106
628237,AJA,في انتظار القيامة - الجزء 1,5,3089,63.5027516995792
767754,LIVE,الحلقة العشرون- هدية لفلويرندا,60,2746,63.4923525127458
637740,AJA,ما بعد ثورة يوليو,59,2811,63.4896803719046
806783,AJA,تمجيد الزعيم في العالم العربي,4,4246,63.4891662741404
630843,Other,اكتساب العادات والتخلص منها,3,541,63.4627233518176
763969,AJA,عمر عبد الرحمن,3,3004,63.4598313359964
657798,AJA,سنوات غوانتانامو.. الجزء 2 - الحلقة 5,4,3000,63.4583333333333
831453,Other,كمين جباليا,26,418,63.4523371365477
840089,AJA,أبو مصعب الزرقاوي,43,3075,63.4448856116468
769679,AJA,يورام فان كلافيرين.. يميني متطرف اعتنق الإسلام,19,3091,63.4422516984795
770349,LIVE,الحلقة الخامسة عشر- الاستسلام أو الحصار والموت,138,3046,63.4367238573753
630703,AJA,رياض حجاب.. رئيس وزراء منشق,9,2908,63.4303836160783
843703,AJA,هجمات 11 سبتمبر.. من لسان من رأى,5,2656,63.4262048192771
637850,AJA,فشل القبض على الملك,26,3015,63.4137007271336
823336,AJA,الجاهلية ومفهوم الوطن,67,1234,63.4025980309151
767701,LIVE,الحلقة الرابعة عشرة- اختطاف أميرة,80,2748,63.3742721979622
763846,AJA,السنة والشيعة.. علاقة متوترة,6,4231,63.3735129598992
678167,AJA,مستقبل اليمن بعد عاصفة الحزم,2,2957,63.3412242137301
821438,Other,من انتصر في الحرب؟,35,970,63.340206185567
683618,AJA,الجدار,14,1753,63.3363214081982
770678,LIVE,الحلقة الرابعة عشرة– عملية سرية,56,3697,63.331272460296
770674,LIVE,الحلقة الخامسة والعشرون- بطش الحجاج في العراق,152,3044,63.2867072411647
743688,AJA,إدريس جماع.. لحظات باقية,10,1104,63.2518115942029
736471,AJA,بدايات التحرك لانقلاب 1961 بسوريا,7,3083,63.2500810898475
773784,LIVE,حياة كالموت,9,2047,63.2470281713076
770546,LIVE,الحلقة العاشرة- الحجاج قائدا للجيش,162,3027,63.2343884463695
630101,AJA,جون قرنق.. الموت الغامض والتحقيق المشبوه,18,2886,63.2343882343882
765044,LIVE,أقماع البيتزا بالتوست,1,1810,63.2044198895028
630732,AJD,حكايات أبو العجب,5,888,63.1981981981982
753536,AJA,إعدام متهمين بمحاولة انقلاب أوفقير,4,3097,63.1821117210203
637803,AJA,خلاف القوميين والبعثيين,5,2810,63.1814946619217
743735,AJA,مبادرة الجبهة الإسلامية لوقف العنف في الجزائر,3,4207,63.180413596387
773305,LIVE,"الحلقة الثامنة والعشرون- ""يا محمد يا منصور""",136,2970,63.1664686076451
725013,AJA,قراءة في واقع اللاجئين الفلسطينيين,2,5632,63.1658380681818
776853,AJA,مستقبل العولمة بعد 11 سبتمبر,6,4974,63.1617745610508
736465,AJA,أسرار قصر الملك الحسن الثاني,4,2961,63.1374535629855
630933,AJA,مو فرح.. الرياضة وطنه الآمن,2,2952,63.109756097561
843052,AJA,طفل يمني ينقذ شقيقته من الاختطاف,27,261,63.0906768837803
630436,AJD,مقهى المحطة.. وهران - الجزائر,4,806,63.0893300248139
716416,Other,خرافة التقدم والتأخر,10,722,63.0886426592798
631946,AJA,ليلة الاتحادية,40,2972,63.0753701211305
770686,LIVE,الحلقة الثانية والثلاثون (الأخيرة)- مبايعة معاوية,25,2693,63.0508726327516
684262,AJA,هولندا.. ماض مجيد وحاضر مشرق,12,1512,63.0456349206349
792927,AJA,جريمة عنصرية بمسجد تهز فرنسا,1,257,63.0350194552529
713142,AJA,حماس والخلاف مع السلطة الفلسطينية,5,5839,63.0347662270937
727094,AJA,المعارضة تقلب الأوراق في سوريا,4,286,63.0244755244755
765991,LIVE,الحلقة الثالثة - زواج فلسطيني في الحرب,36,2755,63.0137124420246
761454,AJA,حيدر العبادي.. ذكريات الغربة والمنصب,16,3077,62.9753006174846
629445,AJA,"""استسلام"".. تخيّل مستقبل فرنسا السياسي",2,1512,62.962962962963
803242,AJA,نقل السلطة إلى العراقيين,3,4265,62.9386479093396
631131,AJA,مفقود في ليبيا,21,2971,62.9337564712859
767666,LIVE,الحلقة الثانية- ثورة في دمشق,236,2925,62.9277125887295
698604,Other,إيران كونترا,2,356,62.9213483146067
833818,Other,أنتم خصومنا أمام الله,52,494,62.9009654313298
766021,LIVE,الحلقة الخامسة والعشرون - هل يُفرج عن غسان؟,22,2410,62.8970199924557
629158,AJA,جامعة الدول العربية.. ما لها وما عليها,5,2871,62.8909787530477
628078,AJA,رفعت المحجوب,27,2942,62.8672860487952
773726,LIVE,الحلقة الحادية والثلاثون (الأخيرة)– وفاة الإمام,78,3124,62.8664762467579
640974,AJA,الأفلام الوثائقية.. بين الحقيقة والتزوير,32,1436,62.8612465181059
688752,Other,الألم الاجتماعي,4,556,62.8597122302158
685841,Other,السنوار.. البعبع,10,459,62.8540305010893
737051,AJA,جماعة أنصار الله تستهدف مطار بن غوريون,8,252,62.8472222222222
823697,Other,إيران والسلاح الصيني,17,1484,62.8230537498018
640973,AJA,طمع هوليود بجمهور بوليود,3,1332,62.8128128128128
736462,AJA,الخلاف بعد الصداقة,5,3136,62.8061224489796
629806,AJA,رسائل سيتا.. الجزء 2,9,3029,62.8003374784491
740630,AJA,استخدام المقاومة نفقا لمهاجمة لواء إسرائيلي,1,223,62.780269058296
683558,AJA,تسليم البغدادي إلى ليبيا,14,1419,62.7705627705628
792725,AJA,عزمي بشارة.. سؤال الهوية,2,1504,62.7659574468085
637882,AJA,اندلاع الحرب الأهلية اللبنانية,9,2937,62.7548897211819
637796,AJA,حسن البنا.. شخصيته وتأثيره في الجماعة,16,2793,62.7439133548156
765990,LIVE,الحلقة السادسة – سرقة الاحتلال مياه القرية,17,2576,62.7374862988674
830520,AJA,العالم العربي وإمكانية التأميم,2,2796,62.7324749642346
691858,AJA,وصول صدام حسين للسلطة,230,2990,62.7312781736222
683203,AJA,عزلة مصر بعد اتفاقية السلام,7,2794,62.710911136108
768161,LIVE,الحلقة الثالثة عشرة- وفاة هارون الرشيد,109,3028,62.708603492783
732617,AJA,التطبيع... إرادة شعبية أم قرار سياسي؟,3,5440,62.7083333333333
657913,AJA,الجهاز الهضمي,3,741,62.7080521817364
802898,AJA,المشروع الأميركي في العراق.. حقيقته وغايته,10,4147,62.6959247648903
637983,AJA,تحت الإقامة الجبرية,8,3037,62.6934474810668
770676,LIVE,الحلقة الرابعة والعشرون- ولاية العراق,158,3019,62.681917476237
770991,LIVE,تحرير سنجة,3,1728,62.6736111111111
733247,Originals,الندم.. عمل الشيطان,58,1209,62.6493825047774
637847,AJA,الصراعات السياسية ومذابح القبائل اليمنية,18,2930,62.6488433826318
729966,Originals,هل يجعلنا العنف في السينما نعتاد المشهد؟,15,866,62.6481909160893
770661,LIVE,الحلقة الخامسة والعشرون– وامعتصماه,94,3047,62.6374739017799
688150,AJA,مدير الأمن اللبناني يدّعي على نفسه,1,2173,62.6323055683387
746570,AJD,ع تك تك,1,4212,62.630579297246
685765,AJA,تونس قبل الاستقلال,8,2889,62.6298026998962
667395,Other,الصراع المستمر في الضفة الغربية,9,1074,62.6215601075936
657693,AJA,سميح القاسم.. شاعر الثورة الباقي في أرضه,4,2698,62.6204595997035
766026,LIVE,الحلقة التاسعة والعشرون - أين اختفى جابر؟,34,2411,62.6198550759997
815098,Other,خفايا الحرب على إيران,8,1260,62.6190476190476
637765,AJA,تأسيس الضباط الأحرار في العراق,4,3013,62.6037172253568
630163,Other,ماذا يفعل القاتل الاقتصادي بنا؟,2,917,62.5954198473282
770290,Originals,الجامع الأموي.. مفخرة بني أميّة,48,1302,62.5944060419867
667734,AJD,زمن الحصار,33,2805,62.5808891049533
630942,AJA,كمال السنانيري.. روايات متضاربة حول الانتحار,47,2876,62.5750895155802
641027,AJA,التحالفات السياسية المظلمة,6,3046,62.5629240534034
726460,Originals,أنطاليا: مدينة سيدا وعبق التاريخ,3,2118,62.5432798237331
770526,LIVE,الحلقة العشرون- سجن ابن حنبل,109,3034,62.5268365254939
742263,Other,سوريا الأسد: جمهورية السجون,26,366,62.526271542665
637921,AJA,حكايات خلف القضبان,15,2894,62.5017277125086
770538,LIVE,الحلقة الرابعة والعشرون- الفتنة الكبرى,26,2712,62.4985818016792
770666,LIVE,الحلقة العاشرة– القسام ينظم صفوفه,76,3342,62.495669154934
766017,LIVE,الحلقة السادسة - استغاثة أميرة,88,2620,62.4904580152672
771020,LIVE,الحلقة الثلاثون– دخول الإمام قصر الخليفة,94,3215,62.4893286125542
630581,AJA,المعتقلات السوريات.. من سجن النظام لسجون المجتمع,2,1458,62.482853223594
769998,Other,الصين في خطر!,2,1083,62.4653739612188
768118,LIVE,الحلقة الخامسة- أبو بكر الصديق والمرتدون,102,2973,62.4578724863642
683646,AJA,مقطع الأوصال,5,2845,62.4393673110721
718778,Originals,إسطنبول: مدينة التاريخ والحضارة,15,1628,62.4365274365274
826783,Other,كمين بيت حانون يطارد نتنياهو حتى البيت الأبيض,21,591,62.396261381033
628072,AJA,محمد حسين الذهبي - الجزء 2,24,2830,62.3733804475854
637856,AJA,حكم جعفر النميري,22,2961,62.3606889564336
778235,Atheer,2- الدخول إلى أفغانستان,285,2718,62.3542852716781
768798,LIVE,الحلقة السادسة- خطة الوليد,86,2923,62.3475403575492
763931,AJA,فراق الدم,1,3030,62.3432343234323
701010,AJA,المخابرات العراقية من الداخل,176,2860,62.3392800381437
766000,LIVE,الحلقة الخامسة - إيبيريا.. المحطة القادمة,88,2766,62.3373101952278
839144,Other,عملية استخباراتية في الكويت؟!,761,754,62.3258521350868
802252,AJA,أنظمة حكم العراق وتبديد الثروات,6,4344,62.3158379373849
725477,AJA,المغرب العربي والعلاقة مع إسرائيل,4,5265,62.3029439696106
817295,Other,أمريكا تدخل الحرب؟,17,1001,62.3024034788741
637787,AJA,اشتعال الثورة اليمنية 1962,7,2894,62.3013130615066
667755,Originals,مفاتيح الأصدقاء,3,557,62.2980251346499
637729,AJA,خلاف يغير تاريخ مصر,69,2682,62.2918220233656
715712,Other,"المجمع العسكري الصناعي.. ""لوبي السلاح“",2,696,62.2844827586207
627537,AJD,سوار من ذهب,18,3138,62.2831244246158
637830,AJA,محنة الفصائل الفلسطينية في لبنان,7,3118,62.2743516906442
683731,AJA,ألبانيا.. العودة إلى الجذور,11,1563,62.2637119758041
721903,Other,الرجل العنكبوت,14,999,62.2479622479622
637747,AJA,نكبة 1948 والتدخل العربي,4,2697,62.2265480163144
630589,Other,المطابخ السحابية.. مشاريع المستقبل,4,724,62.2237569060773
770380,AJA,مواطنون بلا أوراق,1,2962,62.221471978393
766615,AJD,جمال حمدان,4,1532,62.2062663185379
637732,AJA,نهاية الملكية,42,2814,62.1983619318374
766010,LIVE,الحلقة الخامسة عشرة- المواجهة الحتمية,22,2531,62.1852663338242
825895,AJA,الربيع العربي بعيني الترابي,3,1530,62.1786492374728
691945,Other,هتلر 2,17,1445,62.1656828821494
637772,AJA,حكومة الانفصال في ظل الانقسام,5,2408,62.1345514950166
818254,AJD,مصالي الحاج.. صعود النجم,8,2935,62.133730834753
826878,AJA,اليابان تطور أول رحم اصطناعي كامل,15,1032,62.1317829457364
697915,Other,صحفي يتحدى الاتحاد السوفياتي,2,433,62.1247113163972
831878,AJA,"""أميركا أولا"" بين إسرائيل والأميركيين من أصل فلسطيني",34,3578,62.1058428961299
630358,AJA,الطموح والريادة.. خطوتان للتفوق,1,1484,62.0619946091644
657795,AJA,سنوات غوانتانامو - الجزء 1,13,2787,62.0573541994425
685785,AJA,غياب الاستقرار السياسي,13,1505,62.05468949655
814559,AJA,جدل العمليات الاستشهادية في فلسطين,7,4189,62.0536780002046
770017,LIVE,الحلقة السابعة عشرة- مصير ابن الزبير,126,3057,62.0262629094818
632153,AJA,ناجي صبري.. صوت العراق بالخارج,15,2981,62.0060382422006
657666,AJA,مسرح الدمى.. شغف الطفولة,1,1429,62.001399580126
830984,AJA,اهتمام فرنسي متزايد بلبنان,2,2765,61.9891500904159
677612,AJA,يايتسي البوسنية.. مدينة الملوك والطواحين,5,1470,61.9863945578231
721665,Originals,بورصا: سحر العاصمة الأولى,17,1842,61.9499265504247
683555,AJA,بيع القصور الرئاسية,11,1649,61.9163129169193
815510,Atheer,23- بداية الحرب على أفغانستان,385,3435,61.9114917106183
680795,AJA,التدخل الروسي في سوريا في عامه السابع,2,2860,61.9055944055944
742226,AJA,السياسة.. وتجديد الفقه,3,2967,61.8919222559263
815500,Atheer,22- كيف خططت القاعدة لـ11 سبتمبر؟,429,3320,61.8873395680625
768770,LIVE,الحلقة العاشرة- الرسالة الأخيرة,112,2991,61.8841643979558
628206,AJA,موت الرجل الثاني- الجزء 2,50,2753,61.8750454050127
683810,AJA,الجريمة والعقاب,3,2984,61.8744414655943
684314,AJD,التقلبات,31,3190,61.8737991707958
717701,Other,تجربة ماري,7,691,61.8565226379988
768746,LIVE,الحلقة الخامسة– القسام يغنم أسلحة,88,3392,61.855770261578
632013,AJA,الصويرة المغربية.. مدينة الرياح والفنون,1,2472,61.8527508090615
722717,AJA,سرقة المساعدات في غزة ومسؤولية الجيش الإسرائيلي,152,250,61.8526315789474
658013,AJA,الاقتصاد التركي.. ازدهار السياحة وتدهور الليرة,1,1268,61.8296529968454
767189,Originals,الحلقة السادسة: السقوط إلى القمة,171,1702,61.8206306993492
657915,AJA,سر التكوين,1,1003,61.814556331007
629119,AJA,الأرض كيف ضاعت.. فلسطين ج3,12,2845,61.813122437024
818086,Other,ضربة ترامب!,15,557,61.8073010173549
725409,AJA,تجميد حزب العمل المصري,2,5098,61.7987446057277
743761,Other,حركة فتح.. علاقة استثنائية بدولة الكويت,4,675,61.7777777777778
837595,AJA,موريتانيا.. الاستقلال والتكوين,22,2891,61.7763592339863
766022,LIVE,الحلقة الثانية والعشرون- من قتل أبا عزت؟,23,2487,61.7698991276376
641044,AJA,كرسي الرئاسة وتحدياته,5,3114,61.7597944765575
641046,AJA,الأسطورة ميريل ستريب,8,1374,61.7267103347889
677630,AJA,غرائب من العالم,9,1363,61.7265835167523
773718,LIVE,الحلقة الحادية والثلاثون - إخماد تمرد,125,3013,61.7202787919018
657947,AJA,المسرح الساخر والتنفيس عن الضغط,1,2722,61.7193240264511
687068,AJA,الأردن.. تناغم الزمان والمكان,8,1582,61.7098609355247
768763,LIVE,الحلقة الثامنة– ثورة البراق,86,3383,61.7076490523754
757482,Other,غزة ليست للبيع,8,969,61.7002063983488
683302,AJA,تداعيات انقلاب النميري,14,3030,61.6949552098067
697941,Other,رواية وقفت في وجه الاستبداد,10,507,61.6765285996055
703321,AJA,العلاقة بين القضاء المصري وإدارة مرسي,4,2910,61.6752577319588
738079,Originals,الأسبوع الأول من يناير..افتتاح قناة بنما,31,868,61.6731083692582
688707,Other,الاحتكام إلى الجهل,53,250,61.6679245283019
629257,AJA,الروبوت الرسام,1,1286,61.6640746500778
832000,AJA,انسحاب الجيش من السويداء والشرع يطمئن الدروز,28,267,61.6639914392723
678233,AJA,الانتخابات الرئاسية في سوريا.. نتائج وتداعيات,4,2884,61.6591539528433
631065,AJA,الجيش الإسرائيلي.. مرتزقة على خط المواجهة,21,2763,61.6496906399187
688747,Other,الرجوع بالزمن - الجزء 2,3,537,61.6387337057728
826682,AJA,الفضائيات العربية بين تغييب العقول وحرية التعبير,4,2869,61.6242593238062
628852,AJA,الجمهورية الثالثة.. مفاجأة الرحيل,10,2818,61.6181689141235
683573,AJA,النظام الجماهيري والكتاب الأخضر,24,2512,61.609275477707
770663,LIVE,الحلقة الثلاثون- الوصية الأخيرة,35,2872,61.6016713091922
637783,AJA,الثورة اليمنية والدعم المصري,6,2875,61.6
709094,AJA,خسائر الحرب العراقية الإيرانية,149,2722,61.5925913141245
815114,AJA,السجين 345,2,3051,61.5699770567027
688755,Other,النجاة,16,431,61.5139211136891
809140,Atheer,17 -تبعات تفجيرات نيروبي ودار السلام,275,2826,61.5110339059384
848931,AJA,غزو العراق بين نشر الديمقراطية وسرقة النفط,2,2787,61.4998205956225
768232,LIVE,الحلقة السادسة- على أبواب المواجهة,183,2992,61.4752271996727
636894,AJA,فوضى الفصائل الفلسطينية في الأردن,11,2546,61.4654002713704
640942,AJA,أفلام الحروب,20,1482,61.4541160593792
640971,AJA,صدام حسين يبني المؤسسة الأمنية,14,2974,61.4444230953982
797170,Atheer,14 -دعوة بن لادن إلى قتال الأميركيين,248,2949,61.441822815826
629610,AJA,"""الخيال السياسي للإسلاميين"" وتصدع المشروع",4,1481,61.4280891289669
815733,AJA,تطبيع الأنظمة العربية مع إسرائيل,4,4003,61.4101923557332
637891,AJA,معاناة الإسلاميين في السجون,17,2970,61.4022578728461
658413,AJA,تفجيرات لندن بعيون الإعلام,2,1658,61.3992762364294
792476,Other,جاسوس يهودي في العراق؟,16,552,61.3903985507246
784040,Atheer,9- استقلالية تمويل تنظيم القاعدة,269,3735,61.3889510955843
806476,AJD,لا تعذليه,13,909,61.3776762291614
767655,AJA,محمد مفتاح.. ممثل مغربي يُنافس المشارقة,10,3049,61.374221056084
683561,AJA,اغتيال شكري بلعيد,6,1602,61.3712026633375
817447,Other,بيت الحكمة: استهداف العلم والعلماء!,33,582,61.3662397167552
768119,LIVE,الحلقة السابعة والعشرون- حصار طليطلة,95,3039,61.358826483781
842943,Other,كفيتو ووفيتو,2870,272,61.3503023160484
641038,AJA,الأفلام الرومانسية,9,1269,61.3168724279835
626140,AJA,علماء الإسلام.. بين الماضي والحاضر,5,3008,61.3098404255319
757810,Other,مقترح لترحيل أهل غزة إلى المغرب والصومال!,2,502,61.2549800796813
816148,Other,قصف التلفزيون الإيراني على الهواء مباشرة,10,607,61.2520593080725
809124,Atheer,16 -محاولة اغتيال الملا عمر,308,3231,61.2510902900875
848939,AJA,فريد عبد الخالق وتبعات شهادته على العصر,11,3920,61.2453617810761
640961,AJA,مهرجان كان,12,1248,61.2246260683761
821489,Originals,الأسبوع الأول من يوليو.. استقلال الجزائر,41,1055,61.218356259392
769726,Other,حرب المصطلحات,9,365,61.2176560121766
770009,LIVE,الحلقة السادسة عشرة– مقتل عمر,29,2550,61.2089249492901
701020,AJA,بورقيبة وصعود الإسلاميين,2,2910,61.2027491408935
766034,LIVE,الحلقة العاشرة - إصرار جوليان,78,2610,61.19903723352
776761,Originals,دمشق.. أولى عواصم الإسلام,66,1359,61.1791201195175
826352,Other,الأجانب غير!؟,8,1390,61.1780575539568
688727,Other,كلوب هاوس: دار الندوة,7,471,61.1768274188656
637784,AJA,حكاية أول مجلس وزراء بالسعودية,14,2805,61.1764705882353
766036,LIVE,الحلقة السابعة - وعدٌ بالانتقام,91,2816,61.1728115634366
815825,Other,قنبلة إيران النووية!,8,3380,61.1686390532544
773306,LIVE,الحلقة الثانية والعشرون- وصول نبأ النعمان,124,2987,61.166668466581
760139,AJA,رؤية الغرب إلى الإسلام,2,2759,61.1634650235593
843702,AJA,قانون الأدلة السرية في أميركا,2,2962,61.1580013504389
636913,AJA,قمع المظاهرات الطلابية في ماليزيا,17,2986,61.1579527993381
637910,AJA,تعذيب الأسيرات بسجون الاحتلال الإسرائيلي,5,2777,61.1523226503421
637815,AJA,لبنان.. ميدان الصراع,12,2990,61.1454849498328
726926,AJA,السلام العربي الإسرائيلي,5,5033,61.1444466520962
749383,Other,كيف يتعلم الأطباء؟,21,1293,61.1387323684308
805597,Other,عملية السفارة,5,565,61.1327433628319
657877,AJA,بداية التحرك في طرابلس,6,2852,61.132538569425
716964,Other,Test asset,12,6,61.1111111111111
631952,AJA,عبودية في اليمن,18,2920,61.1073059360731
686016,Other,نساؤنا الخنساوات,76,170,61.0990712074303
767670,LIVE,الحلقة الرابعة- استدعاء والي خراسان,207,3040,61.0724955504704
792511,AJA,مباراة البلوغرانا والملكي.. هل أخفق التحكيم؟,2,253,61.0671936758893
741262,AJA,حوار الأديان,10,3063,61.0577864838394
683020,AJA,تجميد عضوية اتحاد الكتاب الفلسطينيين,1,6033,61.0475716890436
815274,AJA,هل المنطقة على حافة كارثة نووية؟,2,317,61.0410094637224
630150,AJA,وليد سيف .. حارس الوعي بالفن,5,3119,61.038794485412
808645,AJA,"ما قصة المثل ""المقادير تصير العي خطيبا""",26,1384,61.0299021787461
758286,Originals,الأسبوع الأول من مايو.. نهاية بن لادن,21,800,60.9940476190476
719382,Other,أذكى جيناتك,9,606,60.982764943161
770020,LIVE,الحلقة الحادية عشرة- الزحف نحو الحجاز,139,3081,60.9820225611137
738081,Originals,الأسبوع الثالث من يناير.. تنصيب أوباما رئيسا,16,877,60.9677879133409
768800,LIVE,الحلقة التاسعة- مواجهة الروم,53,2934,60.9458399248884
840084,AJA,الإخوان المسلمون في مصر,4,2675,60.9439252336449
818606,AJA,حكيمي بلقاسم.. 18 عاما في سجون المغرب,7,2904,60.9405745769382
768742,LIVE,الحلقة الثانية عشرة– الهجوم على المستعمرة,58,3510,60.9303467924158
717289,AJA,هل تطيح الخواتم الذكية بعرش ساعات مراقبة الصحة؟,1,1254,60.9250398724083
658320,AJA,سد النهضة.. ما الجدوى الاقتصادية؟,1,1310,60.9160305343511
839702,AJA,أول لورد مسلم في بريطانيا,2,5592,60.9084406294707
688773,AJD,زنار - فلسطين,4,1444,60.9072022160665
637943,AJA,قبضة صدام حسين الحديدية,11,3010,60.9060706735125
631197,AJA,عبد العزيز ناصر.. وتريات عربية,2,1550,60.9032258064516
686631,AJA,الإسلاميون المقاومون,13,3131,60.8947743409577
683613,AJA,الاحتلال وأملاك الفلسطينيين في القدس,4,1900,60.8815789473684
688739,Other,وهم التفوق,6,493,60.8519269776876
685239,Other,حماس.. النشأة والتحديات والعلاقة مع دول الخليج,8,431,60.84686774942
631535,AJA,العلاقة بين علماء الدين والسلطة,2,2909,60.8456514266071
736460,AJA,ترتيبات انقلاب الصخيرات,8,3083,60.8336036328252
804037,AJA,إسرائيل تهدد الحوثي رسميا بتصفيته,23,1662,60.8303249097473
797264,Originals,الانتقام والإبادة,139,1484,60.8243324477884
688743,Other,أنت لست خارقا,5,442,60.814479638009
687044,AJA,السودان.. حصاد ديسمبر,1,2996,60.8144192256342
627908,AJA,مصالح الناس في ميزان الشرع,3,2859,60.813804360499
730156,Originals,غزال بري,53,1277,60.8058391572229
656404,Other,المائع اللانيوتوني,57,279,60.7872728416022
796066,Other,الحلم النووي السعودي,15,638,60.7836990595611
758914,AJD,الشيخ مصطفى إسماعيل - مصر,4,889,60.7705286839145
768099,LIVE,الحلقة الثانية- خليفةٌ جديد,120,2952,60.7559846431798
630196,AJA,عاملة تنظيف فلسطينية تصبح نائبة كندية,2,1482,60.7287449392713
720617,AJA,احتلال أمريكا للعراق وسقوط نظام صدام حسين,232,2940,60.724695050434
768796,LIVE,الحلقة الحادية عشرة- هل حان وقت الثورة؟,60,2947,60.7227689175433
684264,AJA,جورجيا.. أرض الحب ومصنع العسل,2,1312,60.7088414634146
629571,AJA,الأمن الغذائي العربي,2,3045,60.6896551724138
835944,Other,غزة: احتلال سافر وجوع كافر,63,509,60.6792029188886
628521,AJA,وصفي التل - الجزء 2,19,3047,60.674002038243
637906,AJA,الوساطة بين العراق والكويت,33,2959,60.6408799041445
722958,AJA,لؤلؤة رومانيا الحمراء,5,1527,60.6155861165684
683553,AJA,الوصول إلى قصر قرطاج,8,1564,60.613810741688
636895,AJA,عودة مهاتير محمد إلى قيادة ماليزيا,3,2815,60.6039076376554
630528,Other,الوزن الزائد,5,452,60.5752212389381
770011,LIVE,الحلقة التاسعة عشرة– القعقاع يزاول مهامه,31,2751,60.565659408309
770667,LIVE,الحلقة الحادية عشرة- شن عمليات محدودة,55,3387,60.5588211611241
685773,AJA,ترتيبات انقلاب 1976,13,2974,60.550411256531
768799,LIVE,الحلقة الثانية– القعقاع يلتقي النبي ﷺ,175,2940,60.5475218658892
823640,AJA,تحديات عراق ما بعد صدام وآفاقه,1,1475,60.5423728813559
631208,AJA,الترجمة الفورية.. يغفيني سيدروف، مُوفق فائق توفيق,2,1530,60.5228758169935
702831,AJA,كرواتيا.. شرفة الأدرياتيكي,4,1448,60.5145027624309
814165,AJA,الوجود العسكري الأميركي في الخليج,6,3821,60.5033586321207
711873,AJA,حكايات المعذبين في السجون السورية,5,2921,60.4998288257446
767755,LIVE,الحلقة الحادية والعشرون- التوجه إلى الوندال,67,2800,60.4765458422175
695079,Other,جندي ينقذ جيشا,19,502,60.4634095198155
637733,AJA,الإخوان المسلمون ومرحلة الصدام,45,2479,60.4392452153646
831789,AJA,الجيش السوري.. وطني أم محتل؟,2,2898,60.4382332643202
683564,AJA,تأثير الانقلاب المصري على قرارات المرزوقي,6,1623,60.4333538714315
808078,Other,هل غزة ترند مثل لابوبو؟,27,862,60.4322419867663
821935,AJA,المقاومة المسلحة والسلمية,5,4168,60.4318618042226
770006,LIVE,الحلقة الرابعة عشرة– نهاية دولة الفرس الساسانية,40,2786,60.4199569274946
691813,AJD,رياضة العَدْو في المغرب - الجزء 1,2,2107,60.3939250118652
817953,AJA,سياسة تشاد الدّاخلية والخارجية,5,1473,60.3937542430414
683588,AJA,الإطاحة بالقذافي,12,3090,60.3856526429342
767474,LIVE,الحلقة السادسة - محاكمة الشافعي,130,2990,60.3856444558786
637880,AJA,ثورة 1962 والتوتر السياسي باليمن,18,2907,60.3848946986202
767768,LIVE,الحلقة الثلاثون– عزل القادة,92,3066,60.3796193879577
760420,LIVE,طاجين الأرضي شوكي والفول,2,1860,60.3763440860215
658365,AJA,جرم الصحافة,1,1648,60.376213592233
630783,Other,خطة التقاعد,3,826,60.3712671509282
630113,AJA,الضرائب من منظور إسلامي,2,2979,60.3558241020477
815036,AJA,شاهد على اغتيال السادات,9,2696,60.3486646884273
630515,AJA,العنصرية في العالم العربي,2,1529,60.3335513407456
678412,Originals,تركيا - إسطنبول الجزء 2,39,1164,60.3246982112961
684196,AJA,انسحاب الجيش من سيناء,14,3008,60.3058510638298
765989,LIVE,الحلقة الخامسة– حياة إبراهيم مقاوما في القرية,23,2544,60.2936149849604
657803,AJA,هوامش على حوارات لندن.. المشهد الدولي,4,3125,60.288
764688,AJA,مسجد البيعة,2,627,60.2870813397129
701574,AJA,سوريا.. ماذا بعد؟,2,2972,60.2792732166891
626218,AJA,الزواج.. ميثاق الله الغليظ,11,3011,60.2789770840252
723056,AJA,بوتين يوسع حالات استخدام السلاح النووي ويتوعد,8,224,60.2678571428571
683688,AJA,منسيون خارج الوطن,2,2857,60.238011900595
802968,Other,حانت لحظة سوريا؟,7,1234,60.2222736744617
767802,AJA,قمة الويب قطر 2025,2,2045,60.2200488997555
768772,LIVE,الحلقة التاسعة– البريطانيون يعدمون فلسطينيين,65,3314,60.2191170326354
770644,LIVE,الحلقة العشرون– ثبات الحكم الجديد,71,2941,60.2037248995503
637779,AJA,كواليس تسلم الملك فيصل الحكم,10,2480,60.2016129032258
667391,AJD,الأطلس المتوسط,3,1535,60.1954397394137
630127,AJA,مليشيات فاغنر ودورها الصاعد,5,2962,60.1890614449696
725023,AJA,الكفاح بين السلاح والمفاوضات,4,5654,60.187477891758
629890,AJA,عميد الأدب العربي طه حسين,3,1468,60.172570390554
738990,AJA,نهاية حكم بومدين الجزائر,11,2808,60.1722351722352
630392,AJA,عباس بن الأحنف.. شاعر الغزل والشوق,2,1280,60.15625
631087,AJA,الجنرال وهزيمة وادي الدوم,18,2993,60.1551768942347
817729,AJA,قيد ضد مجهول,2,3181,60.1540396101855
773710,Originals,العتق من النار,37,1185,60.1345649446915
849264,AJA,تعثر النهضة العربية,2,2813,60.1315321720583
677867,AJA,المغرب.. مغارة هرقل وجامع القرويين,61,1504,60.1227328217649
684267,AJA,سحر التوابل والطعام البحري,7,1415,60.1110550227158
641115,AJD,جينجا.. منابع نهر النيل,3,1585,60.1051524710831
630943,AJA,عبد الرزاق مقري .. مستقبل الإسلاميين العرب,6,2967,60.0831367262105
637728,AJA,الصدام بين الفدائيين والكتائب اللبنانية,5,2697,60.0815721171672
834640,AJA,أصداء تجويع غزة وتغيير نظام طهران في أميركا,33,3628,60.0781798135712
627865,AJA,تنافس صيني أميركي على الشرق الأوسط,4,2772,60.0468975468975
683237,AJA,إثيوبيا.. كنائس في حضن الجبل,5,1391,60.0431344356578
683280,AJA,حكومة الصادق المهدي,5,2877,60.034758428919
698978,AJA,أجهزتنا المحمولة.. قنابل موقوتة بحوزتنا؟,1,1308,60.0152905198777
636909,AJA,مواجهة الحرب على العملة الماليزية,5,3008,60.0066489361702
768114,LIVE,الحلقة السادسة- معركة بزاخة,87,2917,59.9962959898179
695825,AJA,بداية الحرب العراقية الإيرانية,191,2784,59.9961635674309
678184,AJA,بنغلاديش في مهب الاحتجاجات,4,2924,59.9948700410397
673618,Other,بطلة أفريقيا,4,921,59.9891422366992
766001,LIVE,الحلقة الثانية عشرة- تحالف طارق وأخيلا,91,2639,59.9731833153584
707024,AJA,دور الجيش في إزاحة مبارك,37,3022,59.9620798826623
764287,Other,قناة بن غوريون!,6,1471,59.9592114208022
682996,AJA,تعدد الزوجات بين القبول والرفض,11,3747,59.9388601790523
797172,Atheer,13 -انتقال القاعدة من السودان إلى أفغانستان,249,3956,59.8995577862512
797167,Atheer,10 -دعم القاعدة لجماعات الجهادية العربية,236,2933,59.8905210723098
637760,AJA,العمل السياسي وحزب البعث,5,2741,59.8686610726012
770056,LIVE,الحلقة السادسة عشرة– نزاعات المُلك الجديد,51,2892,59.8669758359775
809125,Atheer,15 -اللقاء الأول بين بن لادن والملا عمر,316,3588,59.8628691983122
725478,AJA,انفراد السلطة في كامب دايفيد الثانية,2,5362,59.8377471092876
630003,AJA,شيخ الأزهر يحذر من مشروع دمج الأديان,1,1526,59.829619921363
738988,AJA,حكم الشاذلي في الميزان,6,3096,59.8245047372954
667290,AJA,عراقيون على متن سفينة موت,2,2787,59.8134194474345
683285,AJA,الأردن.. محميات وقلاع,7,1533,59.7987140061504
797168,Atheer,11 -قصة إعدام الجواسيس الشبان في السودان,228,3286,59.7940758774599
825873,Other,الإمام الذي حرّر عُمان,35,525,59.7931972789116
777139,Other,هجوم على المارينز بالكويت,7,505,59.7736916548798
765135,AJA,المقبلات الشامية - سوريا,4,151,59.7682119205298
831463,AJA,وداعا لهوليود.. الذكاء الاصطناعي يصنع الأفلام,49,1101,59.7675582494578
630593,AJD,مذياع غزة.. فلسطين,2,763,59.7640891218873
773308,LIVE,الحلقة الثالثة والعشرون- الحرب أم العار؟,118,2983,59.7487457172565
808844,AJA,اندفاع عربي نحو سلام إسرائيلي,4,4093,59.7361348644026
630813,Other,الذبحة الصدرية,5,564,59.7163120567376
776053,AJA,مفهوم البغي والطغيان في آيات القرآن,8,3371,59.7078018392168
790466,AJA,شاذل طاقة.. المساء الأخير,16,1316,59.6931990881459
818711,AJD,يسرى مارديني.. بطلة ضد التيار,6,736,59.669384057971
819229,AJA,"لماذا حذرت مصر من ""ترند الكركم""؟",4,308,59.6590909090909
768747,LIVE,الحلقة الثامنة- رسول كسرى,130,3020,59.6563932755986
773728,AJA,فقه القدوم على الله,14,3174,59.6453326131965
778231,Atheer,3- كيف أسّس بن لادن تنظيم القاعدة؟,357,3009,59.6451541733343
776850,AJA,السلطة الفلسطينية وخطة جورج تينيت,6,5116,59.6266614542611
637771,AJA,أسباب التوتر السياسي المصري السعودي,21,2700,59.6137566137566
668300,AJA,العود.. ملك الآلات العربية,7,693,59.5959595959596
770660,LIVE,الحلقة الثالثة والعشرون- فتنة سنباذ,50,2896,59.5911602209945
632033,AJA,صناعة آلة الناي في تركيا,1,1336,59.5808383233533
848946,AJA,مستقبل إسرائيل بعيون نخبها وإعلامها,2,4108,59.578870496592
684188,AJA,أيلول الأسود واتفاق القاهرة,10,3048,59.5603674540682
630029,AJD,عبد الودود سلطان - الأردن,7,823,59.5556327026558
637819,AJA,وساطة الإخوان بين السعودية وإيران,29,2985,59.5552475018772
766712,Originals,الحلقة الثالثة: مهنة المخاطر,196,1314,59.5490479296742
630288,Other,التسويف,124,306,59.5377398271136
637743,AJA,التخلص من مراكز القوى,61,2869,59.5192247255855
784037,Atheer,7- انتقال التنظيم إلى السودان,264,3277,59.5125807972924
806303,AJA,قمة مجموعة الثماني ومستقبل الشرق الأوسط,2,4143,59.5100168959691
683662,AJA,في بلاد الأرز,31,3134,59.5096444819565
763889,Other,المسجد الكاتدرائية,12,341,59.5063538611926
692154,Other,"مسلسل سيمبسون و""التنبؤ بالمستقبل""",41,704,59.4927937915743
688706,Other,الاحتكام إلى السلطة,30,249,59.4912985274431
767855,LIVE,الحلقة الرابعة– تعبئة القسام للتنظيم الجديد,105,3436,59.4511890903043
631230,AJA,اليورانيوم.. موت صامت,21,3036,59.4422485726834
640940,AJA,أخطاء ساذجة في أفلام ومسلسلات شهيرة,15,1442,59.4405917706889
803240,AJA,الجمعيات الخيرية في قفص الاتهام,5,4181,59.4355417364267
628067,AJA,من سيحكم مصر؟ - الجزء 2,4,3109,59.4322933419106
691944,Other,الطب النفسي,17,1114,59.4202133277009
628402,AJA,السادات - الجزء 2,93,2926,59.4109908201589
697790,AJD,بعدكن بالبال.. نصري شمس الدين,1,1500,59.4
697943,Other,معلمة النساء في إندونيسيا,4,447,59.3959731543624
630448,AJD,سألوني الناس - لبنان,5,823,59.3924665856622
736963,Originals,حرب في جسد,71,1262,59.3904153925136
830121,Other,محاولة أسر جندي إسرائيلي في خان يونس,25,534,59.3782771535581
637961,AJA,الجدل حول الاتفاقية,14,2838,59.3526628410349
691781,AJA,دراما الأسبوع الثاني,39,2889,59.3497883217509
667322,AJD,روح - الجزء 1,2,2717,59.3485461906515
631199,AJA,بتصريح من وزارة الصحة,34,2758,59.3364757070341
686293,AJA,أدوار المرأة الفلسطينية في الثلاثينيات,1,713,59.3267882187938
766018,LIVE,الحلقة التاسعة - حلم طال انتظاره,99,2653,59.3123089165305
693729,AJA,هل ستنفذ إسرائيل عملية برية في لبنان؟,11,260,59.3006993006993
767760,LIVE,الحلقة التاسعة والعشرون – خلاف بين المسلمين,72,2981,59.2973088821797
630810,Other,ساعة الأرض,66,268,59.2944369063772
809879,AJA,أيها الإسرائيليون اهربوا فالسوزوكي قادمة,33,2103,59.2746293174253
628661,AJA,سجالات حول السياسة والإرهاب الداخلي,1,2943,59.2592592592593
735581,Other,هزيمة العرب في اليونيسكو,5,365,59.2328767123288
683298,AJA,صراع اليوسفيين وبورقيبة,17,1478,59.217543580355
628071,AJA,إيلي حبيقة,42,2828,59.2030376507038
628433,AJA,قضية الفنية العسكرية - الجزء 2,35,2963,59.1957957668386
836638,AJA,"شاب يمني يفقد حياته تحت قدمي ""مشعوذ""",14,261,59.168035030104
677893,AJA,مزارات عالمية تستحق السفر إليها,11,1443,59.1507591507591
668410,AJA,معرض الضفائر الأفريقية,1,1510,59.1390728476821
683692,AJA,هانوي العرب,30,3134,59.136353967241
770747,Other,المفتول من فلسطين,2,750,59.1333333333333
631221,AJA,شاحنة الموت,32,2938,59.1218515997277
684311,AJD,التسوية,31,3007,59.1190448094232
631210,AJA,من قتل شكري بلعيد؟,29,2923,59.1055481496337
685771,AJA,شرارة ثورة أكتوبر 1964,15,2956,59.0888588182228
631184,AJA,لغز الرحلة 990,41,3069,59.0626961988095
678198,AJA,مسلمو أوروبا ومواجهة الكراهية والعنصرية,1,2941,59.0275416524992
631212,AJA,الشيعة في دول الخليج,9,2955,59.0261327317165
815763,AJA,اعتذار صدام حسين بسبب غزو الكويت,19,4118,59.0130620382915
637730,AJA,خطة الضباط الأحرار,86,2802,59.0110054280165
800908,Other,السلاح الصيني انتصر؟,12,1689,59.0043418196171
770987,LIVE,الحلقة الثلاثون- ثورة ابن الأشعث,129,3041,59.001144564339
686087,AJA,عودة دمشق,10,2627,58.9912447658927
629899,AJA,أشرف مروان.. حياته الثمن,50,2905,58.9872633390706
637788,AJA,ثورة يوليو وتأثيرها في اليمن,3,2999,58.9863287762588
629807,AJA,مطاردون في المنفى,16,3031,58.9759980204553
657946,AJA,البرامج الحوارية.. فسحة حرية أم حلبة مصارعة؟,2,2825,58.9734513274336
641020,AJA,القيادة من الزنزانة,21,2817,58.9718883648596
684285,AJD,مصطفى كمال أتاتورك - الجزء 2,11,3251,58.9636755124297
630560,Other,عمل المرأة,78,310,58.9619520264682
827215,AJA,ما حقيقة التواطؤ العربي ضد سوريا؟,2,2572,58.9618973561431
770476,LIVE,أهرامات السودان,4,1994,58.9393179538616
766531,Other,الصهاينة العرب,10,1042,58.9251439539347
827321,AJA,سراييفو حبيبتي,3,2590,58.9189189189189
630180,Other,"ما هو ""الجاثوم""؟",10,643,58.9113530326594
671899,AJA,حدود الانتصار الإصلاحي,4,3078,58.9100064977258
776773,Other,الرفض,18,1017,58.9096471102371
697919,Other,مناضلة عن المرأة والوطن,9,527,58.9078642209572
630432,AJD,قهوة الروضة.. دمشق - سوريا,2,843,58.8967971530249
629290,AJA,رولز رويس تدخل عصر السيارات الكهربائية,1,1357,58.8798820928519
821491,Other,كمين خان يونس,26,636,58.8715529753266
766033,LIVE,الحلقة الثالثة - حصار سبتة,163,2630,58.8548834822366
686086,AJA,العاصفة,9,2847,58.8182492292081
766009,LIVE,الحلقة الثانية - الطريق إلى سبتة,197,2677,58.8106240601931
640955,AJA,كيف نحكي الحكاية؟,12,1402,58.8029006181645
628109,AJA,الملك فيصل بن عبد العزيز,93,2330,58.8010521943791
683816,AJA,نوادر قراقوش وأحكامه,20,1163,58.7962166809974
667714,Other,التوازن,5,345,58.7826086956522
849316,Other,الهند تتحدى أميركا!,563,1219,58.7776137736286
631072,AJA,مجلس التعاون الخليجي.. الطموح والإنجاز,1,2935,58.7734241908007
665955,AJA,تداعيات إعدام العملاء في غزة,2,2999,58.7695898632878
770524,LIVE,الحلقة الثانية والعشرون- استدعاء لبلاط المعتصم,102,2972,58.7493072599161
628062,AJA,المعركة التي لا تنتهي أبدا - الجزء 3,3,2900,58.735632183908
765124,Originals,الحلقة الثانية: عدوّي اللدود,257,1695,58.7181341322039
722565,Originals,أجندات نتفلكس,23,804,58.71728314947
768182,Originals,تدمر.. عروس الصحراء,19,1274,58.7168470627117
627925,AJA,رحلة البطوطي- الجزء 2,13,2706,58.7128318835636
735456,AJA,مقدم الشريعة والحياة في ذمة الله,7,4220,58.7068381855112
707620,Other,جحيم جباليا,2,408,58.7009803921569
831823,AJA,طارق الهاشمي.. سنة العراق ودستور 2005,3,2698,58.660736347912
750367,Other,بين السردية المشوهة والتهميش,12,563,58.6589698046181
766552,AJD,البيروني.. العالم الموسوعي,11,1550,58.6275659824047
703310,AJA,المجلس العسكري يقترح خارطة طريق,15,2820,58.6264775413712
636893,AJA,النشأة في القدس وبداية العمل الوطني,22,2720,58.6179812834225
637960,AJA,الخروج من جحيم تازمامارت,13,2746,58.6083253963807
641023,AJA,أسباب حرب المائة يوم وتداعياتها,8,2994,58.6047094188377
628077,AJA,علي حسن سلامة.. أبو حسن,13,2904,58.6008688281416
769749,AJA,فقه الميزان,20,3209,58.5914615144905
848301,AJA,ما الذي يترتب على إعلان المجاعة في غزة؟,14,286,58.5914085914086
773719,LIVE,الحلقة الخامسة والثلاثون- النهاية,104,3419,58.5798816568047
657754,AJA,السودان.. جدلية الهوية والجغرافيا - الجزء 1,5,3168,58.5732323232323
796065,Other,سلاح الصين الخطير!,9,1032,58.5701981050818
668183,AJD,محمد عمارة.. مسيرة قلم,6,3210,58.5669781931464
809592,Atheer,‏19-  محاولات اغتيال بن لادن,339,3578,58.5537478296571
768793,LIVE,الحلقة الحادية عشرة- الاستعداد لمعركة القادسية,62,2797,58.5494827407245
637893,AJA,ثورة 1962 والتدخل المصري,16,2916,58.545524691358
684265,AJA,جزيرة القرنفل,16,1423,58.5251229796205
782945,AJA,هل قصف الأميركيون حقًّا تجمعًا لمقاتلي أنصار الله؟,1,335,58.5074626865672
678235,AJA,الثورة السورية والأولويات الأميركية,5,2868,58.4937238493724
806478,Other,دمشق أموية,9,1494,58.4857950319798
784017,Atheer,5- مبايعة بن لادن,283,3016,58.4709581876634
700393,Other,خطة نفي السنوار إلى السودان,2,462,58.4415584415584
627918,AJA,الحرب الشيشانية الأولى وتداعياتها,4,1867,58.4226031065881
730155,Originals,عهد العقل,58,1384,58.4201215866055
770016,LIVE,الحلقة الرابعة عشرة- نصر وهزيمة,110,3056,58.3873750594955
640924,AJA,القوالب العشرة في السينما - الجزء 2,10,1438,58.3796940194715
722880,AJA,ذكريات جمعة الغضب,17,2901,58.3571587890585
766475,Other,الصيام,5,876,58.3333333333333
637813,AJA,دعاوى تمويل الإرهاب,39,3040,58.3274291497976
768158,LIVE,الحلقة العاشرة- رحيل ثم عودة,110,2901,58.3218952712231
648026,Originals,السفر,5,488,58.3196721311475
683703,AJA,المنفى مجددا,23,2999,58.3136407788103
688699,AJD,السينما المصرية - الجزء الثاني,11,3064,58.3046522667933
735783,Originals,في ذكرى استشهاد والده.. زين دقة - بيت وشارع,2,241,58.298755186722
767469,LIVE,الحلقة الثالثة – ابن حنبل في مجلس أبي يوسف,195,3000,58.2839316239316
657929,AJA,الصوم,2,761,58.2785808147175
703217,Other,لماذا تستضيف الدول كأس العالم؟,8,491,58.2739307535642
628391,AJA,حادث المنشية - الجزء 1,74,2789,58.2529822759296
826319,Originals,الأسبوع الثاني من يوليو.. انطلاق كأس العالم,66,1029,58.2486674323409
678409,Originals,مصر - الإسكندرية,52,1045,58.2388663967611
681000,AJA,كفر قاسم.. قرش واحد ثمن 49 روحا,25,3048,58.2349081364829
677956,AJA,كواليس ترحيل إسرائيل مدير مكتب هيومن رايتس,1,2794,58.2319255547602
702744,AJA,محفظة نقود تعمل ببصمة الإصبع,2,1411,58.2211197732105
657889,AJA,الوضع العربي بين التبعات والمآلات,4,3071,58.2139368283947
640958,AJA,أفلام العصابات,16,1453,58.2028561596697
767700,LIVE,الحلقة الخامسة عشرة- عهود جوليان,89,2718,58.1996014915131
628215,AJA,أجراس الخطر.. الحقيقة وراء 11 سبتمبر - الجزء 3,214,3078,58.1954843842038
628084,AJA,أول قاضية عربية في ديربورن,2,1608,58.1778606965174
823839,Other,ضحايا مسحوق الحليب,10,1630,58.1656441717791
836505,AJA,الغوطة.. الهجوم المدبّر,1,1673,58.1589958158996
767661,LIVE,الحلقة السادسة عشرة- مكيدة لذريق,83,2770,58.1562350484972
814038,Other,أول امرأة بريطانية تؤدي فريضة الحج,30,453,58.1530537159676
720159,AJA,تداعيات الغزو الأميركي للعراق,4,3088,58.1444300518135
732705,AJA,جيوش سوريا الإلكترونية,2,1455,58.1443298969072
815508,Atheer,25 -سقوط كابول,410,3386,58.139253453964
833027,AJA,فوز حماس ومعايير ديمقراطية الغرب,4,2952,58.1385501355014
683628,AJA,المقاومة المسلحة,5,2943,58.1379544682297
719706,Originals,نماذج نسوية متطرفة,21,871,58.137882018479
797266,Originals,المقاومة والصمود,155,1358,58.1296023564065
630765,AJA,عبد الله العطية.. إسهامات بنهضة قطر,10,2826,58.1245576786978
637837,AJA,مبادرة حل القضية الأفغانية,24,2586,58.1061484918793
767856,LIVE,الحلقة الثانية– بحث الكولونيل عن القسام,191,3372,58.0864588573593
843690,AJA,صناعة الأثاث في دمياط,2,1392,58.0818965517241
768797,LIVE,الحلقة السابعة- معركة اليمامة,92,2879,58.0742105501608
735482,AJA,طرق بناء الشخصية القيادية,5,4274,58.0673841834347
770533,LIVE,الحلقة الثامنة عشرة– القعقاع واليا على كرمان,38,2744,58.0644851925733
631334,AJA,أسرار أيلول كيسنجر.. رجل السلام,3,2751,58.0516175936023
843682,AJA,مطالب الأحزاب السياسية في الكويت,2,5198,58.0223162754906
797169,Atheer,12 -دور القاعدة في القرن الأفريقي,231,3209,58.0203944803509
667773,AJA,دارفور.. المنعطف,1,2768,58.0202312138728
768125,LIVE,الحلقة الثامنة- ثورة زيد,65,2980,58.0191017036655
630297,Other,هوس التجميل,102,435,58.016677935542
630578,Other,زينوفوبيا,278,435,58.0129000248077
630830,AJA,الأخضر الإبراهيمي.. ذكريات الأهل والسياسة,7,2865,58.0004986287709
678267,AJA,فقه تغيير المنكر,1,2876,57.9972183588317
691822,AJD,نهر الأردن.. النفس الأخير,2,1451,57.9944865609924
684197,AJA,ثورة السودان.. المارش والنشيد,1,3059,57.9928081072246
629742,AJA,"""الدكتاتورية للمبتدئين"".. الرسم في مواجهة الفساد",1,1402,57.9885877318117
690668,AJD,تذكرة لكلب بلدي,11,4318,57.9771779864415
637849,AJA,في بداية حقبة بن علي,18,3014,57.9702130797021
637865,AJA,النشأة وتجربة البعث الاشتراكي,22,2902,57.9678591566944
637794,AJA,النشاط السياسي والاجتماعي,9,2635,57.9675310984609
848975,AJA,هل بإمكان النظام العلماني حل مشاكل العرب؟,4,2746,57.9570284049527
677895,AJA,التكالب على أفريقيا,1,2652,57.9562594268477
754988,AJA,دور السنوار السياسي والعسكري في غزة,283,3448,57.949505218368
667356,AJA,الحركة الأخيرة بعد السكون,2,2872,57.9387186629526
667857,Originals,لماذا أغلق نتنياهو قناة الجزيرة؟,9,985,57.9357021996616
842669,AJA,خالد مشعل.. فرص تشكيل حكومة وحدة وطنية,5,1628,57.8746928746929
637735,AJA,تأميم قناة السويس ونتائجه,54,2697,57.8715719798404
827693,AJA,الذباب المصري يغزو إسرائيل,132,1381,57.8615627674281
631069,AJA,تركيا وإيران والعرب.. تكامل أم تنافر؟,9,2876,57.8542729099057
630588,Other,هل تحكم العالم جمعيات سرية؟,6,908,57.8377386196769
815176,AJA,"المحاكم الإسلامية في مدينة ""جوهر""",3,1457,57.8357355296271
742264,Other,آمال عودة السوريين,2,434,57.8341013824885
637863,AJA,بطرس غالي نجم الساحة السياسية,26,2829,57.8269026837426
658491,AJA,حق يأبى النسيان - الجزء 2,16,3022,57.8259430840503
752940,AJA,الفصام بين الشريعة والحياة,2,2791,57.8108204944464
826690,AJA,الإرهاب بين الدين والسياسة,2,2830,57.8091872791519
628074,AJA,حادث المنشية - الجزء 2,41,2936,57.7955738685452
768741,LIVE,الحلقة الثالثة– تنظيم القسام السري,135,3406,57.7460255322851
683700,AJA,سراب الدولة أم بذورها,8,2567,57.7327619789638
734995,Originals,عمارة العشوائيات,80,1519,57.7197169190257
631012,AJA,الجمهورية الثالثة..  اعتقال رجال جمهورية عبدالناصر,16,2933,57.718206614388
717699,Other,الحب على النت,11,660,57.7134986225895
837638,Other,أكلات شعبية,3,618,57.7130528586839
683215,AJA,أحداث أيلول الأسود,7,2844,57.7104681535061
630543,Other,متجرك في يدك,11,645,57.7026074700493
686022,Other,وحشية الاستعمار البلجيكي للكونغو,8,990,57.7020202020202
637839,AJA,نشأة التنظيمات الفلسطينية,24,2840,57.7009976525822
752984,AJA,التحديات أمام البحث العلمي العربي,1,1468,57.6975476839237
687041,AJA,تايلند.. العيش في مملكة النمور,5,1544,57.6943005181347
796463,AJA,أنظمة الحكم في الخليج,3,4476,57.6928805481084
628486,AJA,اليوم السابع - الجزء 1,97,2976,57.6841536415032
683247,AJA,انتخابات 1958 والديمقراطية المبتورة,20,3080,57.6672077922078
629504,AJA,عبد ربه منصور هادي.. التسوية باليمن,4,1328,57.6242469879518
720157,AJA,الدبلوماسية العراقية قبيل النكسة,5,3098,57.5984506132989
849310,AJD,رجعوا التلامذة,2,3274,57.5901038485034
766032,LIVE,الحلقة الرابعة عشرة- عرض زواج قد يغير الوضع,19,2596,57.5784607898792
636906,AJA,كيف أسهم التعليم بنهضة ماليزيا؟,8,2968,57.5598045822102
808644,Other,نهاية آبل تقترب؟,10,1496,57.5334224598931
770540,LIVE,الحلقة الثامنة والعشرون- ظهور الخوارج,34,2796,57.5328199949508
805127,AJA,"قصة المثل ""الحرام يركب من لا حلال له""",47,1287,57.5327745540512
776852,AJA,باكستان ومأزق أفغانستان,2,5385,57.5301764159703
802223,AJD,على حافة النسيان,5,2998,57.5250166777852
768744,LIVE,الحلقة السابعة - الجواب هو الرفض,131,2984,57.4951906350408
790165,Other,الصين أقوى مما تبدو عليه!,14,1312,57.4912891986063
702295,AJA,واشنطن تنشر جنوداً ومنظومة ثاد في إسرائيل,7,279,57.4500768049155
688738,Other,العنف,6,521,57.4216250799744
766035,LIVE,الحلقة الرابعة - صراع العرش في طليطلة,146,2737,57.3993623655537
773304,LIVE,الحلقة الثلاثون (الأخيرة)- بعثة الرسول ﷺ,133,2749,57.3931190289292
688829,AJA,اقتلوه بصمت.. الجزء 1,16,2837,57.3823581247797
627930,AJA,أجراس الخطر.. الحقيقة وراء 11 سبتمبر- الجزء 2,206,2895,57.3548300551671
722881,AJA,موقعة الجمل وثورة 25 يناير,15,3084,57.3519239083441
790677,AJA,بوصلة الحرية.. محمد الغزالي,1,2966,57.3499662845583
803618,Other,ماڤي مرمرة,9,124,57.3476702508961
840094,AJA,باكستان وحكم العائلات,2,2698,57.3387694588584
767759,LIVE,الحلقة الثامنة والعشرون- فتح طليطلة,92,2946,57.3367720416777
637731,AJA,"فشل الانقلاب و""محكمة الشعب""",80,2850,57.3285087719298
684263,AJA,هولندا.. طبيعة ساحرة وتراث غني,4,1506,57.3207171314741
628000,AJA,اغتيال المشد,13,2801,57.3146953011287
683297,AJA,أجمل الشواطئ,9,1298,57.276151343948
627969,AJA,رحلة البطوطي.. الجزء الأول,11,2735,57.2644174837959
725424,AJA,مستقبل التكتلات العربية,2,5474,57.2616002922908
843705,AJA,أول الأفغان العرب- الجزء 1,23,2425,57.2550425818019
712944,Other,كيف يُسلَّح الغذاء؟,2,407,57.2481572481572
758870,Atheer,كيف نجّى المكر الإلهي عيسى عليه السلام؟,44,1646,57.2434552082183
753024,AJD,شارع مسجد الهند,1,1719,57.2425828970332
778234,Atheer,4- جبهات القتال,282,3492,57.2390387755599
773300,LIVE,الحلقة التاسعة والعشرون- يوم ذي قار,152,2994,57.220581513905
683673,AJA,هبت رياح الجنة,18,2829,57.2090648442716
637913,AJA,إحباط محاولة الهروب من سجن شطة,7,2961,57.1669802672842
628171,AJA,تنظيم ثورة مصر,20,2818,57.1504613200852
630911,AJA,رائد صلاح.. مناضل الداخل الفلسطيني,16,3122,57.1488629083921
824071,AJA,سمعة إدارة ترامب بين الحرب والسلم,20,3015,57.1409618573798
669045,AJA,جلادون وضحايا.. زعماء المشانق والبنادق - 1,3,3093,57.1397779933182
630540,AJD,مرتفعات تيجري,3,3117,57.1275799379746
768795,LIVE,الحلقة الثالثة عشرة- معركة القادسية,53,2782,57.1205729555227
637724,AJD,صانع البهجة,6,2997,57.1071071071071
658049,AJA,غازي كنعان.. نحروه أم انتحر؟,4,1672,57.1022727272727
628938,AJA,سوريا وتونس.. مبادرات من وحي المحن,1,1226,57.0962479608483
685767,AJA,بورقيبة يرسخ حكمه عقب الاستقلال,3,2878,57.088255733148
628111,AJA,سمير قصير,16,2951,57.078109115554
756671,AJA,ماذا يريد بوتين من الشرع مقابل تسليمه الأسد؟,13,2130,57.0711448176237
704021,AJA,نيويورك تايمز: وثائق قتل أطفال غزة قنصاً صحيحة,10,292,57.0547945205479
637877,AJA,التشارك بين جبهة التحرير وفتح,5,3114,57.0391779062299
691782,AJA,الأسبوع الثالث وما بعده,26,2854,56.994232116867
768214,LIVE,الزاهد شنغراي,2,1888,56.9915254237288
628144,AJA,السياسة والاستبداد.. وسؤال الأخلاق,2,2876,56.9888734353268
637925,AJA,الفصائل الفلسطينية وحصار بيروت,8,2956,56.964648173207
632002,AJA,الأوقاف.. الحرب الباردة,2,2785,56.9479353680431
685714,Originals,لبنان - صور,35,1273,56.9453484457412
806306,AJA,المواقف من اختطاف الرهائن الأميركيين,4,4118,56.9269062651773
849261,AJA,بوش في الأنبار,1,2716,56.9219440353461
809146,Originals,الأسبوع الأول من يونيو.. اجتياح لبنان,27,1030,56.8967997123337
701005,AJA,دفاع معتقلي جانغي عن أنفسهم,9,3063,56.8941125258461
629823,AJA,سيناء.. حروب التيه - الجزء 2,16,2863,56.8852602165561
630037,AJD,عائلة الجميّل.. قيادة طائفة وسط العاصفة,14,3294,56.8848122126811
771060,Other,كلما يقل يكثر,8,1008,56.8824404761905
767794,LIVE,الحلقة الثالثة- ثورة غضب,165,2984,56.8772849134779
722890,AJA,مليونية الرحيل,4,2952,56.8682249322493
769725,Other,مروا على القدس,13,591,56.8658076272289
797268,Originals,ما قبل 7 أكتوبر,145,1284,56.8530454398969
630741,AJA,جيرمي كوربن.. مناصرة قضايا الإنسان,4,3125,56.848
688723,Other,أنحس فريق في العالم,4,552,56.838768115942
738418,Originals,الأسبوع الثالث من فبراير.. اغتيال مالكوم إكس,14,851,56.8239046499916
833214,Originals,الأسبوع الثالث من يوليو.. أول عملية اختطاف لطائرة إسرائيلية,100,1038,56.8208092485549
684179,AJA,مصر في حرب 67,19,2930,56.8133644691935
818735,Other,أخطر جاسوس في العالم!,30,1030,56.8025889967638
683565,AJA,الهمزة التي أنقذت حياة أبي نواس,21,1433,56.8005848536204
767470,LIVE,الحلقة الثانية - أمانة الأمة قبل وصية العم,201,3025,56.7695407261215
701006,AJA,الصراعات الداخلية التونسية,11,2960,56.7536855036855
818619,AJA,تأييد حزب التجمع علي صالح في الانتخابات,1,4476,56.7470956210903
629841,AJA,غزة.. جيل الحروب,2,3068,56.7470664928292
683656,AJA,أيلول الأسود,30,2772,56.7340067340067
802895,AJA,القضية الفلسطينية بين خيارين.. سلمي وعسكري,5,3962,56.7137809187279
722913,Other,أين يذهب المسؤول الأميركي بعد مغادرة منصبه؟,3,287,56.678281068525
667874,Originals,"""فيتول"".. منتج أميركي فتاك",17,1695,56.6684018740239
814126,AJA,سر جماهيرية القذافي، وصراع أرصفة هانوي,1,1613,56.6646001239926
818720,AJD,فيرنر سيلينبندر.. النسيان المستحيل,4,771,56.6147859922179
725431,AJA,الدولة الفلسطينية.. حلم وعراقيل,3,5323,56.5971569916714
630846,Other,أسياد الكَلم,130,356,56.5968020743302
629663,AJA,سعد الله ونوس وجرأة الإسقاطات,1,1433,56.5945568736916
667935,AJD,ابن بطوطة.. الجزء -1,6,1686,56.5935152234085
637899,AJA,اختلاف النظرة إلى العمل الفدائي,27,2803,56.5848759926534
712029,AJA,قصة الدينار الذي مات خلال المخاض.. كيف؟,8,1419,56.5715292459479
637922,AJA,الانقسامات الداخلية والتدخل الخارجي,5,2851,56.5696246930901
629573,AJA,سايبر تراك.. أعجوبة ماسك المرتقبة,1,1211,56.5648224607762
629933,AJA,ظاهرة الدعاة الجدد.. من الانتشار إلى الانحسار,2,3027,56.5576478361414
693813,Atheer,حياة في مقارعة الاستبداد,99,16299,56.5550591503104
683551,AJA,مصير نظام بن علي,12,1639,56.5537929631889
673627,Other,الجنسية الألمانية: أثبت حبك لإسرائيل أولا!,6,849,56.5371024734982
692742,AJA,مقترح وقف إطلاق النار على الحدود اللبنانية,17,277,56.5300488426417
671903,AJA,انقلاب الإسلاميين العسكري,8,2981,56.5288493794029
843379,Other,غزة.. فيتنام إسرائيل؟,928,1071,56.5284015905213
701832,AJA,آوترنت.. الإنترنت عبر الأقمار الصناعية,1,1198,56.5108514190317
768769,LIVE,الحلقة السابعة– ثورة القسام تقترب,95,3485,56.506531752624
768115,LIVE,الحلقة الخامسة والعشرون– انسحاب مفاجئ!,79,2666,56.5057403591404
758872,Atheer,كيف نفهم ترتيب آيات القرآن الكريم؟,32,2453,56.5047900529963
833018,AJA,حرب 2006 ومكاسب المقاومة اللبنانية,4,2906,56.5037852718513
748588,Other,الإبادة الإسرائيلية من غزة إلى جنين,2,462,56.4935064935065
749547,AJA,محمد الأثري.. فارس اللغة,12,1417,56.4925899788285
839789,AJA,رحلة مجري من التجسس إلى العنف,3,2798,56.4808196330712
685992,AJA,تصفية الخصوم بعد انقلاب 1968,210,2796,56.4670617889502
728406,AJA,عملية السلام الإسرائيلية العربية,6,5596,56.4510364546104
720596,Other,أنت تحت المراقبة!,2,876,56.4497716894977
686965,Other,مؤشرات على نهاية إسرائيل,20,466,56.4377682403433
683676,AJA,الكرامة,37,2835,56.4364364364364
716425,Other,كيف صمدت المقاومة في غزة؟,9,513,56.4219189950184
799549,AJA,حقيقة فيديو تعاطي ماكرون وميرتس للكوكايين,1,257,56.420233463035
826779,AJA,مسكين الدارمي والخمار الأسود,76,1205,56.4195239135182
804334,Originals,"رفع العقوبات وتجاهل الاعتداءات في ""باب الحارة""",82,2074,56.4086130253781
665835,AJA,لماذا لا تستثمر الدول العربية في أفريقيا؟,7,1427,56.4020422464711
628768,AJA,الأرض كيف ضاعت.. فلسطين ج4,8,2758,56.3905003625816
641039,AJA,جيل التحرير ونبوءة الزوال,43,2839,56.3840854542625
691728,AJA,سجين غوانتانامو,4,728,56.353021978022
815738,AJA,تقييم ثورة يوليو,4,4198,56.3423058599333
732745,AJA,إيمان عياد: محاربة السرطان والعودة إلى الجزيرة,1,1383,56.3268257411424
683286,AJA,إسرائيليون يطالبون بقوننة اغتصاب الأسرى,5,1678,56.3051251489869
767045,AJA,مشكلة الأنا البشرية وشواهدها في القرآن,12,3323,56.2920052161701
766621,AJD,عبد الحميد بن باديس.. الفقيه الثائر,7,1469,56.2773509676164
796838,AJA,النكبة.. أعظم سرقات الكتب,6,2839,56.2698133145474
730165,AJA,محاولة اغتيال الأسد,8,2556,56.2695618153365
831413,Other,اختراق جماعي تاريخي!,52,2123,56.2692488858292
833438,AJA,ما هي الأذن العاشقة؟ ومن هو شر الرجال؟,115,1223,56.2607984642184
839694,AJA,المسيحية الصهيونية في الولايات المتحدة,6,1388,56.2560038424592
637883,AJA,البناء التنظيمي للإخوان المسلمين,11,3037,56.2546771634687
843408,AJA,حرائق تلتهم غابات شفشاون في المغرب,30,247,56.2348178137652
768758,LIVE,الحلقة الثالثة عشرة– عملية فدائية,46,3331,56.227402660123
637835,AJA,الرؤية في حرب أكتوبر,13,2586,56.2079838181926
760723,AJA,صالح بن عبد القدوس.. وحكم الموت,11,1340,56.1940298507463
630599,AJD,بنت المعيدي.. العراق- الأهوار,3,838,56.1654733492442
671900,AJA,الإسلام والسياسة,12,2925,56.1623931623932
678415,Originals,تركيا - إسطنبول الجزء 1,61,1242,56.1416013304823
631164,AJA,التأثيرات الخارجية في الشأن اللبناني,3,2980,56.1409395973154
705929,AJA,إعادة إعمار غزة.. وتحقيق الوعود,2,1461,56.1259411362081
637838,AJA,طبيعة شخصية بورقيبة,6,2855,56.1062463514302
821965,AJA,حركة الشباب الصومالية,4,1459,56.100068540096
793325,Other,عودة المحارب الياباني,8,1189,56.0765349032801
631513,AJA,اللاعبون بالنار,47,3143,56.0753041206057
629918,AJA,فاغنر.. بعد بريغوجين,3,3299,56.0674952005658
752063,AJA,قيادة السنوار للأسرى في سجون إسرائيل,234,3217,56.0566328984109
738708,Originals,بين العلاج والاستغلال,40,2044,56.0469667318982
629373,AJA,الخطة 100.. من قتل ثوار يناير؟,42,2770,56.0254426680419
768117,LIVE,الحلقة السادسة والعشرون- سقوط لذريق,97,2806,56.0213386631004
691716,AJA,"""لا إكراه في الدين"".. حكم المرتد",1,741,56.0053981106613
716673,AJD,البشير الإبراهيمي.. إمام العلم والثورة - الجزء 2,5,2758,56.0043509789703
766560,AJD,ابن الهيثم.. أمير الظل والنور,14,1568,55.9903425655977
818162,Originals,التصوير في الشارع,242,1407,55.9648628169659
780540,Originals,إدلب.. الأم الحنون,79,1225,55.9607336605528
770542,LIVE,الحلقة الثلاثون- مهر الخارجية,44,2744,55.9592830638749
719532,Other,حفل جائزة صناع المحتوى العرب,14,16817,55.9574070455916
692155,Other,ريفو والمصريون,13,872,55.954481298518
764641,Other,"""طير يحب سجانه""",2,630,55.9523809523809
677875,AJA,الأرجنتين.. شلالات إجوازو,11,1502,55.9496429003753
692164,AJA,كوبا.. سينفويغوس الأناقة الفرنسية وأجواء الكاريبي,1,1421,55.9465165376495
688697,AJD,السينما المصرية - الجزء الأول,26,2924,55.9362832789645
697310,Originals,عمارة الأسواق,87,1379,55.9342518733382
630313,AJA,جهيمان.. الرواية الأخرى,132,3108,55.9292246792247
637936,AJA,التدخل الأميركي ونهاية حقبة النميري,19,2808,55.9210526315789
637905,AJA,الوعي المبكر بالقضية الفلسطينية,17,2980,55.9198578760363
667277,AJA,موت مناضل من أجل الحرية.. الجزء 2,4,1407,55.8813077469794
630272,AJA,السندريلا.. لغز النهاية,52,2868,55.8785269820835
716422,Other,فلسطين في عيون الأطفال,6,291,55.8419243986254
683294,AJA,صناعة العلاقات,11,3020,55.8308248043347
767188,Originals,الحلقة الخامسة: لا تتنحى!,176,1629,55.8150566437859
693660,AJA,حسن نصر الله.. مسيرة حياة,14,2660,55.8136412459721
826733,AJA,السياسة الأميركية تجاه العرب في عهد بوش,2,5468,55.7973664959766
768116,LIVE,الحلقة العاشرة- معركة اليرموك,58,2915,55.797007156799
637879,AJA,مؤتمر الخرطوم.. هل خذل فلسطين؟,28,2812,55.7940459256249
768113,LIVE,الحلقة الرابعة- أبو بكر خليفة للمسلمين,98,2947,55.7838133556782
704642,AJA,ضابط يهودي يترك الاستخبارات الأميركية بسبب غزة,6,1325,55.7735849056604
770990,LIVE,الحلقة التاسعة والعشرون- بداية الانشقاقات,135,3045,55.7706014717509
826687,AJA,الدستور العراقي الجديد والهوية العربية,6,2728,55.7673509286413
851093,AJA,إمارات إسلامية,2,2807,55.7534734592091
794518,Originals,شبشب أبو خاسر ولايف أم حامد,36,1616,55.7463558855886
657890,AJA,سقوط معمر القذافي,14,3103,55.7432899037797
628034,AJA,الثورة اليمنية.. عين دامعة على المستقبل,3,3107,55.734363265744
780334,Other,أسباب ضعف الجيش الألماني,7,1223,55.7294708562084
625932,AJD,الجلف الكبير,35,4685,55.7261777710017
691946,Other,الوحدة,18,993,55.7122076759539
767475,LIVE,الحلقة السابعة - الإفراج عن الشافعي,150,3027,55.7103843189076
826673,AJA,ماذا تغير في لبنان بعد الانسحاب السوري؟,2,4101,55.7059253840527
775026,AJA,العرب والقضية الفلسطينية,5,5201,55.7008267640838
701009,AJA,التجربة الاشتراكية ونظام التعاضد,7,3120,55.6913919413919
637761,AJA,الحركة الإسلامية ودرب التغيير,14,2940,55.689990281827
641119,AJD,كيبوي,7,1612,55.6894718185041
631951,AJA,إسرائيل تحت القبة,18,2859,55.6857487077844
637975,AJA,السودان.. من الاعتقالات إلى المصالحة,11,2803,55.6838452307593
768159,LIVE,الحلقة التاسعة- الشافعي يناظر علماء المعتزلة,145,2963,55.6735368394102
658453,AJA,الأدب العربي باللغة الإيطالية,2,1438,55.6675938803894
630240,AJA,مجنون ليلى,1,1351,55.6624722427831
688908,Originals,"""الفود بلوجرز"".. وشبح المقاطعة",8,1611,55.6564245810056
630519,Other,حقائق طبية عن متلازمة تكيّس المبايض,3,490,55.6462585034014
767796,LIVE,الحلقة الرابعة - الكيد ضد ملك العرب,164,2990,55.6268863691981
694087,AJA,عالم ما بعد الغرب.. قابل للتحقق؟,4,3014,55.6237558062376
637798,AJA,كواليس اتفاقية القاهرة,23,2901,55.6165040540743
640964,AJA,العرب في هوليود,15,1354,55.5834564254062
673651,AJA,عرفات.. الرحلة الأخيرة - الجزء 1,8,2105,55.5760095011876
683840,AJA,الأب أنستاس الكرملي.. صاحب اللغات العشر,3,1323,55.5555555555556
836817,AJA,تركيا، أول الانقلابات: عدنان مندريس,5,2864,55.5377094972067
797196,Other,سلاح النفط السعودي,8,461,55.531453362256
665270,AJA,موريتانيا,7,2851,55.4993235456231
708008,AJA,كرواتيا.. بولا مدينة زيت الزيتون,6,1510,55.4966887417218
717702,Other,حتموت من الضحك,9,672,55.489417989418
790741,AJA,"كاميرا مميزة مخصصة لجهاز ""أبل فيجن برو""",4,1543,55.4763447828905
703318,AJA,الاشتباك بين إدارة مرسي والجماعة,8,3051,55.4695181907571
735492,Other,الليرة السورية,1,833,55.4621848739496
683045,AJA,البيان رقم 1,3,3108,55.4483054483054
630133,AJD,الصحوة,33,2957,55.4380463409885
669043,AJA,الذاكرة والتاريخ العربي الحديث,25,3214,55.4362165525825
628746,AJA,نشأة الحركة الوطنية الجزائرية,4,2937,55.4221995233231
630981,AJA,حلاقة مجانية لأطفال الفقراء,1,1386,55.4112554112554
686025,Other,"تفنيد ""صفقة القرن""",13,451,55.3982602763091
701007,AJA,الحياة في معتقل غوانتانامو,32,3105,55.3874798711755
766623,AJD,مالك بن نبي.. المجهول في قومه,12,1510,55.3587196467991
686024,Other,يا هلال المحرم,10,154,55.3246753246753
697312,AJA,قوة الكلمة,5,1320,55.2878787878788
833446,AJA,حارث سيلاجيتش.. البوسنة بعد عقد على سربرنيتسا,1,2775,55.2792792792793
631016,AJA,القضية 21,2,3161,55.2673204682063
784036,Atheer,6- العودة إلى موريتانيا,263,3274,55.2495639106127
701003,AJA,تغير المشهد السياسي,5,2996,55.2469959946595
637795,AJA,فشل الانقلاب والهروب,7,2785,55.2346755578353
735357,AJA,الكشف عن مقبرة جماعية جديدة بحمص السورية,4,282,55.2304964539007
630402,AJA,أسرار شوغالي,25,3167,55.2093463845911
684322,Originals,البارودي,66,3158,55.2056345596561
667291,AJA,آدم يشاري بطل المقاومة ضد الصرب,8,2928,55.2040642076503
784039,Atheer,8- علاقة التنظيم بأفكار الإخوان,230,3284,55.2029603346926
708014,Other,جينات عنصرية!,2,982,55.193482688391
765076,AJD,الخوارزمي.. أبو الرياضيات,68,1448,55.1805736106597
727564,AJA,الانتخابات السودانية.. صراع المعارضة والموالاة,4,5347,55.1804750327286
732642,AJA,حل الصراع العربي الإسرائيلي,5,5243,55.1707037955369
657732,AJA,عبد الوهاب المسيري وتاريخ اليهود,45,2795,55.165175909362
667420,AJD,حسن الترابي.. جدلية الفكر والسياسة - الجزء 2,16,3303,55.1600817438692
628738,AJA,سقوط الأندلس.. حروب الاسترداد,13,2770,55.156900860872
749400,Other,قانون بنفورد,6,779,55.1561831407788
765091,AJD,أبو بكر الرازي.. أمير الأطباء,7,1725,55.1552795031056
852021,AJA,"إسرائيل تستعد لحملة ""عربات جدعون"" الثانية",11,236,55.1232665639445
769166,AJA,نظرات وتأملات في سورة محمد,2,3322,55.1173991571343
830547,AJA,خفايا جائزة نوبل وتأثيرها,6,2889,55.1171108803508
628496,AJA,يوسف السباعي,42,2871,55.116020633262
805022,AJA,تصوير اعتقال صدام حسين,8,4078,55.1005394801373
631159,AJA,تجارب دوائية خلف أبواب موصدة,21,2884,55.0937850868503
728410,AJA,رمضان.. شهر عبادات أم مسلسلات؟,2,5619,55.089873642997
836811,AJA,داريا.. أخوة العنب والدم,4,1611,55.0744878957169
683552,AJA,الثورة المضادة,15,1625,55.0687179487179
628438,AJA,الملك عبد الله - الجزء 2,32,2960,55.0644003378378
678192,AJA,العربية والفرنسية.. صراع الهوية في الجزائر,4,3016,55.0480769230769
802904,AJA,هل سقطت أميركا في المستنقع العراقي؟,5,4303,55.0453172205438
716674,AJD,آل فرنجيه.. الباشوات الحمر,9,3128,55.040494458653
840958,Other,قرار احتلال غزة,767,506,55.0350165678095
657867,AJA,كواليس معركة بنغازي,2,2815,55.0266429840142
641008,AJA,هيتشكوك.. سيد الإثارة والتشويق,8,1409,55.0212916962385
668644,AJA,خطوة نحو المصالحة أم استرضاء؟,1,2955,54.9915397631134
640954,AJA,الصوت.. السينما تتكلم,3,1387,54.986782023552
683585,AJA,نازك الملائكة.. رائدة الشعر الحر,2,1214,54.9835255354201
824638,Originals,جولدا تريدُ خلعا,249,1948,54.976785994079
640959,AJA,"كريستوفر نولان.. ""عبقري"" السينما",26,1535,54.9761964419945
770659,LIVE,الحلقة السابعة والعشرون- تحرك المنصور,50,2918,54.9650445510624
821928,AJA,"طموح واشنطن إلى تشكيل ""شرق أوسط كبير""",3,4209,54.9615902431298
683576,AJA,القذافي يتهم شعبه بالفساد,12,2851,54.9573249152344
788484,Originals,بكينا كثيرا,31,699,54.9540818681065
826269,AJA,المعارضة في الخارج والأنظمة العربية,11,4076,54.9536087072888
690616,AJA,حرب الفنادق - سراييفو,4,1563,54.9264235444658
629927,AJA,فواز طرابلسي.. تاريخ الأحداث العربية,4,3096,54.9257105943152
840204,Other,نتنياهو جوعهم,449,590,54.9039296364803
673623,Other,الاختلال الإسرائيلي,58,841,54.8976997826889
799744,AJA,ما هي درجات البخل عند العرب؟,27,1509,54.8855018039909
678408,Originals,سلطنة عُمان - مدينة صور,38,1347,54.8665650763881
833172,Other,سوريا تحت القصف,48,922,54.8422812725958
694727,Other,أفلام نتنياهو تستفز الإسرائيليين,4,496,54.8387096774194
683006,AJA,الحصار الدولي على العراق,5,5993,54.8106123811113
628098,AJA,الشقيقة,2,3036,54.8089591567852
683752,AJA,المكسيك.. سحر جزيرة النساء,2,1484,54.7843665768194
716418,Other,ناطحات سحاب,6,1105,54.7812971342383
657931,AJA,وصفات شعبية - الجزء 2,4,800,54.78125
628073,AJA,قضية الفنية العسكرية - الجزء 1,64,2881,54.7786141964596
729992,AJA,معتقل صيدنايا.. مساجين في الطوابق السفلية؟,8,226,54.7566371681416
839197,AJA,أردوغان,8,3088,54.7522668393782
849001,AJA,حقيقة علاقة دمشق بتصاعد العنف في العراق,4,2754,54.7476397966594
809670,AJA,انتبه.. كاميرا منزلك نقطة ضعف خطيرة,16,1364,54.7149926686217
767472,LIVE,الحلقة الرابعة - بين مجالس العلم وميادين الكدح,182,2964,54.6977651228663
629744,AJA,برج الرومي.. فظائع سجون بن علي,2,1439,54.6907574704656
630079,AJD,الأميرة ذات الهمة,4,806,54.6836228287841
684194,AJA,المخابرات الأردنية والفدائيون,7,3013,54.682091887535
686668,AJD,سارة مارديني.. سباحة عابرة للقارات,10,3132,54.6583652618135
683679,AJA,الانتفاضة,18,2631,54.6518011740361
811466,AJA,علية بنت المهدي.. الأميرة العباسية,48,1237,54.6500269469146
836812,AJA,حريق رابعة,20,1245,54.6345381526104
764666,AJA,المسجد الأقصى - الجزء 2,2,626,54.6325878594249
657930,AJA,المطبخ البيئي,2,638,54.6238244514107
657817,AJA,عبد الوهاب المسيري: صوت المقاومة والعقل - الجزء 1,33,2974,54.6045525870677
723313,AJA,إعلان ترويجي لسيارات جاغوار يثير جدلا,4,289,54.5847750865052
631086,AJA,سقوط الجولان,65,2970,54.5806785806786
783770,AJA,مصطفى الغلاييني.. الأديب القاضي,10,1336,54.5434131736527
667301,AJA,التغريبة الفلسطينية,11,1538,54.5336328171179
637955,AJA,قصة استقلال ماليزيا عن الإنجليز,28,3003,54.4764759050473
683701,AJA,الكفاح المسلح,31,2741,54.4679949629874
689444,AJA,العملات الرقمية,7,3075,54.4250871080139
630770,Other,استثمار الذهب.. فرص وتحديات,1,603,54.3946932006633
790133,AJA,جدلية القومية والديمقراطية في الوطن العربي,2,4834,54.385601985933
628032,AJA,المعركة.. التي لا تنتهي أبداً - الجزء 1,2,2990,54.38127090301
696406,AJD,في يد الله,4,3138,54.3738049713193
627879,AJA,مقاومة الظلم ونصرة المظلوم,4,2935,54.3611584327087
799240,AJA,الصحافة العربية.. صوت حر أم صدى؟,4,3749,54.3544945318752
668637,AJA,صفقة وفاء الأحرار,5,2997,54.3343343343343
694700,AJA,الصومال وتهديد الحوثيين للسفن الإسرائيلية,4,1437,54.3319415448852
683726,AJA,زوجان ينقذان غابات كينيا,2,1536,54.3294270833333
683865,AJA,مصطفى محمود.. كيف أزعج إسرائيل؟,5,1483,54.3223196223871
628976,AJA,الخليج وإيران.. بين التصعيد والتهدئة,1,2978,54.2981867024849
678406,Originals,تركيا - بورصة,68,1121,54.2832030225114
843708,AJA,حملة أميركية على مؤسسات مالية إسلامية,7,5310,54.2776432606941
629980,AJA,جوزيف مسعد.. بحث عن الحقيقة,11,3077,54.273643158921
722906,Other,عقوبات أميركية على إسرائيليين!,4,773,54.2690815006468
842243,Other,حلاقة جديدة,448,946,54.2396556931441
730152,Originals,كان هنا...,61,1436,54.2387780263939
837308,AJA,"تطبيق ""بت شات"".. هل يكون بديل ""واتساب""؟",208,1245,54.2284522706209
629982,AJA,وليد سيف .. مجدد أحداث التاريخ,13,3072,54.2167467948718
739464,AJD,الحياة الاجتماعية والاقتصادية.. زمن التغيير,17,2976,54.1844560404807
773767,Originals,قلعة الحصن.. حصن الفاتحين,27,1234,54.1809232246833
630788,Other,حساسية الغلوتين والاضطرابات النفسية,2,670,54.1791044776119
716959,Other,Test Asset,16,6,54.1666666666667
843665,AJA,تعويم الجنيه المصري وفوز ترامب,3,1381,54.1636495293266
768771,LIVE,الحلقة الخامسة عشرة– استشهاد القسام,74,4041,54.1603964766548
837588,AJA,تبعات المحاكمة,7,2943,54.133294500267
630078,AJD,سيرة حمزة البهلوان,2,792,54.1035353535354
627971,AJA,الطريق إلى عتليت - الجزء 1,14,2780,54.0955806783145
810893,Other,تكويع على أعلى مستوى!,32,872,54.0890194954128
840170,Other,قتل على الهوية,309,916,54.0887635844604
629507,AJA,روبوت صيني لرعاية الأطفال في رحم اصطناعي,2,1230,54.0650406504065
630736,Other,فقر الدم,2,580,54.051724137931
683306,AJA,التعامل السوداني مع أزمة الجنوب,8,2995,54.0484140233723
677880,AJA,المغرب.. شلالات أوزدود وساحة الفنا,60,1534,54.0167318557149
688734,Other,القطط,8,496,54.0070564516129
777276,Other,أخطر سجن في العالم!,3,1061,54.0056550424128
698608,AJA,الأسيرات الفلسطينيات,7,2007,54.0038436899423
722911,Other,هل يجمعنا رمضان ويفرقنا الحلم العربي؟,5,789,53.9923954372624
724449,Originals,ذكرى للبقاء,106,1267,53.9790918973656
640975,AJA,الأشباح والعفاريت في السينما,20,1475,53.9728813559322
818072,AJA,الإبراهيمي وانتخابات الرئاسة الجزائرية,2,4462,53.9668310174809
778675,AJA,التقوى في القرآن.. ثمرات الدنيا والآخرة,31,3067,53.9573188047582
630198,AJA,ظاهرة التعذيب في السجون العربية,2,1555,53.9228295819936
790126,AJA,حقيقة قمع الحريات في تونس,2,5347,53.9180849074247
823668,Other,الأشواجندا بين الفوائد والمخاطر الخفية,4,1896,53.9161392405063
717700,AJA,النظام والإسلاميون في موريتانيا.. آفاق التصعيد؟,2,2962,53.8993923024983
767050,Originals,الحلقة الرابعة: القمة ليست في القمة,199,1870,53.8784833257195
668118,AJD,الجزائر.. أيام الاستقلال,8,706,53.8597733711048
678413,Originals,سلطنة عُمان - مسقط,52,1206,53.8589105753285
821407,AJA,غسان سلامة..  البحث عن السلام,71,6058,53.8549886310268
750665,AJA,تلفاز محمول قابل للارتداء,3,1428,53.8515406162465
765145,AJA,بائع الياميش.. مصر,1,130,53.8461538461538
696349,AJA,مصيدة الفساد,2,2979,53.8435716683451
815184,AJA,جورجيا والصراع مع روسيا,7,1480,53.8030888030888
628063,AJA,الحرب الروسية الأوكرانية.. ماذا بعد؟,2,2795,53.7924865831843
713160,AJA,أسباب الحرب بين شطري السودان,1,2876,53.7899860917942
627829,AJA,مستقبل الجالية المسلمة في أميركا,1,5384,53.7890044576523
749494,AJA,أطفال سوريا المصدومون,2,1506,53.7848605577689
657870,AJA,أسبوع الصمود في التحرير,4,2863,53.7809989521481
746682,Other,نتنياهو خائف من ترامب,1,1469,53.7780803267529
688732,Other,هستيريا السيدات,10,493,53.7728194726166
837605,AJA,القبض على ولد حننا ومحاكمته,15,2714,53.7705723409482
684175,AJA,تحذيرات الاتحاد السوفياتي,13,3082,53.7662856287126
815506,Atheer,21 -الانسحاب من تنظيم القاعدة,406,3397,53.7542543333657
767793,LIVE,الحلقة الثانية- إفشاء السر,231,2983,53.748586869606
792992,AJA,الشاغوري.. شاعر دمشق,19,1416,53.7466547725245
685737,AJA,نضال تونس من أجل الاستقلال,4,3137,53.7456168313675
684178,AJA,محاولة انقلاب 1957 الفاشلة,2,2942,53.7389530931339
775787,Originals,رفقا بضحايا الحروب,33,2256,53.7260906941758
658372,AJA,الاهتمام العالمي بمكوك ديسكفري,2,1599,53.6898061288305
716051,Other,جبل جليدي على شواطئ السعودية,2,274,53.6496350364963
637930,AJA,الضباط الأحرار والإخوان قبل الثورة,2,3015,53.6484245439469
778302,LIVE,درس من الطفولة,9,2027,53.6315299018802
640929,AJA,تترات عبقرية,6,1395,53.6081242532855
773725,LIVE,الحلقة الثالثة والثلاثون- الحجاج وآل المهلب,146,3102,53.607482578628
683595,AJA,المعارضة الليبية واستغلال المواقف,8,2905,53.6015490533563
843367,AJD,زوايا الصحراء,2,1599,53.5959974984365
821434,AJA,جاسم علوان.. أربعون عاما في المنفى,1,2935,53.5945485519591
815097,AJA,سيارة نيو الصينية الفاخرة,25,1119,53.5907059874888
851068,Other,لماذا حُرق المصحف الشريف؟,365,974,53.5762707096847
629790,AJA,حلول الطاقة البديلة,1,1475,53.5593220338983
637918,AJA,صفعة أخرى في وجه المحاولات,16,3072,53.55224609375
688830,AJA,اقتلوه بصمت - الجزء 2,15,2877,53.5465183640366
766478,Other,تيك توك,21,796,53.5415171093563
795599,AJA,أحمد أبو طالب.. سياسي هولندي من أصول مغربية,12,3114,53.5404624277457
630523,AJD,السادات.. ذو الألف وجه - أمام الستار,33,3170,53.5312111652806
758899,Other,عودة للحرب؟,2,553,53.5262206148282
716479,AJD,محرك السكون.. السيد محمد حسين فضل الله,3,3312,53.5225442834139
668189,AJD,الملا العاقل.. محمد بن عبد الله حسن,12,2915,53.5220125786163
720632,AJA,رومانيا.. وريثة الجمال والأساطير,3,1527,53.5036018336608
629785,AJA,"""المعقول واللامعقول"" وتناقدات التراث العربي",6,1512,53.4832451499118
806463,AJD,بروحي تلك الأرض,29,843,53.4830449543911
814163,AJA,الشارع العربي بين الصحوة والقمع,5,3956,53.4732052578362
729036,AJA,منير شفيق.. من المسيحية إلى الإسلام,5,5699,53.4620108791016
766539,LIVE,مدينة الخرطوم بحري بعد التحرير,6,1731,53.4565761602157
815754,AJA,الهيمنة الأميركية وتأثيراتها في العالم العربي,6,4044,53.4536762281569
839228,Other,أسير السرايا,462,625,53.4483116883117
753524,AJA,إسرائيل ومخطط السيطرة على المنطقة,3,3948,53.4447821681864
725820,AJA,الصحفيون الفلسطينيون وتحديات المهنة,6,3603,53.4276991396059
797222,Originals,متلازمة غزة,479,1312,53.4190577422476
760126,Other,أشهر لوحة في العالم,10,908,53.4140969162996
632157,AJA,تقنية لحماية السيارة من السرقة,22,1313,53.4134182649034
845079,Other,خمااااااااس,899,1034,53.4032010637222
806457,AJD,أقول وقد,109,853,53.3970766963873
701606,AJD,الإنشاد من البلقان,17,2704,53.393665158371
809591,Atheer,18- بن لادن تحت الضغط,333,3356,53.385536907587
831129,AJA,إسرائيل تقصف الجيش السوري بعد دخوله السويداء,16,255,53.3823529411765
630407,AJD,يالناس شوفوا عملتنا.. موريتانيا,2,821,53.3495736906212
630142,AJA,ألكسندر دوغين.. نقد الفكر الغربي,4,2860,53.3391608391608
628397,AJA,حسن البنا - الجزء 2,87,2952,53.3310749774164
774101,LIVE,همة تهد الجبال,7,2119,53.3202993325693
678194,AJA,الدور الخليجي في أزمة اليمن,3,2927,53.3196674638424
667289,AJA,نيجيري ضد الاستعمار البريطاني,7,2737,53.3169789654992
729458,AJA,الأحزاب الإسلامية والسلطة,1,2867,53.2961283571678
678117,AJA,تمدد تنظيم غولن داخل مؤسسات تركيا,3,2766,53.2899493853941
686081,AJA,نار ودخان,21,2700,53.289241622575
629916,AJA,فتح الشام والاتفاق الروسي الأميركي,17,1604,53.2822355875018
668134,AJD,مسقط,1,2761,53.2777978993118
806471,AJD,رحم الله الهوى,20,827,53.2769044740024
630592,Other,أشغال يدوية,3,761,53.263250109505
713700,AJA,رؤية الإخوان لأوضاع مصر وانتخابات الرئاسة,1,2928,53.2445355191257
806464,AJD,ألا يا صبا نجد,39,839,53.2440940069069
640979,AJA,أساتذة الفنون القتالية,8,1500,53.2333333333333
818042,AJA,شهادة على عصر الانقلابات في سوريا,2,2612,53.2159264931087
738080,Originals,الأسبوع الرابع من يناير.. اندلاع الثورة المصرية,13,1000,53.2153846153846
757472,AJA,الفاروق عبد العزيز.. ناقد سينمائي من طراز خاص,5,4978,53.206106870229
637755,AJA,النضال ضد الفرنسيين,21,2641,53.1905302825409
730111,AJA,الأسد.. بالجرم المشهود,9,1417,53.1796440053321
800767,AJA,مصور بيروت,1,2898,53.1746031746032
629372,AJA,الدومري.. إعدام الفكر الحر,2,1537,53.1554977228367
738965,Originals,لؤلؤة الجوف النفيسة,25,1762,53.1350737797957
818747,AJA,سايبركاب من تسلا.. سيارة الأجرة التي لا تنام,13,1268,53.1303081776268
843694,AJA,أسرار مدينة قم الإيرانية,2,2865,53.1239092495637
766464,AJA,الشارع الأردني,4,1539,53.1189083820663
696392,AJD,الحب الصامت,4,1499,53.1187458305537
703311,AJA,سقوط مبارك وفتح ملفات عهده,10,2758,53.1109499637418
778247,Originals,درعا.. إرث الفاروق,65,1378,53.0981355364519
825554,AJA,انهيار مدرج في اليمن يحول فرحة إلى كارثة,2,275,53.0909090909091
628343,AJA,أنور السادات - الجزء 1,164,2979,53.0870565503238
630143,AJA,ناجي صبري.. سياسة صدام حسين,15,2947,53.0596086415564
849396,Other,"""بعبع"" مستشفى ناصر!",494,448,53.0590297860035
767473,LIVE,الحلقة الخامسة - حوار بين بهلول والخليفة,168,2996,53.0580456481658
691732,AJA,حيرة العائد,2,709,53.0324400564175
637859,AJA,اغتيال الملك فيصل وأثره في المنطقة,9,2488,53.0323329760629
730204,Other,ماذا حدث في سوريا؟,2,1006,53.0318091451292
760061,Other,كيف كان الرد العربي على نتنياهو وترامب؟,9,1090,53.0275229357798
802580,Originals,باتمان,211,1469,53.0218512771044
678411,Originals,لبنان - بيروت,58,1274,53.0152113895956
627931,AJA,بين دجلة والنيل,1,2937,53.0132788559755
683146,AJA,بعد الانقلاب.. هل يتخلى عن الحكم؟,2,2991,53.0090270812437
627945,AJA,ألبانيا الأم,2,4147,52.9901133349409
821478,AJA,بين معتقلات سوريا والأردن بتهمة العروبة,4,2993,52.9819579017708
683835,AJA,فدوى طوقان.. شاعرة فلسطين,3,1347,52.9819351645632
629963,AJA,طريق التميز يبدأ من الأفكار,1,1484,52.9649595687332
683829,AJA,أبصرُ من زرقاء اليمامة,3,1382,52.9425952725519
716077,AJA,البنوك الإسلامية ورحلة التوسع.. تحديات وفرص,1,2911,52.9371350051529
630213,AJA,محسن كاديفار.. ولاية الفقيه والدولة,2,3002,52.9313790806129
736469,AJA,تأثير الوحدة في بنية الجيش السوري,3,2963,52.9305883676454
768112,LIVE,الحلقة الثالثة– ظهور مسيلمة الكذاب,164,2946,52.9190055138841
793986,Other,روسيا وحدها تفوز!,6,829,52.9151588258947
732636,AJA,السلام مع إسرائيل بين الواقع والاستسلام,3,4845,52.8998968008256
808114,AJA,الدكتور غسان أبو ستة.. طبيب الحروب,74,5493,52.880570357359
830535,AJA,حزب الله بين التضامن والانتقاد,4,2854,52.8731604765242
817144,Originals,الأسبوع الرابع من يونيو.. حرب الكوريتين,49,1108,52.8678258306933
688754,Other,الإدمان السلوكي,9,585,52.8584995251662
670121,Other,من كوريا الجنوبية وفيتنام.. إلى فلسطين,30,485,52.8522336769759
657924,AJA,الأثاث البيئي,2,843,52.846975088968
778233,AJA,فضل يوم الجمعة والحكمة من الخطبة فيه,17,3275,52.8082622361922
788939,Originals,النتن والاتهام المعاكس,45,2101,52.8044846369454
813694,Other,اليورو في خطر؟,2,892,52.8026905829596
724743,AJA,قلعة دراكولا في رومانيا,11,1504,52.7804642166344
628375,AJA,محمد حسين الذهبي - الجزء 1,42,2870,52.7584204413473
658425,AJA,يابانية في مصر,1,1562,52.752880921895
686321,AJA,"""صدام مر من هنا"".. عن رجال الرئيس",10,720,52.75
629489,AJA,انقلاب النيجر يهدد فرنسا بالعتمة,2,1530,52.7450980392157
696480,AJA,هل ستهاجم إسرائيل منشآت نفطية أم نووية في إيران؟,12,262,52.735368956743
722670,AJA,ما هو مستقبل حركات المقاومة في المنطقة؟,175,2744,52.7336526447314
628064,AJA,مثلث الغضب,41,2908,52.7292246787667
628070,AJA,وصفي التل - الجزء 1,32,2808,52.6976495726496
680652,AJA,الدور الروسي مقابل الدور الأميركي,2,2920,52.6712328767123
657935,AJA,وصفات شعبية - الجزء 1,2,941,52.6567481402763
834262,AJA,حصان روبوتي ياباني,40,1155,52.6558441558442
808473,AJA,غياب العمل العربي المشترك,2,3983,52.6487572181773
683005,AJA,السادات وقطار السلام,2,4448,52.6303956834532
821931,AJA,العولمة والتعاليم الإسلامية,3,4091,52.6195714169315
677621,AJA,مدن جنوب أفريقيا بين الماضي والحاضر,10,1375,52.6181818181818
702001,AJD,الفـخ,41,3076,52.6102952837071
800763,AJA,ولد في غزة.. فراس المظلوم,1,1439,52.6059763724809
687029,AJA,تونس الثورة.. الموازنة الأكثر جدلا,1,1426,52.5946704067321
682901,AJA,لبنان.. جزء 1,2,1600,52.59375
753584,AJA,تهويد الأقصى.. استمرار الحفريات الإسرائيلية,4,2912,52.5927197802198
694265,AJA,الإتباع في اللغة العربية,2,1375,52.5818181818182
770291,Other,كيف نشأت حارة لليهود في البلدة القديمة؟!,16,555,52.5788288288288
763928,AJA,الحشد الشعبي,3,2955,52.5775521714608
823282,Other,أحلام تحت الركام,20,619,52.5605815831987
682997,AJA,إعلان كوبنهاغن وجدل السلام والاستسلام,1,4376,52.5594149908592
697841,Other,السباحة.. وسيلة للنجاة من الموت!,11,579,52.5514209452033
691949,Other,الحرب العالمية الأولى,28,1496,52.5042971734148
671057,Other,إسرائيل في غزة.. ثمن الاحتلال,8,970,52.5
814134,AJA,المشروع الإسلامي.. حقيقة أم حلم؟,2,4128,52.4830426356589
720175,AJA,اليمين المتطرف.. إرهاب عابر للحدود,12,3024,52.4774029982363
668643,AJA,أول قمة عربية في دمشق,1,2931,52.4735585124531
800194,AJA,من فكر الجماعات إلى منطق الدولة.. سوريا نموذجا,10,5084,52.4704956726987
715102,AJA,أكثر من 100 قتيل بفيضانات إسبانيا,6,345,52.463768115942
640931,AJA,إعادة صنع الأفلام,13,1461,52.4456378665824
792719,AJA,مركز دراسات الوحدة العربية,2,1601,52.4359775140537
848204,Other,بحب إسرائيل,676,878,52.4153873111294
629585,AJA,"""عودة الوعي"" وأسرار الحقبة الناصرية",3,1471,52.4133242692046
826267,AJA,أوضاع السودان مع اقتراب موعد انفصال جنوبه,1,1223,52.4121013900245
846334,Other,إسرائيل تشتري السياسيين؟,637,977,52.4088574095885
811227,AJA,رحيل أفقر رئيس في العالم,12,1862,52.4033297529538
629584,AJA,الحركة الإسلامية ونقد القائمين عليها,6,1464,52.4020947176685
683862,AJA,المعتمد واعتماد.. أمير وجارية جمعهما بيت شعر,4,1178,52.3981324278438
789736,AJA,تيموثي ميتشيل.. كيف دمر الإنجليز مصر؟,28,3147,52.3809523809524
637898,AJA,حركة القوميين العرب وتطورها,4,3103,52.3606187560425
630422,AJA,عبد الفتاح مورو.. شيخا وسياسيا,10,3116,52.3555840821566
727930,AJA,المعارضة العراقية.. سؤال المصداقية,2,5617,52.3500089015489
826663,AJA,الجمعيات الخيرية واتهامها بالإرهاب,2,4146,52.3275446213218
753580,AJA,تبرئة يوسف ندا من تهمة دعم الإرهاب,7,3103,52.3272409189264
815497,Originals,سبيلبرغ,204,1761,52.3176448319248
758867,AJA,شروق ماليزيا,2,2744,52.314139941691
801259,Originals,"""لازانيا"" ضد التطبيع و""إيهود"" على الحدود",70,2201,52.3080417991822
713137,AJA,قادة حماس وحقيقة الخلاف بينهم,6,2901,52.2865678501666
701025,AJA,مسيرة استقلال تونس,11,2917,52.28285598529
677634,AJA,فيتنام.. قصة صمود أسطوري,2,1465,52.2525597269625
780539,AJA,مبارك الصباح.. صقر الخليج,8,1522,52.2421156373193
629621,AJA,ثروات موريتانيا.. من يملكها؟,12,3044,52.2366403854577
683310,AJA,الفلبين.. جزر وشلالات ساحرة,9,1501,52.2318454363757
628741,AJA,الصراع على الخليج.. في ظلال الحرب الباردة,2,2805,52.2103386809269
827234,AJA,اتفاق السلام السوداني: أبعاده وتداعياته,2,4228,52.1996215704825
771062,Originals,حماة.. أم النواعير,30,1370,52.1995133819951
637748,AJA,تأسيس تنظيم عز الدين القسام,15,2701,52.193014932741
735472,AJA,إنجازات حكومة الوفاق اليمنية,1,1646,52.187120291616
631189,AJA,مصطفى صفوان.. عقدة قتل فرويد,2,1534,52.1838331160365
688704,Other,هل تفكر بشكل سليم؟,10,216,52.1759259259259
716493,Other,أميركا وروسيا.. قصة التحول من الصداقة إلى العداء,2,761,52.1681997371879
830986,AJA,حملة تحريض إسرائيلية ضد نائب فلسطيني,7,2870,52.165256346441
766480,Other,فيروسات تحملها الخفافيش,5,1442,52.1636615811373
657938,AJA,وجبة صحية,2,860,52.1511627906977
843764,AJD,محمد مهدي الجواهري,6,1830,52.1493624772313
637986,AJA,بدايات عمليات كتائب القسام بالضفة الغربية,11,2742,52.1483986473046
733014,AJA,الانقلاب العسكري في مصر وعواقبه,2,1633,52.1432945499081
683267,AJA,المرحلة الانتقالية بعد ثورة 1964,17,2888,52.1427407528108
637831,AJA,الجاسوس إيلي كوهين مثير الجدل,14,2494,52.1422843395578
630401,AJA,تونس.. الأيادي الخفية,74,3126,52.1420172571804
849303,AJD,مؤرقو الطغاة,3,3100,52.1397849462366
769194,Originals,رفقا بالفقير,100,2364,52.1099830795262
657911,AJA,المـــاء,2,856,52.1028037383178
817956,AJA,العلاقات التشادية السودانية ووضع دارفور,4,1523,52.1011162179908
750513,AJA,ثورة يوليو وحركات التحرر العربية,12,4009,52.0952856073834
799551,Originals,أعظم مخرج في التاريخ,201,1424,52.0769438888135
627552,AJD,عرابي.. بين البطولة والعصيان,3,3085,52.0691518098325
754240,AJD,الآثار العثمانية في القدس,8,2947,52.0444519850696
668590,AJA,زيارة بوش.. المسكوت عنه والحقيقة,2,2964,52.0411605937922
769719,Originals,حلب.. المدينة الصامدة,62,1374,52.0261069634221
759163,AJA,اللقاء السري بين السنوار ودحلان,410,3395,51.9831172096699
737126,AJA,طائفة البهرة,5,2894,51.969592259848
629266,AJA,العملات الرقمية.. إعصار تقني أم خدعة مالية؟,4,1207,51.946975973488
648035,Originals,التواضع,22,544,51.9468582887701
630002,AJD,مقهى الفلاح بورسعيد - مصر,2,746,51.9436997319035
657802,AJA,ما وراء سيناريو التوريث في مصر,17,3034,51.9349334987785
760107,AJA,أرتيوم كيربيتشينوك.. كيف نفهم إسرائيل من الداخل؟,28,5563,51.9324105698364
851115,Other,سلاح أميركي خطير!,427,1111,51.9286589080454
802101,Originals,الطفل المعجزة,198,1637,51.9273368998476
630012,AJA,رحلة خير الدين التونسي إلى السلطة,2,1373,51.8936635105608
780328,AJA,سيوف العرب.. في إنتاج درامي ضخم,6,1886,51.8822905620361
629170,AJA,الفقر والفساد في العالم العربي,7,2861,51.8749687921306
629926,AJA,خليل الحية .. مستقبل حماس,31,3000,51.8645161290323
808842,AJA,الإسلام في وجه الحملات الغربية,5,4071,51.864406779661
657919,AJA,السكر,2,837,51.8518518518518
630705,Other,رسالة إلى ابني,140,294,51.846452866861
683577,AJA,دور حفتر في فشل مشروع الإطاحة بالقذافي,16,2963,51.8351333108336
683105,AJA,جمرة التقاعد,1,2886,51.8018018018018
684281,Other,رحلة صادمة إلى الضفة الغربية,73,614,51.8004551336397
678216,AJA,حكم العسكر العرب.. إلى متى؟,5,2746,51.7989803350328
690656,AJD,نوري باشا,6,2992,51.7881016042781
849304,AJD,صانعو الوحدة,2,3260,51.7638036809816
743711,AJA,إعلاميو الجزيرة.. كواليس وأسرار,1,4514,51.7501107665042
641025,AJA,الانسحاب الإسرائيلي بعد محاولات التقسيم,7,3097,51.7090271691499
758783,AJD,الشيخ كامل يوسف البهتيمي - مصر,4,793,51.702395964691
807180,AJA,لماذا يحقد إعلام الهند على تركيا؟,29,1561,51.6799575868696
802102,Originals,الإنسان في مواجهة الطبيعة,149,1799,51.6644220689346
728355,AJA,السقوط المدوي,8,2892,51.6597510373444
629144,AJA,الخروج الأمريكي من ليبيا.. الأخطاء والخطايا ج1,2,2864,51.6585195530726
763967,AJA,رسائل الأسماك,1,3003,51.6483516483516
671894,AJA,صعود الإسلاميين الإصلاحيين,22,2920,51.6407222914072
830969,AJA,حرب تموز واهتزاز صورة إسرائيل,10,2805,51.6149732620321
629603,AJA,الجنقو.. على أرض الواقع,2,1457,51.6129032258064
732729,AJA,المرتفعات الأبية - الجزء 2,8,1550,51.6048387096774
657765,AJD,الجزائر,7,1585,51.599819738621
683684,AJA,الدم المستباح,27,2493,51.5992928347521
629955,AJA,ليلة القرصنة,36,2909,51.5908483251213
684291,Originals,الأغنية الكوميدية,52,3476,51.5761927945472
631162,AJA,حرب الديموغرافيا,33,2901,51.5757366843199
818600,AJA,الصين وآثار سياسة الطفل الواحد,4,1486,51.564602960969
667768,AJA,المنطقة العربية إلى أين؟,6,3128,51.561167945439
657928,AJA,الصوت,2,872,51.5481651376147
640970,AJA,زعماء أم نجوم سينما,7,1509,51.547855722806
683182,AJA,ناصر الدين الأسد.. رؤية ناقدة إلى الحياة,3,2894,51.5434231743838
716465,Other,اختطاف وزراء نفط مجموعة أوبك,2,389,51.5424164524422
688175,AJA,تصاعد التوتر بين إسرائيل ولبنان,1,1560,51.5384615384615
787477,Other,آلة قتل متطورة جدا!,2,916,51.528384279476
814492,AJA,نصر الله والعدوان الإسرائيلي على جنوب لبنان,18,5002,51.5282775778577
814562,AJA,اتفاق مشاكوس.. تهديد للأمن القومي العربي؟,5,4178,51.5270464337003
796180,Originals,المدن السينمائية,160,1520,51.5259046052632
742252,Other,كيف وصل حافظ الأسد إلى السلطة؟,10,861,51.5214866434379
716037,AJA,نظام الحكم في عهد عبد الناصر,12,2764,51.5195369030391
688793,AJD,طبق الكرنتيكا.. وهران - الجزائر,4,742,51.5161725067385
637823,AJA,واقع الفصائل الفلسطينية في لبنان,25,2981,51.5035223079504
630296,AJA,عبد الفتاح البرهان.. الخوف من الجيش,2,1600,51.5
668286,AJA,حسن فقير ولمحة عن الناي,2,636,51.4937106918239
668308,AJA,التطور التاريخي للبيانو,2,707,51.4851485148515
777864,LIVE,أصحاب الهمة والحرب,22,2534,51.4798737174428
779518,Other,الوشق المصري,17,692,51.4620877252635
791507,Other,لقد وقعنا في الفخ!,4,1477,51.4387271496276
784861,AJA,كيف ينتشر الإسلام داخل سجون أميركا؟,23,1377,51.4382242429983
823285,Other,صوت معتقلي سجن صيدنايا,151,632,51.4261463659988
727575,Originals,مسكّن الآلام,83,1271,51.3901396301176
640980,AJA,أفلام التحقيقات,32,1510,51.380380794702
630860,Other,متى تراجع طبيبا نفسيا؟,3,508,51.3779527559055
723150,Other,القدس.. درب الآلام  2,40,2903,51.3753014123321
832209,AJA,خمسون محاولة اغتيال لرئيس عربي,175,1832,51.3649407361198
722543,AJA,التدخل البريطاني في الدول العربية بالخمسينيات,4,3037,51.3582482713204
727565,AJA,مفاوضات على وقع انتفاضة الأقصى,4,5640,51.3563829787234
849309,AJD,الاتحاد الوطني لطلبة المغرب أ. و. ط. م,2,2977,51.3436345314075
701022,AJA,مصير المحاصَرين في قلعة جانغي,22,3081,51.3204095482577
765050,Other,الحرب العالمية الثالثة!,11,1679,51.307596513076
641002,AJA,ذكريات التهجير والإصابة,71,1886,51.3024061655191
817960,AJA,إسبانيا والربيع العربي,2,1152,51.3020833333333
637804,AJA,خفايا اغتيال صالح بن يوسف,4,2870,51.2630662020906
629924,AJA,الحركات الإسلامية غير العربية,1,2938,51.2593601089176
818111,AJA,جيمي كارتر ومحاولات إرساء قواعد السلام,1,1491,51.2407780013414
818659,AJA,التدخل السويسري في المنطقة العربية,2,1309,51.22230710466
747744,AJA,غزة لم تنكسر وإسرائيل لم تنتصر,4,2082,51.2127761767531
768679,AJA,مفهوم القلة والكثرة في القرآن الكريم,14,3102,51.2112001473704
745741,AJA,"معرض ""سي إي إس"" للإلكترونيات في لاس فيغاس",4,1592,51.2091708542714
629288,AJA,السيارة الطائرة,9,1324,51.2084592145015
637864,AJA,سيطرة الجيش,6,2912,51.2076465201465
667280,AJA,رائد الفن التشكيلي الفلسطيني,2,1411,51.2048192771084
787019,AJA,وسائل الإعلام الأميركية بين الحرية والتبعية,8,4944,51.2034789644013
686080,AJA,جذور الصراع,24,2664,51.2027652652653
735578,Other,في بلاد الأناضول.. على خطى الرومي,1,959,51.1991657977059
630028,AJD,يا لميمة ماتبكيش.. الجزائر,3,823,51.1948157148643
806302,AJA,الأديان بين الحوار والحروب والسياسة,5,4263,51.193994839315
665303,AJA,أيلول الأسود - الجزء 2,13,3012,51.1875574624579
825477,Other,كيف برّر يهودي متطرف قتله قسًّا أميركيًا؟,48,918,51.1823710965868
818662,AJA,مليكة أوفقير.. الأميرة السجينة,7,3076,51.1796396061676
631009,AJA,عملاء الاحتلال,91,2970,51.1784511784512
637753,AJA,استشهاد عبد القادر الحسيني,20,2385,51.1781970649895
630817,Other,التحسس المفرط,2,646,51.1609907120743
667131,AJA,الأردن.. إلى أين؟,1,1597,51.1584220413275
740559,AJA,ياكوف رابكين.. قصة المؤامرة الصهيونية,36,5599,51.1495108253458
750523,Other,عودة أصحاب الأرض,2,567,51.1463844797178
800729,Originals,قاتل متسلسل,178,1519,51.1457863319304
658373,AJA,وثيقة قصف الجزيرة,3,1663,51.1324914812588
823636,AJA,الدور الباكستاني في محاربة الإرهاب,2,1326,51.131221719457
657753,AJA,النكبة.. حق يأبى النسيان - الجزء 2,2,3050,51.1147540983606
657764,AJA,الرياضيات,2,1456,51.0989010989011
738704,AJA,مجتمعاتنا العربية والعنصرية,5,3032,51.0949868073879
629898,AJA,شكري غانم.. الموت في النهر,13,2846,51.0946537650684
749481,AJA,من الشارع إلى الصندوق,3,3001,51.094079751194
631196,AJA,وهران .. مناورات ياسمينة خضرا,2,1425,51.0877192982456
796163,AJA,جفاف على الحدود بين أميركا والمكسيك,2,1761,51.0789324247587
640985,AJA,الاستقالة واللجوء إلى الجزائر,25,2888,51.0581717451524
658367,AJA,الإعلام الإسرائيلي عند العرب,2,1524,51.0498687664042
817944,AJA,كردستان العراق والربيع العربي,2,1487,51.0423671822461
825881,AJA,الحرب السادسة وأثرها في المنطقة,2,1443,51.039501039501
683293,AJA,السياسة الخارجية بعد الاستقلال,8,2955,51.0321489001692
629484,AJA,تونسي يخترع قماشا أقوى من الفولاذ,2,1364,51.0263929618768
840091,AJA,أول الأفغان العرب- الجزء 2,26,2882,51.0262638125234
723214,AJA,تحديات العلاقات التركية العربية,4,5708,51.0161177295025
629239,AJA,اليمن.. كيد الأشقاء,23,2639,51.0157009407384
815641,AJA,خالد نزار.. انقلاب الجيش الجزائري على الديمقراطية,2,3003,50.999000999001
775365,Originals,دمشق.. مأوى العلم الأمين,55,1156,50.9861591695502
701996,AJD,الجهاد,25,3153,50.9800190294957
683776,AJA,"تداعيات اتفاق ""أبراهام""",2,2953,50.9651202167287
817915,AJA,مشكلة السلاح في ليبيا بعد الثورة,2,1556,50.9640102827763
817974,AJA,المقاومة العراقية بعد الانسحاب الأميركي,2,1564,50.9590792838875
699363,AJA,مطالبات بوقف تزويد إسرائيل بالأسلحة الأميركية,1,2379,50.9457755359395
797263,Originals,الهزيمة الأولى,286,1815,50.9449228457493
637739,AJA,بين الحرب العالمية الثانية و 48,79,2903,50.9433715449317
688700,AJD,السينما الإيرانية: الروح المجهولة - الجزء 2,2,3239,50.9416486569929
825877,AJA,مستقبل العلاقات السورية اللبنانية,2,1648,50.9405339805825
763647,AJA,فاضل بيات.. رؤية جديدة للدولة العثمانية والعرب,29,5033,50.9369197777428
842242,Other,جريمة احتلال غزة,510,451,50.926046693622
630222,AJA,المأساة.. انفجار مرفأ بيروت,26,1331,50.9160261226377
849722,AJA,تهريب المخدرات في ميانمار,2,1651,50.908540278619
818710,AJD,محمد علي.. الباحث عن الذهب,11,736,50.9016798418972
636914,AJA,إدارة الاختلاف العرقي في ماليزيا,19,2985,50.8983514061536
761810,AJA,لماذا رفض السنوار إقامة دولة في غزة؟,387,3417,50.8651453176434
683860,Originals,فقير بدرجة وزير,6,2592,50.8616255144033
717682,AJA,غزة تحت القصف,35,1194,50.8614501076813
722907,Other,رمضان في غزة,4,798,50.8458646616541
665306,AJA,تجمد العالم العربي بعد السبعينيات,8,2470,50.8451417004049
631945,AJA,المستعربون,66,2740,50.8366511833665
792836,Originals,فوبيا الطيران,142,1631,50.8303037106761
799547,Other,سلاح الفضاء الخارق!,12,958,50.8263743910925
695909,Other,أنفاق غزة تثير الذهول,4,157,50.796178343949
678292,AJA,الصومال.. القصة المنسية - الجزء 1,1,2780,50.7913669064748
683626,AJA,الفلتان الأمني,2,2858,50.7872638208537
683152,AJA,أمنون كابيليوك وصداقته مع ياسر عرفات,2,3009,50.7809903622466
678212,AJA,صراع الهيمنة بين موسكو وواشنطن,4,2927,50.7687051588657
683304,AJA,جذور الصراع,6,3063,50.7563391010991
629826,AJA,كردستان.. رهان الاستفتاء,52,3055,50.7541231272819
648024,Originals,المعاملات المالية,18,3255,50.752688172043
629638,AJA,عبدالله النفيسي.. رسالة للإسلاميين,45,2763,50.7515985040415
687028,AJA,تجارة العملات الأجنبية.. سوق الفوركس,2,1415,50.7420494699647
683123,AJA,من حرب لبنان إلى غزو العراق,2,2877,50.7299270072993
796458,AJA,محمد الغزالي..الحياة الأولى,35,1190,50.7250900360144
788591,AJA,القسام تفقد الاتصال بمجموعة تأسر عيدان ألكسندر,13,288,50.7211538461538
843402,AJA,كيف تخترق إسرائيل هواتف الصحفيين والدبلوماسيين؟,938,1267,50.7047859137058
628835,AJA,الطريق إلى بغداد.. حرب الضرورة وحرب الاختيار,9,3019,50.6974347650068
827244,AJA,التطبيع والمتاجرة بالقضية الفلسطينية,3,4212,50.6885090218424
627591,AJD,صناع الأمل,4,2732,50.6863103953148
808477,AJA,ماذا تخفي جرائم القوات الأميركية في العراق؟,2,4100,50.6829268292683
629245,AJA,خيوط اللعبة,30,3106,50.6696716033484
626194,AJA,إشكاليات تجديد الخطاب الديني,2,3011,50.664231152441
692357,Originals,كابوس الجزيرة,11,1943,50.6433350488935
845176,AJA,الحرب على الإرهاب والهيمنة الأميركية الممتدة,2,4228,50.6385998107852
683760,AJA,الدوحة.. بين الأصالة والحداثة,5,1482,50.6342780026991
630541,AJA,المسلمون بعيون السينما الغربية,2,3030,50.6270627062706
637901,AJA,مفاوضات كامب ديفيد.. العصي في الدواليب,7,2917,50.6244184338116
630799,Other,التلقيح الصناعي وولادة التوائم,2,483,50.6211180124224
815732,AJA,أبعاد الاحتفال بالأعياد الأجنبية,3,4114,50.615783503484
667871,Originals,حميدتي والانتخابات الروسية ودراما سياسية,62,1249,50.6146852966244
849696,AJA,القات في اليمن.. نشوة تخفي كابوسا,2,1632,50.6127450980392
630005,AJA,أردوغان والنظام الرئاسي,3,2758,50.6043026347595
683234,AJA,الحماية الأميركية للجيش التونسي,4,3033,50.593471810089
803555,AJA,الأكراد والأزمة العراقية,2,1289,50.5818463925524
678149,AJA,مقتطفات 2015,1,3009,50.5815885676304
787704,AJA,ابن حزم.. شاعر الاندلس,36,1482,50.577297945719
657891,Atheer,هل تلاوة القرآن بالمقامات حرام؟,22,4053,50.5730883969226
683103,AJA,طفل غوانتانامو.. عمر خضر,8,2883,50.56798473812
630472,AJD,السيرة الهلالية - الجزء 3,4,795,50.5660377358491
796837,AJA,غزة.. تغريدات الحرب,21,1432,50.5586592178771
730943,AJA,المرتفعات الأبية - الجزء 1,15,1480,50.5585585585586
678163,AJA,إستراتيجية جبهة النصرة في سوريا,16,3085,50.557131280389
818001,AJA,باكستان.. صراع الجيش والجماعات,1,1624,50.5541871921182
637763,AJA,إقالة ونفي الأمير طلال بن عبد العزيز,14,2617,50.5540695452809
842799,AJA,اغتيال صوت غزة,2498,1567,50.5530397515204
818105,AJA,الشافعي.. شمس الدنيا,88,1306,50.5455589586524
657822,AJA,من جمعة الغضب لجمهورية الميدان,2,2949,50.5425567989149
765159,AJA,المغرب.. أقلام مزعجة,1,1480,50.5405405405405
738995,Originals,التربية والأجيال,58,2220,50.5195712954334
767347,LIVE,نازحو الفاو - النزوح إلى الموت - الجزء 2,2,1650,50.5151515151515
627975,AJA,العميل الهارب العائد,4,3069,50.5050505050505
667390,AJD,منطقة سوس,2,1493,50.5023442732753
688369,Other,كيف يمكن للكوميديا أن تخدم القضية الفلسطينية؟,3,468,50.4985754985755
677923,AJA,رسائل المقاومة بمعركة سيف القدس,9,2933,50.4981626700004
815166,AJA,سياسة أرمينيا الداخلية والخارجية,6,1280,50.4947916666667
770010,LIVE,الحلقة السابعة عشرة– القعقاع يتخذ قرارا حاسما,44,2764,50.4917116168925
683076,AJA,جميع الحقوق محفوظة,2,2768,50.4877167630058
683235,AJA,الموساد الإسرائيلي في تونس,2,3134,50.4786215698787
833040,AJA,الدول العربية والسلام مع إسرائيل,2,2960,50.472972972973
688731,Other,الحرب بالمرض,6,610,50.4644808743169
637741,AJA,حرب أكتوبر وختام الشهادة,70,2868,50.4597529388324
815041,AJA,عبد الكريم الخطيب.. علاقته بالملك ودوره السياسي,4,3039,50.4442250740375
835040,AJA,الهادي آدم.. أيقونة الإبداع السوداني,210,1220,50.4422326307572
836910,Other,فُتات جوي!,138,418,50.4368629082588
667851,Originals,مقاطعة المشاهير واعتقال نتنياهو,13,1640,50.4268292682927
627998,AJA,المغرب وهموم المرحلة,11,2761,50.4198083698265
629829,AJA,غريبو الأطوار,47,3224,50.4111451348926
765079,AJD,جابر بن حيان.. أبو الكيمياء,7,1605,50.404984423676
688356,AJA,أصل اللغة العربية,10,1388,50.4034582132565
668299,AJA,الرواية فن العصر,2,621,50.402576489533
826727,Originals,أفلام السرقات,404,1769,50.4025600411935
683611,AJA,الخيارات الفلسطينية - الجزء (1),2,2135,50.3981264637002
667772,Other,احذر المطب,2,401,50.3740648379052
727049,Originals,أنطاليا: طبيعة خلابة,9,1443,50.3734503734504
836885,AJA,كوسوفو.. مأساة القرن العشرين,1,1541,50.3569110966905
683271,AJA,تقسيم السودان,16,2947,50.3520529351883
799236,AJA,الضعف العربي.. من المسؤول؟,2,4115,50.3402187120292
703216,Other,الرحلة الشاقة للمواهب,2,592,50.3378378378378
842249,Other,جواسيس إسرائيل داخل فيسبوك!,659,1332,50.3323125857268
812600,AJA,أكبر فضيحة جنسية في إسرائيل,49,1836,50.3290204970877
722971,AJA,الحوثيون والسعودية.. معادلات جديدة,4,2984,50.3267426273458
629296,AJA,العرب والعنف الأسري,2,3009,50.3157195081422
826086,AJA,حرب العبور إلى الضفة الأخرى,13,1597,50.3154954000289
826438,Other,صُنع في الظل: قصة نووي كوريا الشمالية,16,357,50.3151260504202
763486,Other,ظهور أحمد حسون وتصريح منسوب لزوجة الأسد,10,1133,50.3089143865843
691780,AJA,الأسبوع الأول وما قبله,63,2849,50.3083788798075
629563,AJA,تل الزعتر.. خفايا المعركة,19,3004,50.3048566823183
836846,AJA,واقع المصالحة بين فتح وحماس,2,1500,50.3
695906,Other,سقوط أخلاقي وتوازن الرعب,2,171,50.2923976608187
825516,LIVE,شارع الحوادث 2,10,2133,50.28129395218
696402,AJD,أرابيسك.. الصوت الخفي للجمهورية,1,3206,50.2807236431691
648015,Originals,الرحمة,45,568,50.2738654147105
667870,Originals,تسريبات من داخل غرفة عمليات جيش الاحتلال,30,1032,50.264857881137
815511,Atheer,20 -لا صوت يعلو على صوت بن لادن,436,3461,50.2622936044893
631015,AJA,أياد ممتدة لتحقيق الأحلام,1,1341,50.2609992542878
628093,AJA,الهدوء الذي يسبق العاصمة,18,2805,50.2554961378491
837590,AJA,أسباب فشل محاولة الانقلاب الثالثة,14,3045,50.2486511846118
671895,AJA,الإخوان المسلمون وحسن البنا,22,2932,50.248046632767
630514,AJD,سيرة علي الزيبق,2,814,50.2457002457002
833483,Originals,أفلام السجون,553,1612,50.243315280065
834215,AJA,تأثير تراجع الدولار في الاقتصاد الأميركي والعالمي,4,4143,50.2413709872073
637944,AJA,أول عملية استشهادية لكتائب القسام,6,3115,50.2407704654896
826662,AJA,الليبراليون الجدد وثوابت الأمة,2,4182,50.2391200382592
658465,AJA,بريطانية تستكشف الأردن,3,1609,50.2382432152476
707025,Other,هتلر,34,826,50.2350092579405
637800,AJA,التخطيط لغزو سوريا,4,2997,50.2335669002336
767791,AJA,دور المرأة في بناء المجتمع المسلم,16,3104,50.231556056701
630027,AJD,ريا وسكينة.. مصر,9,816,50.2314814814815
766463,AJA,الشارع الجزائري,2,1513,50.2313284864508
697791,AJD,الطهطشيون.. أبناء الغابة,2,1594,50.2195734002509
629347,AJA,ثورة الذكاء الاصطناعي,1,3047,50.2133245815556
678241,AJA,صراع تجاري وتقني بين الصين والغرب,2,2932,50.2046384720327
764731,AJA,احتجاجات السودان,1,3050,50.1967213114754
775024,AJA,أدوار العلماء السياسية والاجتماعية,15,3357,50.1956111607586
814131,AJA,الذكاء الاصطناعي وإثارة مخاوف البشر,1,1315,50.1901140684411
716203,AJA,"قصة مثل ""أتتك بحائن رجلاه""",2,1348,50.1854599406528
658292,AJA,موارد كردستان العراق.. هل تؤهله للاستقلال؟,1,1431,50.1747030048917
760811,AJA,جنوب السودان والتحديات الأمنية والاقتصادية,1,1493,50.1674480910918
629692,AJA,ولد الددو.. ميزان الحركة الإسلامية,16,2947,50.1611808618934
683763,AJA,ماليزيا.. جوهرة آسيا الحديثة,10,1462,50.1504787961696
732277,Originals,عمارة السجون,88,1205,50.1490003772161
805870,AJD,الحياة بالموسيقى.. سيجوا بوسكو- أوغندا,2,1731,50.1444251877527
846343,AJA,تظاهرات أوكرانيا,3,1599,50.1355013550136
688701,AJD,السينما المصرية - الجزء الثالث,6,3102,50.1343219428326
629249,AJA,إيمان عياد,9,1330,50.1336675020886
657779,AJA,مديح الكراهية,2,2848,50.122893258427
766885,LIVE,نازحو الفاو - الجزء 1,3,1954,50.1194131695667
764724,AJA,الأمن السيبراني,2,3013,50.1161632923996
686282,AJA,خطر الذكاء الاصطناعي وعجائب بحر غزة,2,1498,50.1001335113485
720164,AJA,اختيار رئيس الدولة ورئيس الوزراء,2,3145,50.0953895071542
765183,AJA,مدونون من سوريا,2,1589,50.0943989930774
637834,AJA,دور السادات السياسي,25,2595,50.0932562620424
657838,AJA,انتهاكات كتائب القذافي,4,2685,50.0931098696462
637875,AJA,التنظيمات السرية ومقاومة الإنجليز,15,3084,50.0886294855166
831500,AJA,إسرائيل تقصف دمشق ودروز إسرائيل يدخلون سوريا,148,223,50.0848382014301
767858,LIVE,الحلقة السادسة– البحث عن التمويل,96,3460,50.0800818882466
768785,LIVE,الحلقة السادسة عشرة- صراع الأمين والمأمون,137,2997,50.0792763566486
672857,AJD,غضب النيل,2,2788,50.0717360114778
637822,AJA,التدخل لحل الصراع اللبناني الفلسطيني,5,2899,50.0655398413246
665867,AJD,كواليس الحروب الصليبية,2,1694,50.0590318772137
678239,AJA,ماذا أنجزت قوى الثورة السورية؟,2,2837,50.052872752908
830537,AJA,"الشرق الأوسط من ""الكبير"" إلى ""الجديد""",2,2905,50.0516351118761
641009,AJA,أفلام الملاكمة.. تذكرة رابحة,2,1396,50.0358166189112
632072,AJA,منصور خالد.. ذكريات رجل سلام,2,2793,50.0358037952023
665802,AJA,صراع النفوذ في الصومال والقرن الأفريقي,1,1399,50.035739814153
840086,AJA,اليهود في روسيا,2,2820,50.0354609929078
817975,AJA,تشغيل مفاعل بوشهر النووي الإيراني,2,1507,50.0331785003318
763968,AJA,الحركة الإسلامية في موريتانيا.. مراجعات وتجارب,1,3076,50.0325097529259
806305,AJA,مراكز الأبحاث الغربية والقرار السياسي,4,4172,50.0299616490892
802934,AJA,قواعد الحرب والسلم في أفغانستان,2,5332,50.0281320330083
628075,AJA,داني شمعون,55,2937,50.0275482093664
823615,AJA,المقاومة العراقية والعملية السياسية,2,1938,50.0257997936016
803216,AJA,القومية العربية.. بين الرفض والقبول,4,4041,50.0247463499134
843385,AJA,مشاركة المرأة الخليجية في صناعة القرار,2,2773,50.0180310133429
827242,AJA,سوريا وتداعيات تقرير ميليس,2,2779,50.0179920834833
827240,AJA,أميركا اللاتنينة.. من الرأسمالية إلى الاشتراكية,2,2880,50.0173611111111
695037,AJA,أحرار الشام,4,2975,50.0168067226891
821924,AJA,هل اخترقت أميركا الإعلام العربي؟,2,4174,50.0119789171059
849716,AJA,خطر الشيخوخة في اليابان,2,1557,50.0
849709,AJA,جنة بالي الساحرة تخفي قتلا قاسيا للسلاحف,2,1607,50.0
849689,AJA,أسرار التجسس في الحرب الباردة,2,1682,50.0
849675,AJA,حرب إيران ضد المخدرات,2,1659,50.0
839698,AJA,المساواة الجندرية.. مخاوف وتوجسات,2,5470,50.0
833137,AJA,ما الآثار المترتبة على استقالة رامسفيلد؟,2,2798,50.0
826680,AJA,الحدود السورية العراقية وعبور المسلحين,2,2834,50.0
826664,AJA,مستقبل لبنان بعد الانسحاب السوري,2,4165,50.0
783696,Other,مفتاح تعطيل السلاح!,4,1306,50.0
773974,Other,رجل الرئيس في خطر!,2,936,50.0
767797,Other,أغبى صفقة في التاريخ؟,4,1472,50.0
695051,AJA,أوروبا.. الوجه الآخر,2,3140,50.0
683830,AJA,عند جهينة الخبر اليقين,2,1441,50.0
683702,AJA,أسيوط.. حاضنة مصر القديمة والحديثة,2,1283,50.0
668594,AJA,المواجهة غير المعلنة بين الفاتيكان وإسرائيل,2,2927,50.0
668309,AJA,أميمة تغني قضايا العرب,2,717,50.0
667228,AJA,الوسيط الخادع,2,2752,50.0
626035,AJA,التمويل الأجنبي.. تمكين للمرأة أم هيمنة ثقافية؟,2,3839,50.0
848943,AJA,الديمقراطية بين الإسلاميين والعلمانيين,5,2823,49.9964576691463
630458,AJA,بول كاغامي.. رواندا الجديدة,6,3091,49.9892160034509
657660,AJA,عرّاب قصص الماورائيات,6,1503,49.9889110667554
749482,AJA,رماد الاستبداد .. ونيران الثورة,2,2987,49.9665215935721
673629,AJD,مبارك وسنينه - الجزء 2,2,2976,49.9663978494624
843663,AJA,فوز ترامب والتمدد الإيراني,1,1397,49.9642090193271
818674,AJA,جدوى المقاطعة,28,3091,49.9595600129408
758920,AJD,الشيخ عبد الرحمن جورسيس - تركيا,2,894,49.9440715883669
749380,Other,العلاج بالصلصة,4,870,49.9425287356322
749456,AJA,البحث عن ثروة بوتين,2,1446,49.9308437067773
752614,AJA,الهاتف النقال والفواتير الباهظة,1,1438,49.9304589707928
831791,AJA,حماس والنظام السوري والقضية الفلسطينية,4,2835,49.9294532627866
790130,AJA,هل أفادت العولمة العالم؟,2,5459,49.9267265066862
843752,AJA,البحث عن القاعدة,50,1857,49.9041464728056
701023,Other,كيف تخسر العملات قيمتها؟,39,319,49.8995257615947
629473,AJA,السفر الأخير .. كتابٌ سجن صاحبه - الجزء 2,4,1478,49.8985115020298
629664,AJA,"""العربية السعودية"" والتحديات المحتملة",2,1424,49.8946629213483
765737,AJD,عبد الله هنري كويليام,9,1733,49.8942104250817
683759,AJA,مغامرات سياحية في قطر,2,1412,49.8937677053824
840673,Other,أخطر رجل في أميركا؟,912,1412,49.8870893593758
683279,AJA,الاستقالة وسياسة التعاضد,4,2826,49.8849964614296
665295,AJA,التبادل - الجزء 3,7,3045,49.870982875909
667197,AJA,أسئلة النهضة العربية,2,1509,49.8674618952949
687055,AJA,لبنان رغم الدمار,2,3065,49.8531810766721
783801,AJA,الشيخ رشيد رضا.. رمز السلفية ورائد النهضة,12,3009,49.8393707765592
721979,AJA,الفتنة الطائفية ونظرية المؤامرة,2,1526,49.8361730013106
802139,Other,سوريا بلا عقوبات,16,1030,49.8361650485437
630909,AJA,أمين الجميّل.. خفايا وأسرار,11,3173,49.8295275477753
764812,AJA,"مبنى ""سفير"" الكروي.. ثورة بصرية بتقنيات مذهلة",2,1163,49.8280309544282
823278,Other,طبيبة تروي المأساة,13,613,49.8180449240808
728405,AJA,الحوار الفلسطيني الوطني,3,5585,49.806028051328
627888,AJA,روسيا.. ضحية الإرهاب أم راعية له؟,7,2752,49.7456395348837
629555,AJA,حرب الموانئ,19,2901,49.745096972006
814478,AJA,باكستان والمسألة الكشميرية,8,1484,49.7136118598383
823323,AJA,الأدب بين ويلات الحرب والسلام,55,1262,49.7032127935456
765031,AJA,السنوار.. رجل الدولة الثائر,383,2964,49.7010250067829
697160,AJD,الحياة البسيطة,2,3170,49.7003154574132
629557,AJA,قتل الأدلة,36,3012,49.6965840342334
629116,AJA,فينوغراد.. الحساب المفتوح,3,2522,49.6960084588951
806314,AJA,تعاطف عربي مع فرنسا,5,4104,49.6442495126706
837589,Other,المنبوذون,100,691,49.6353111432706
716672,AJD,البوسنة والهرسك.. سحر الطبيعة والتاريخ,3,1727,49.6236247828605
657977,AJA,حق يأبى النسيان - الجزء 1,26,3140,49.6153846153846
629796,AJA,الصفقة والسلاح,159,3124,49.6126559241096
683295,AJA,تجربة التعاضد الاشتراكية في تونس,4,3046,49.6060407091267
736767,Atheer,هل انتهى عصر النفط؟,54,2917,49.6051244937087
766479,Other,القولون,15,805,49.5983436853002
657903,AJA,الملف المصري: توازن قوى أم مصالح؟,12,3176,49.5723131821998
777818,AJA,الضربة الأميركية لأفغانستان.. أسبابها وتبعاتها,5,4721,49.5700063545859
697311,Originals,عمارة البيت العربي,118,1408,49.5660390986133
667263,AJA,تبادل اتهامات بين فتح وحماس,2,1707,49.5606326889279
738689,AJA,المقاومة العراقية ضد الاحتلال الأميركي,1,3168,49.5580808080808
628376,AJA,رياض الصلح,29,2884,49.5384762542446
763978,AJA,سيناء.. الأرض والإنسان والتيه,2,3032,49.5382585751979
837606,AJA,الانقلابات العسكرية في موريتانيا,32,2977,49.5381256298287
686333,AJA,حياتي مع طالبان,2,647,49.5363214837713
630024,AJA,التقارب التركي العربي,1,3000,49.5333333333333
637766,AJA,الأزمة السياسية في سوريا,14,2424,49.5285242809995
668114,AJD,رسالة أحمد بن فضلان - الجزء 2,7,1716,49.5171495171495
631026,AJA,العالم الإسلامي والتحديات السياسية,1,2959,49.509969584319
630413,AJD,أغنية زينة زينة.. مصر,2,810,49.5061728395062
813698,Other,التجسس المالي.. سلاح أميركا الخفي,2,1106,49.502712477396
683750,AJA,العثمانيون,11,2884,49.4861934182323
719331,Other,التعويذة الخوارزمية,55,694,49.4734084359445
776883,AJA,التعاون على البر والتقوى.. الثمرة الباقية,5,3361,49.4674204105921
836921,Other,10 مفاهيم غير صحيحة في سوريا هل يمكن تفاديها؟,79,1729,49.4571384644669
686090,AJA,هزيمة قوة عظمى,18,2963,49.4525068436645
713164,AJA,مستقبل الإخوان بعد الفوز بالرئاسة,3,2870,49.4425087108014
693683,Other,ما الذي يحصل في لبنان؟,3,1048,49.4274809160305
628094,AJA,موت الرجل الثاني- الجزء 1,81,2680,49.4237147595357
629888,AJA,سيرة الشاعر الحطيئة,5,1393,49.3898061737258
806473,AJD,والله ما طلعت,20,857,49.3815635939323
637821,AJA,العلاقات السياسية للإخوان المسلمين,43,2863,49.3773810200716
668113,AJD,رسالة أحمد بن فضلان - الجزء 1,5,1457,49.3617021276596
688477,Atheer,المغرب الحديث بعيون نور الدين دحان,36,9669,49.3607864768274
631514,AJA,بين تطرفين,55,3099,49.3467100824313
732728,AJA,المرتفعات الأبية - الجزء 4,8,1486,49.3438761776581
719335,Other,100 مليون سنة أكل,17,941,49.3342501719072
802082,AJA,مالك حداد وحلم الحرية,20,1422,49.3319268635724
726287,Originals,مذكرة اعتقال نتنياهو وغالانت,53,2119,49.3317424559466
629560,AJA,الهند.. من أشعل الفتيل؟,10,3198,49.3277048155097
733126,Originals,كيف يغير تيك توك شكل السينما؟,23,845,49.3028042191922
818052,AJA,مقاوم جزائري يجد الحب في المعتقل,1,2864,49.3016759776536
767229,AJD,سوبر صليحة,110,2910,49.2817869415808
628110,AJA,مقتل أبو البراء,36,3063,49.2699604599702
843664,AJA,أرز الخليج وثلاجة السيسي,10,1461,49.2607802874743
640966,AJA,كيف تستطيع الحيوانات التمثيل؟,14,1465,49.2345197464651
835008,AJA,نتنياهو يريد تعبيد ممر داود بجثث السوريين,252,1767,49.2254381473397
629769,AJA,أسيرات فلسطينيات.. حكايات من السجون,1,2960,49.222972972973
797256,AJA,أصداء كشمير في واشنطن والشرق الأوسط,2,3663,49.2219492219492
626039,AJA,عمل المرأة وأثره في الأسرة والمجتمع,2,4241,49.2218816316906
826732,AJA,دور إخوان مصر في برلمان 2000,4,5431,49.1668201067943
632167,AJA,حلايب.. المثلث الأصفر,26,2816,49.1641171328671
671893,AJA,النبهاني وحزب التحرير,3,3142,49.161892637386
630486,AJD,عالحلوة والمرة.. مصر,1,773,49.1591203104787
667326,AJA,موت مناضل من أجل الحرية,44,1402,49.1489430683439
628005,AJA,واقع الحركات الإسلامية في المغرب,15,4461,49.1354703728611
630544,Other,خدمات سياحية,2,691,49.1316931982634
667852,Originals,"نشطاء لـ ""فخر العرب"": ""خليك خسران أنا مش عطشان""",19,1732,49.1217940926219
722215,AJA,المسارات المحتملة لأزمات الشرق الأوسط,3,2961,49.0825171676235
725404,AJA,عودة المفاوضات الفلسطينية الإسرائيلية,4,5498,49.0678428519462
706096,AJA,الحرب النفسية الإسرائيلية على لبنان,1,1661,49.0668272125226
701902,AJA,إمكانات شبكات جيل الاتصالات الخامس,1,1266,49.0521327014218
825896,Other,كنت أعرف الشاه,221,1365,49.0494422621119
629822,AJA,معاناة فلسطينيات الداخل,10,1500,49.0466666666667
683736,AJA,سلطنة عمان.. جولة في مسقط والجبل الأخضر,13,1528,49.0434957712445
657897,AJA,الولايات المتحدة.. بين الفشل والهزيمة,3,3192,49.0288220551378
641043,AJA,حرب الجبل جبهة طائفية أخرى,5,3078,49.0188434048083
812339,Originals,أعظم ممثل في التاريخ,239,1841,49.012156845811
767713,AJD,البابا شنودة.. رحلة مؤسسة ومسيرة بطريرك - الجزء 2,3,3200,49.0104166666667
683562,AJA,ندامة الكسعي.. ولماذا كسر قوسه؟,44,1355,49.0070446159007
771054,AJD,الحبيب عاشور.. رجل العواصف,21,3180,48.9967056004792
630140,AJD,قبائل المنتاوي,4,3341,48.9898234061658
754938,Atheer,من طيار حربي إلى عميد المعتقلين السوريين,60,4744,48.9878442945475
630456,AJA,جمال سليمان.. ضريبة الموقف السياسي,7,3012,48.9755264655663
637773,AJA,اغتيال السادات,15,2455,48.9585879158181
767838,LIVE,من قلب السودان,9,1979,48.9528942788165
657740,AJD,تونس,3,1424,48.9466292134831
628246,AJA,سجالات في واشنطن في مكافحة الإرهاب,1,2983,48.9440160911834
631929,AJA,جنوب السودان والتدخلات الإسرائيلية والأميركية,2,3004,48.9347536617843
803798,Originals,السلاح المسعور,89,1472,48.924493160723
687707,AJA,محمد سليم العوا الجزء 2.. حصاد الربيع العربي,10,2932,48.9154160982265
628035,AJA,منتهى الثورة,4,3088,48.9151554404145
665811,AJA,تداعيات التصعيد المتواصل بين إيران وإسرائيل,1,1543,48.8658457550227
700989,AJA,الخلاف مع الدولة,4,3125,48.856
702783,AJA,"ابتكارات ""إيلون ماسك"" غير التقليدية",2,1471,48.844323589395
838245,AJA,"من أكثر الناس مدحا؟ وقصة المثل ""جزاء سنمار""",859,1380,48.8406640684314
630075,AJD,القشار,1,774,48.8372093023256
705846,AJA,القدس والأقصى في عين العاصفة,2,3015,48.8225538971808
815739,AJA,الولايات المتحدة بعد هجمات 11 سبتمبر,7,4020,48.820184790334
639860,Originals,خلف الأبواب المغلقة - الجزء 3,44,1866,48.8197895352236
628092,AJA,الطريق إلى عتليت - الجزء 2,7,2723,48.8117097738838
798878,AJA,مصطفى البرغوثي.. مؤسس المبادرة الوطنية الفلسطينية,196,5759,48.8116204981732
803419,AJD,تونس,4,647,48.8021638330757
776780,Other,لبنان وسوريا,10,699,48.7982832618026
630691,AJD,أرومية,1,906,48.7858719646799
657835,AJA,قرارات الإخوان أثناء الثورة,7,2920,48.7769080234834
671887,AJA,انتقــام المفكـر,52,3146,48.7750012225537
680994,AJA,زمن النكبة,12,2914,48.7731640356898
765083,AJD,ابن رشد.. القاضي الفيلسوف,17,1616,48.7441758881771
848213,Other,كيف انتصر بوتين؟,717,1252,48.7276146171704
683276,AJA,قلاع وكهوف,5,1453,48.7267721954577
806474,AJD,قلبي يحدثني بأنك مُتلِفي,17,928,48.7132352941176
765086,AJD,ابن العوام.. قاموس الفلاحة,4,1510,48.7086092715232
769246,LIVE,عرس الزين,5,1886,48.7062566277837
628209,AJA,العبور إلى المجهول - الجزء 2,21,2922,48.6978912030247
715720,AJA,دبلوماسية أميركية استقالت بسبب حرب غزة,5,2245,48.6859688195991
836908,Originals,أفلام الوحوش,703,1491,48.6819446789795
807330,Originals,معاداة مدام سامية,102,1846,48.6749304272088
796962,AJA,مستقبل الألعاب.. هل انتهت نظارات الواقع؟,6,1102,48.6690865093769
817967,AJA,تونس تشهد أول انتخابات بعد الثورة,2,1459,48.6291980808773
846477,AJA,"طفل في غزة يصرخ: ""أقسم بالله جعانين""!",18,310,48.6200716845878
752601,AJD,حكاية طفلة اسمها ألماسة,34,1275,48.6182237600923
683027,AJA,متمردو باب العزيزية,7,2916,48.6037624926514
667939,AJA,تجاذبات الموقف الغربي من القضية الفلسطينية,1,2288,48.6013986013986
703388,Atheer,د. طلال الخضر: غزة غيرت حياتي وقد تغير العالم الآن,14,4602,48.5782579002918
766080,AJD,الحضارة الإسلامية والعلم,16,1709,48.555441778818
796194,Other,العمة الحنونة,14,276,48.5507246376812
641006,AJA,اللقطات القريبة .. لماذا يحبها الممثلون؟,9,1306,48.5451761102603
814384,AJA,ما الفرق بين الحمد والشكر؟,55,1319,48.5381487352678
701601,AJA,المترجم الأفغاني,252,1460,48.5132637529898
657686,AJA,برلماني أردني يعتزل السياسة - الجزء 1,20,2770,48.5036101083032
637775,AJA,أخطاء جمال عبد الناصر,21,2579,48.4997876622537
682986,AJA,أسباب العداء بين دول الخليج وإيران,11,3682,48.4741494247198
683651,AJA,تطويق القدس,7,2945,48.4550084889643
628318,AJA,غزة.. الصورة الأخيرة,15,2832,48.4439736346516
846478,AJA,سباق الهواتف فائقة النحافة يشتعل مع هونر,528,1155,48.4322117276663
683196,AJA,معركة الكرامة,4,2937,48.4167517875383
648037,Originals,ما يكرهه النبي,5,535,48.411214953271
716039,AJA,فلسطينيو 1948 وتداعيات ما بعد النكبة,2,1414,48.4087694483734
677615,AJA,مساجد تاريخية,7,1384,48.4000825763832
700993,AJA,من الدعوة إلى الجهاد,28,3149,48.3929138502019
833442,Other,حروب الاستنزاف.. لعبة الصبر,54,343,48.364107547781
824566,AJA,نتنياهو مكلف بتعجيل ظهور المسيح,90,1909,48.3470112333392
752600,AJD,ابن القدس.. عبد القادر الحسيني,5,3427,48.3454916836884
806465,AJD,اسقِ العِطاش,17,816,48.3059400230681
637780,AJA,ظلال الهزيمة,15,2657,48.3051060092837
791601,Originals,نظام الشتيمة الحديدية,47,1690,48.2915774896135
684299,AJA,مي زيادة ومحنة دخولها إلى المصحة النفسية,2,1218,48.2758620689655
707414,Originals,العمارة والاستعمار,116,1263,48.2738143992137
686085,AJA,نار تحت الرماد,23,2867,48.2734565748169
837982,Originals,من الطالق؟,13094,1454,48.256780040797
806477,AJD,يا ليلُ الصبُّ متى غده,41,872,48.2518460505706
678407,Originals,مصر - الفيوم,48,1336,48.2456961077844
630317,AJA,الزواري.. طيار المقاومة,163,2965,48.2349289771258
843750,AJA,"برنامج ""مراسلون"".. محطات بارزة",2,1686,48.1909845788849
672861,AJD,تهريب الفلاشا,16,3118,48.1779185375241
735573,Originals,الألم اللطيف,77,1198,48.1776987620059
629716,AJA,مهاجرة مغربية تؤسس شركتها في هولندا,3,1451,48.1736733287388
815756,AJA,الديمقراطية الأميركية في العالم العربي,3,4027,48.1582650442844
754241,AJD,قرى بدون رجال,3,2899,48.1545360469127
840081,AJA,الصومال.. بصيص أمل,6,2411,48.1404673026407
630552,AJD,صراع الأصالة والحداثة,84,3126,48.1381196112482
630522,Other,ديفيد بيكهام والعلاج بالهواء,5,556,48.1294964028777
831031,Other,هنا يدفن البشر أحياء,33,766,48.1169396312999
629262,AJA,مائة عام على سايكس بيكو - الجزء 1,16,2918,48.1044379712132
692159,Other,فيلم غولدا,8,705,48.1028368794326
684217,AJA,لعله.. صراع حضارات,9,2839,48.0959649328793
778237,AJD,حواري القدس,15,2850,48.0795321637427
668591,AJA,دوافع سياسة بريطانيا الشرق أوسطية الجديدة,1,2912,48.0769230769231
684183,AJA,تسريح ضباط بعد ثورة يوليو,8,3077,48.0744231394215
735319,Originals,أفلام في مستوى الطالب المتفوق,36,667,48.0551390971181
686307,AJA,"""قراءة التاريخ"".. الإنسان محور التاريخ",2,717,48.047419804742
809237,AJA,ديمبلي يحصل على رولكس بنصف مليون يورو,2,255,48.0392156862745
793690,AJD,الاستقلال 1920-1954,24,3177,48.0327352848599
637778,AJA,تداعيات حرب النكسة على المنطقة,9,2741,48.0238355831205
629223,AJA,مرسيدس.. سيارات المستقبل بتصاميم الماضي,3,1190,48.0112044817927
637881,AJA,صراع الفصائل الفلسطينية والجيش اللبناني,18,2865,47.9930191972077
806338,AJA,التعديلات الدستورية العربية,4,4328,47.9725046210721
627936,AJA,أجراس الخطر.. الحقيقة وراء 11 سبتمبر - الجزء 1,284,3051,47.9686872463889
849990,AJA,ماذا فعل الحاخام بالقاصرات؟,1583,1327,47.953648433978
716419,Other,المقاطعة.. كابوس الاحتلال,60,535,47.9221183800623
665325,AJA,تمرّد على الواقع,1,2621,47.9206409767264
630580,Other,دروس من سيكولوجية المال,4,454,47.9074889867841
800196,AJA,"جدوى وجود ""درع الجزيرة"" في الكويت",5,4189,47.9064215803294
629633,AJA,كهرباء غزة,13,2807,47.9049628675564
631516,AJA,الموساد في إسطنبول,113,3174,47.8985786060413
668558,AJA,هل ستسمح تونس للأحزاب الإسلامية بالعمل؟,2,2936,47.8712534059946
637887,AJA,كواليس نشأة جبهة التحرير الفلسطينية,10,3038,47.8703094140882
697174,AJD,صناعة الطاغية,13,1714,47.8592585943811
693807,Other,حكومات وادي السيليكون,26,380,47.8542510121457
640960,AJA,سينما المرأة,6,1219,47.8534317746787
767795,Originals,رفقا بالمخالف,49,1508,47.8360309641098
840640,AJA,وحش مرسيدس الجديد يتحدى الجميع,599,1296,47.8067870318844
683607,AJA,ألغام إسرائيلية.. بين بيوت المدنيين,3,1851,47.7939852332073
737141,AJA,أساليب القرصنة الجديدة,4,1479,47.7687626774848
694086,Other,اغتيال نصر الله.. التخطيط، الخداع، والنشوة,3,462,47.7633477633478
629566,AJA,أفغانستان.. شبكات تهريب البشر,3,3014,47.7549214775492
670743,Atheer,أسئلة في فترة الخطوبة تحلّ أغلب مشاكل الزواج,16,4678,47.7420906370244
748599,AJA,قيادة السنوار لجهاز حماس الأمني,371,3297,47.7164979680131
819052,AJA,العلاج في الهند ونصيب الفقراء منه,5,1533,47.6973255055447
637790,AJA,خطة تحرير فلسطين وموقف العرب,3,2500,47.6933333333333
629244,AJA,اليمن.. الأموال المنهوبة,38,3055,47.6862778878456
683266,AJA,الوحدة مع سوريا وحرب اليمن,9,2793,47.6826988105184
688819,AJD,لوحات مستوحاة من معاني القرآن,3,675,47.6543209876543
631953,AJA,الطريق إلى صنعاء,42,2991,47.6405406696279
667419,Other,قصة المقاومة الفلسطينية,25,898,47.630289532294
716034,AJA,التصميم الداخلي بين الضرورة والأعباء,4,1397,47.6020042949177
718135,Originals,الحكم المدني والعسكري,48,2208,47.5854846014493
804648,Other,صحوة الضمير الغربي؟,203,687,47.5788930238561
696388,AJD,الباحثون عن النيازك,13,3138,47.5707211844879
658393,AJA,قناة الجزيرة في حلتها الجديدة,15,1607,47.5627463181912
788592,AJA,مجزرة جديدة في خان يونس تستهدف النازحين,6,253,47.562582345191
763457,Atheer,من التطوع إلى التغيير.. حكاية فريق ملهم,87,12995,47.5624134835237
766551,AJD,ابن خلدون: مبدع المقدمة ومؤسس علم الاجتماع,104,1561,47.5601192529444
629386,AJA,إعدام خارج القانون,19,2871,47.5389099708519
641016,AJA,أفلام الغرب الأميركي,9,1476,47.5383920505872
817229,Other,ليالي البالستية,25,918,47.5381263616558
722304,AJA,إيران وإسرائيل.. الخِيارات الصعبة,22,4462,47.5357564891406
629139,AJA,موريتانيا.. بين القصرين,7,3002,47.5111830208432
696346,AJA,الساعات الأخيرة,6,3063,47.4861247143324
629129,AJA,واشنطن وطاقة العرب النووية - المسألة الجزائرية ج1,6,2826,47.481717386176
683764,AJA,أغنى مدن ماليزيا وأقدمها عمرا,5,1498,47.4766355140187
827241,AJA,هل تمثل منظمة التحرير كل الفلسطينيين؟,3,2793,47.4758324382385
630602,AJA,كريم بلقاسم.. كيف تم تخديره وشنقه سرًا؟,26,2907,47.4755894260538
684182,AJA,إرهاصات أحداث أيلول,4,2904,47.4690082644628
627601,AJD,وزن الريشة,5,2876,47.4478442280946
683637,AJA,أشجار بلا جذور,3,2855,47.4255691768827
736831,Atheer,بين التعليق الرياضي والعمل الإنساني,55,10089,47.4237468349868
775330,AJA,الجزائر واحتجاجات القبائل,4,4970,47.4195171026157
668338,AJA,الحرب على غزة 2008,21,4859,47.4142239731867
737125,Originals,عمارة الخليج,211,1206,47.4098700808752
630293,AJA,انتحار غازي كنعان.. وفرضية الاغتيال,146,2893,47.4089559588804
806565,Atheer,القاعدة كما رأيتها من شرفة منزلي,601,22572,47.3675585878931
729553,AJA,يوسف بن علوي.. ذاكرة عُمان السياسية,18,3027,47.3571192599934
631225,AJA,حماة 82,107,3079,47.352429633362
716025,AJA,الشباب الفلسطيني يتحدى الحصار رقميا,1,1529,47.351209941138
725729,AJD,البحث عن جذوري,14,4988,47.3378966662848
678175,AJA,أسباب انهيار أسعار النفط,4,2974,47.3352387357095
695055,Originals,كتابة السيناريو,180,2321,47.3294556943846
630110,AJA,بنان الطنطاوي.. اغتيال بالخطأ,12,2738,47.3155588020453
804875,AJA,عمر خيرت.. عبقري الموسيقى التصويرية المصرية,30,3103,47.3101299817381
806313,AJA,فلسطين بعد عرفات,2,3716,47.2820236813778
629447,AJA,"""فيلم أميركي طويل"" والواقع اللبناني",9,1519,47.2606246799795
628059,AJA,العد التنازلي,70,2627,47.2434607645875
765288,AJA,هاكان فيدان.. الرجل الاستثنائي في تركيا,41,2985,47.2353638109245
673620,Other,هل تنجح دعوى جنوب أفريقيا؟,16,1019,47.2215407262022
630397,AJA,شركاء التجسس,112,3013,47.218304015931
667872,Originals,"خبايا حلف ""النامو"".. وضربة إيرانية مفاجئة",21,1538,47.2072574153198
667355,AJA,متحف الشيخ فيصل بن قاسم.. ذاكرة قطر,3,1550,47.2043010752688
639859,Originals,خلف الأبواب المغلقة - الجزء 2,101,1752,47.1647678466477
665871,AJD,التلفزيون والغناء والرياضة,6,3086,47.1592136530568
703209,Other,لازم تنام,13,762,47.1532404603271
688751,Other,الأفيون,6,524,47.1374045801527
797238,Other,اليمن يستنزف أميركا؟,21,1240,47.13133640553
695028,AJA,نظرة في سجلات الكوارث المتزامنة,2,1582,47.1238938053097
829929,Other,الإرهاب وأبو شباب,60,987,47.1158392434988
670090,Originals,شماعة العنصرية,9,1488,47.1102150537634
737713,Originals,السلطة تغلق الجزيرة.. والشبكة تعلن حصادها!,18,1865,47.1015787905868
637828,AJA,مآلات حادثة المنشية على الجماعة,11,3129,47.0931752810947
738083,AJD,فرانسواز كيستيمان.. الموت من أجل فلسطين,13,1629,47.0888227794305
735320,Originals,حقوق العمال,4,2686,47.0867460908414
827217,AJA,حقيقة التعذيب في السجون العراقية,3,2836,47.0733427362482
818651,AJA,عسكرة الانتفاضة الفلسطينية,5,4139,47.0500120802126
683571,AJA,فوز نداء تونس,7,1566,47.0443349753695
628698,AJA,أميركا وإسرائيل بين عهدين,1,2972,47.0390309555855
657896,AJA,حصاد 2005 وعام الخوف,7,3100,47.0230414746544
841416,AJA,نتنياهو آخر ملوك اليهود,3352,1957,47.0028037166624
686976,AJA,الترحال ثم العودة إلى البوسنة,3,2940,46.984126984127
717689,AJA,أوجاع الذاكرة,8,2828,46.9810820367751
691804,Atheer,من جندي أميركي إلى داعية إسلامي,110,9531,46.9793306053929
640977,AJA,السيناريو أهم عناصر الفيلم,5,1457,46.9732326698696
667399,Other,هبّة الترند,2,1019,46.9578017664377
678199,AJA,جبهة النصرة.. داعش والإخوان والثورات,33,3141,46.9508842001679
843759,AJA,أنماط التعامل العربي مع حرائق إسرائيل,4,1409,46.9481902058197
742208,Other,النصيرات.. قريبا,9,40,46.9444444444444
668215,AJD,حارس الذاكرة,14,3211,46.9413177915202
737953,AJA,تاريخ العلاقة بين الإسلام واليهودية,91,5891,46.9236925016928
630855,Other,بيلدربيرغ.. مجلس إدارة العالم؟,13,967,46.9175085514279
830970,AJA,محسن العيني يرد على منتقدي شهادته,11,4161,46.9161696270564
628591,AJA,تقسيم الأقصى,4,2839,46.9003170130328
631064,AJA,الوحدة المغاربية.. بداية حلم الوحدة,1,2760,46.8840579710145
630791,AJD,هويات بين بين,2,1491,46.8812877263581
755674,AJA,الثابت والمتحول في دعم الأميركيين لإسرائيل,3,3175,46.8661417322835
630066,AJA,تركيا.. جولة انتخابات مصيرية,2,2995,46.8614357262104
684207,AJA,الصورة سلاحا,21,2822,46.8580203165604
683747,AJA,إثيوبيا.. مهد الحضارات,21,1486,46.8499647503685
806469,AJD,إلهنا ما أعدلك,16,851,46.849294947121
814117,AJA,الحملات ضد ترشح الإخوان للانتخابات الرئاسية,1,1569,46.8451242829828
628671,AJA,حرب أكتوبر.. الأعاصير,9,2882,46.8309044644922
848974,Other,تقسيم سوريا,457,1568,46.8279707944447
840705,AJA,غربة الربيع - الجزء 1,3,1558,46.790757381258
628261,AJA,الطريق إلى 25 يناير 2011,4,2969,46.7750084203435
808843,AJA,الانتخابات العربية والنتائج المحسومة,6,4091,46.7734050354437
809128,AJA,العرب وهجرة الأدمغة,3,4192,46.7557251908397
848997,Other,إبادة 2026,588,591,46.7548948513416
628488,AJA,الماسونية- الجزء 1,95,2781,46.752588050493
843340,AJA,تأثر ماليزيا بحرب أميركا على أفغانستان,2,5181,46.7477320980506
637833,AJA,صفقات تبادل الأسرى,10,2844,46.7440225035162
685243,Other,تلك قضية وتلك قضية؟,285,572,46.7341430499325
688484,Atheer,تفاصيل خافية من برنامج شاهد على العصر,77,4329,46.7250467250467
840697,AJA,في مأزق الأيديولوجيا - الجزء 1,2,1370,46.7153284671533
833135,AJA,الأحداث في أفغانستان,1,1475,46.7118644067797
836809,AJA,مع الثوار,8,1435,46.698606271777
628460,AJA,معماري لبناني يصمم منازل الفقراء بفرنسا,1,1540,46.6883116883117
697182,AJD,عمارة المنايفة,14,2917,46.6869092511876
684181,AJA,انهيار وحدة مصر وسوريا,9,3049,46.685616413396
641050,AJA,حروب هوليود المزيفة,19,1435,46.6642215294333
722240,AJD,عز الدين القسام,40,2787,46.6576964477933
802250,AJA,القمم العربية.. أي جدوى؟,8,4118,46.6124332200097
657700,AJA,التغريبة الفلسطينية في الدراما التلفزيونية,8,2792,46.6018982808023
844001,AJA,تحية إلى أنس الشريف ورفاقه الشهداء,2565,1504,46.5981294844677
831821,AJA,أسرار غوانتانامو.. ما وراء أسوار الصمت,6,2714,46.5856055023336
696408,AJD,الصورة الأخيرة,1,1630,46.5644171779141
751115,Originals,السفر,56,2147,46.5566571295495
670126,Originals,المونتاج,70,2573,46.5410027205597
630917,AJA,إسرائيل وتهويد القدس,10,2958,46.5280594996619
667733,AJD,زمن المجد,37,2743,46.463233193091
818614,AJA,رقصة الدراويش لم تعد حكرًا على الرجال,40,1581,46.46110056926
682998,AJA,العراق واستمرار الحصار الدولي,4,4590,46.421568627451
628489,AJA,حصار المهد,17,3053,46.3825359819657
719332,Other,شغلانات مالهاش لازمة,14,1003,46.3822817262498
677873,AJA,البرتغال.. مدن الأنهار والشمس,5,1494,46.3587684069612
768791,LIVE,الحلقة الخامسة عشرة- الشافعي في بغداد,92,3020,46.3586956521739
796702,AJA,دور العلماء في حرب غزة,34,3621,46.3562226879153
628479,AJA,تاريخ للبيع,3,2592,46.3348765432099
699290,AJA,حقيقة السيطرة الروسية على سوريا,9,2939,46.3196098446183
792833,Other,عصر الصين قادم؟,22,1095,46.3096720630967
630610,AJA,سامي العريان .. النشأة الفكرية والسياسية,4,3055,46.3093289689034
786785,Other,كعكعة سوريا,3,614,46.3083604777416
668400,AJA,صابون للزينة,1,1475,46.3050847457627
766496,Other,رصاصة خاطئة,5,368,46.304347826087
730007,AJA,الجنود الإسرائيليون في غزة: فيديوهات الجريمة,1,1825,46.3013698630137
629619,AJA,المستعربون.. كيف يعملون؟,1,3000,46.3
637956,AJA,انتشار الفساد في ماليزيا,5,3002,46.2958027981346
734115,AJA,تحديات التوحد,25,4394,46.2803823395539
657724,AJA,اليمن قبل عهد الإمامة وبعده,4,2578,46.266485647789
819118,AJA,القذافي ورؤيته للقمم العربية ومبادرة السلام,39,3162,46.2608864885905
825900,AJA,الوضع الليبي بعد تحرير طرابلس,2,1482,46.2550607287449
688373,Atheer,كيف تحول من طالب إلى أشهر سجين بغوانتنامو؟,364,14023,46.2458849002385
667346,AJD,موريتانيا - الجزء 2,9,1595,46.241727621038
683111,AJA,شاهد على الثورة اليمنية,4,2877,46.2374000695169
737270,AJA,تحديات اليمن داخليا وخارجيا,7,4136,46.2213318596297
835692,AJA,برتران بديع.. رائد علم العلاقات الدولية,246,3605,46.2095328304185
677868,AJA,مدن عالمية لا مثيل لها,8,1391,46.2077641984184
799235,AJA,حرب إعلامية أميركية ضد العراق والعرب,9,4212,46.2066054658647
637776,AJA,مصر بعد مقتل السادات,14,2654,46.1944235116805
775175,AJA,أنحف هاتف في العالم ونظارات الواقع المختلط,4,1595,46.1755485893417
749381,AJA,شعائر الله.. وأثرها,3,2808,46.1657169990503
630466,AJD,الوحدة,38,3250,46.1651821862348
627887,AJA,تحولات عربية ودولية.. هل تنبئ بمستقبل جديد؟,9,2710,46.1090610906109
657905,AJA,مستقبل الصراع الفلسطيني الإسرائيلي,6,3013,46.1002323265848
670761,AJA,ناظم حكمت.. شاعر تركيا المناضل,3,3003,46.0761460761461
684293,Originals,الإعلانات الكوميدية,45,2607,46.0427055363764
797267,Originals,بداية النهاية,208,1291,46.0201543228267
839840,AJA,الجزائر في عهد الوئام المدني,8,2839,46.010919337795
769730,LIVE,الحلقة السابعة عشرة- رفض مواجهة المعتزلة,107,3056,45.9803297940011
806297,AJA,الوحدة العربية وشعارات القومية,3,4156,45.9736926531922
849758,Originals,الحلقة الأخيرة: خربت خالص!,2,1682,45.9274673008323
697307,Originals,عمارة الاحتلال,142,1742,45.8943096004269
627595,AJD,سيرة ماء العينين,26,2926,45.8751774541248
683281,AJA,أسباب انقلاب عبود 1958,24,3038,45.8717357910906
683859,Originals,بناء الشخصيات,80,2359,45.8621237812632
657878,AJA,موقعة الجمل والإخوان في الميدان,3,2818,45.824461793234
628529,AJA,غسان كنفاني,16,2974,45.8158204438467
724233,Originals,عزام.. عنبر الحرب المنسية,4,1731,45.8116695551704
793599,Originals,المواطنة,173,3099,45.8020207898502
632000,AJA,ويستمر الحصار..,1,2890,45.7785467128028
641040,AJA,آثار النكسة في غزة,31,2928,45.7606204829896
678262,AJA,الأقصى بين هاجس التطبيع وواجب النصرة,6,2883,45.7509538674991
836615,AJA,نساء غزة وأطفالها بين الإبادة والتجويع,52,1421,45.743788231473
766481,Other,ظاهرة الأخبار الزائفة,6,881,45.7434733257662
637968,AJA,تجربة المنفى,12,2949,45.7330168418673
631173,AJA,نفط العراق,28,2912,45.7184556514914
789740,Atheer,السنغال.. بين الإسلام والاستعمار الفرنسي,80,6805,45.6770756796473
728356,AJA,ضربة حظ,17,2879,45.6755817992359
799237,AJA,القوة الأميركية بين الخير والشر,5,4102,45.6704046806436
778230,Originals,دمشق، حلب.. مجالس القرآن,105,1231,45.6655448531972
667195,Atheer,من التعذيب إلى التحرير.. قصص من الذاكرة الجزائرية,38,6745,45.6591627326285
843069,Other,جايك الدور يا نتنياهو؟,822,1166,45.6517384282155
776020,Atheer,أصول تسمية السور والآيات القرآنية,33,2171,45.6513546333906
819598,Originals,الفرار من تل أبيب: هو أنت منين؟,259,1621,45.6510710057903
630734,AJD,الحرب,17,1591,45.6501645284135
667811,AJA,ليلة الانقلاب,29,3017,45.6413655949619
823280,Other,مرض نادر يتفاقم بسبب النزوح,17,456,45.639834881321
702745,AJA,السوفييت في أفغانستان,9,1355,45.6334563345633
775384,LIVE,التعليم وسط الحرب,6,2192,45.6280413625304
640934,AJA,مسلسلات السيتكوم,13,1395,45.596912048525
752605,AJA,كلير دالي.. صوت أوروبي داعم لفلسطين,17,3237,45.5959584946119
637832,AJA,تمدد النشاط الدعوي والتدين,9,3021,45.5882893817353
640984,AJA,الانتفاضة ونشأة حماس,44,2778,45.5829897244584
668197,AJD,ليبيا.. نغمة مصالحة,2,3152,45.5742385786802
627599,AJD,فنون الشفاء,2,2697,45.5691509084168
819556,AJA,رعب حجارة داود يتواصل,65,1894,45.5673787669564
703575,AJA,عرب أوروبا واليمين المتطرف,2,3022,45.5658504301787
728592,AJA,جبهة النصرة ومستقبل سوريا,18,3098,45.5616526791478
795475,Other,قسمة ونصيب,20,877,45.5530216647662
668124,AJD,مصر.. زراعة القطن,1,843,45.5516014234875
683849,AJA,الأندلسيون.. حزن بالأبيض,7,1241,45.5508230689536
833451,Originals,المقبلون على الزواج,396,2915,45.5402221182667
805686,Other,التهجير أو الموت جوعا!,113,1171,45.5181638868526
841378,Originals,زمن التكبيس,10271,1092,45.5153347933992
683598,AJA,الأزمة السودانية ومصير المبادرة الأممية,3,3018,45.4826595979677
690223,Originals,سجى.. ضوء في العتمة,5,2000,45.48
830139,AJA,هل تمت السيطرة فعلا على حرائق اللاذقية؟,3,247,45.4790823211876
668146,AJD,حاضرة الزجل,2,3100,45.4677419354839
840987,AJA,أوكرانيا ونذر حرب باردة جديدة,296,2105,45.4594915580664
839064,Other,إصابات بالخرطوش في كوبري قصر النيل,1,110,45.4545454545455
689084,Originals,الحكم المسبق,60,2502,45.433653077538
759354,Originals,أراك توزع من أرضك,74,1925,45.4229554229554
669334,Other,السواحيلية.. عربية تأفرقت أم أفريقية تعربت؟,4,1050,45.3809523809524
630047,AJA,الطريق إلى الحرية,84,3081,45.3771966430194
814143,AJA,أول وزير عربي في حكومة إسرائيلية!,3,5274,45.3735305271141
683226,AJA,سلطنة عمان.. الغوص في مضيق هرمز,7,1530,45.3314659197012
628184,AJA,العبور إلى المجهول - الجزء 1,51,2894,45.3162052657967
694112,Other,الاختراق الكبير,1,2485,45.3118712273642
803423,AJD,موريتانيا,3,582,45.3035509736541
788889,AJA,اتهام وزيرة إسرائيلية باغتصاب ابنتها,10,1764,45.2947845804989
803418,AJD,السودان,10,613,45.2854812398042
766500,Other,باب المندب.. منصة تاريخية لأزمات دولية,3,452,45.2802359882006
686023,Other,استعمار الولايات المتحدة للفلبين,7,513,45.2798663324979
773025,LIVE,أهل القرآن,6,2305,45.2711496746204
628290,AJA,الولايات المتحدة والأزمات في أفريقيا,2,2952,45.2574525745257
765156,AJA,المدونون المصريون.. الطريق إلى 25 يناير,3,1443,45.2529452529452
688901,Originals,الحروب السيبرانية,158,1351,45.2402814605215
637812,AJA,اغتيال حسن البنا وحل جماعة الإخوان,9,2858,45.2336521265842
627904,AJA,ناغورنو كاراباخ.. الجزء 1,32,6077,45.1934548296857
701008,AJA,تغيّر النظام إلى الحزب الواحد,6,3042,45.1895682664913
671902,AJA,الصعود الثاني للإسلاميين,12,3120,45.1736111111111
629887,AJA,تأبط شرا.. عندما يكون الصعلوك شاعرا,2,1379,45.1414068165337
686346,AJA,تاريخ العرب,5,650,45.1384615384615
722556,Originals,القاتل المريح,285,1202,45.1335493475786
670125,Originals,أنواع الكوميديا: الكوميديا السوداء,116,2448,45.1304372323642
762429,Originals,الكوفية الفلسطينية في السفارة الأميركية,29,2044,45.12956339834
802121,AJA,جون بيركنز.. اعترافات قاتل اقتصادي,79,5469,45.087038335752
838060,AJA,وزير تراث إسرائيل: نسابق الزمن لمحو سكان غزة,916,1823,45.085719350272
628953,AJA,ليبيا.. من الثورة إلى الدولة,4,3097,45.0758798837585
630815,Other,مساحات العمل المشتركة.. مشاريع مربحة,5,696,45.0574712643678
776774,Other,البقاء,11,859,45.0418033654355
670086,Other,العلاقات الإسرائيلية الصينية,3,1045,45.0398724082935
657758,AJA,السودان .. جدلية الهوية والجغرافيا - الجزء 2,5,3147,45.039720368605
823281,Other,ناجية وحيدة من قصف استهدف عائلتها,15,594,45.0392817059484
637890,AJA,يرفضون طلب العفو,10,2921,45.0119821978774
637861,AJA,النشأة وبناء الشخصية,30,2608,44.993609406953
628643,AJA,الأحزاب الشيوعية العربية.. الدعم,2,2774,44.9891852919971
815736,AJA,الأنظمة العربية.. الشرعية والبديل,5,3852,44.9844236760125
677610,AJA,فتحية.. جوهرة تركيا الخفية,7,1416,44.9757869249395
775868,AJA,المسلمون في البوسنة بين الماضي والحاضر,25,3321,44.9744052996085
628435,AJA,بشير الجميل - الجزء 1,48,3057,44.9480700032712
692157,Other,أفلام المقاولين.. وسيلة الربح السريع,6,756,44.9294532627866
845087,Other,ضربة قوية جدًا لإسرائيل!,1159,1150,44.9277863225419
738213,Originals,فادومو.. طفولة الشارع,6,1439,44.9270326615705
801197,AJA,وفاة قاضي إعدام محمد مرسي,29,2253,44.9071735769931
814239,Originals,مقومات خلود الأمة,58,2674,44.9068939726098
777423,AJA,عبد الرحمن الداخل.. صقر قريش,13,1457,44.8973127078824
738964,Originals,أرض الأصالة والحضارة,30,2070,44.8727858293076
680981,AJA,إبداع في التعليم,1,1353,44.8632668144863
833151,AJA,سلمان العودة.. أهمية استقلال المؤسسات الدينية,4,4122,44.8447355652596
677879,AJA,فيتنام.. جولة بين حقول الشاي والقهوة,4,1416,44.8269774011299
846778,AJA,نتنياهو قادم.. فماذا نحن فاعلون؟,2037,1847,44.8231804736362
716487,AJD,البشير الإبراهيمي.. إمام العلم والثورة - الجزء 1,21,2918,44.817063220079
629241,AJA,مذبحة الألتراس,31,2881,44.8074705243475
830532,AJA,مقتطفات من أبرز حلقات 2012- الجزء 1,1,2712,44.8008849557522
706276,AJA,تماثيل الأسد في ساحات سوريا,6,2683,44.7943843955771
767214,Originals,حمص.. مدينة ابن الوليد,39,1390,44.781405644715
628520,AJA,حسن البنا- الجزء 1,164,2996,44.7739262105572
732646,AJA,موقف ناطوري كارتا اليهودية من إسرائيل,4,2929,44.7678388528508
833006,AJA,استعدادات جنوب أفريقيا لمونديال 2010,2,1290,44.7674418604651
627911,AJA,البوسنة والهرسك بعد التدخل الأممي,4,2932,44.756139154161
629804,AJA,الحوض الجاف,8,2762,44.7547067342505
629977,AJA,ياسين نعمان.. قراءة لمستقبل اليمن,3,2944,44.7463768115942
831819,AJA,عبد الله النفيسي.. أبعاد تدويل القضايا العربية,12,2773,44.7349441038586
628893,AJA,الحركة الإسلامية الجزائرية.. إلى أين؟,6,2954,44.7303091852855
630091,AJA,بن علي يلدرم .. تركيا إلى أين؟,7,2887,44.7127517442724
665310,AJA,حزيران 67: الجرح المفتوح الجزء - 1,10,3251,44.712396185789
776021,Atheer,الفاتحة خريطة القرآن الكريم,35,2097,44.7087676272226
637981,AJA,أخطاء حركة النهضة,7,2786,44.6979796943903
758907,AJD,الشيخ حسن أكوش - تركيا,3,792,44.6969696969697
814482,AJA,هل ندم نصر الله على أسر جنديين إسرائيليين؟,32,3148,44.6900810038119
708011,AJA,قصة أحد الناجين من القذافي,3,2726,44.6808510638298
680982,AJA,الاستثمار في المستقبل,3,1506,44.6657813191678
799569,AJA,إسرائيل تهاجم أسطول الحرية من جديد!,8,1828,44.6594638949672
667830,AJA,حرب الأبراج,40,2852,44.6528751753156
629444,AJA,الحريات العامة في الدولة الإسلامية,2,1501,44.636908727515
726934,AJA,القضية الشيشانية.. أين العرب والمسلمون؟,4,5228,44.6298775822494
703323,AJA,عودة العسكر إلى السلطة,3,2880,44.6296296296296
670129,Other,فلسطين في قلب برلمانية إسبانية,10,615,44.6178861788618
747977,Originals,غزة تعلم نتنياهو.. وتعلم عليه!,31,1800,44.6075268817204
833884,Originals,الأسبوع الرابع من يوليو.. تأميم قناة السويس,618,1051,44.5812125299068
696376,AJD,أحمد ديدات الرجل ذو المهمّة,2,2708,44.5716395864106
629534,AJA,أين الجثة؟,109,3192,44.5678416224046
802897,AJA,العراقيون بين المعارضة والدول العربية,10,4266,44.563994374121
830935,AJA,أبعاد زيارة المسلمين للأقصى,1,2772,44.5526695526696
637860,AJA,العلاقة السرية مع الولايات المتحدة,22,2518,44.551953209618
627832,AJD,أحلام القاصرين,16,2826,44.546178343949
684288,Originals,السوشيال ميديا,50,2672,44.5284431137725
683311,AJA,نهاية حرب البوسنة,6,2944,44.5029438405797
667284,AJD,موريتانيا - الجزء 1,38,1653,44.464609800363
628069,AJA,كمال عدوان,77,2822,44.4393310445756
629365,AJA,شعراء الجزائر - جيل التابوت,6,1483,44.4369521240728
728436,AJA,"مسيرة ""كتائب الفاروق"" السورية",1,2186,44.4190301921317
766613,AJD,عبد الباسط عبد الصمد.. شيخ القراء,5,1654,44.3893591293833
703347,AJA,المقاومة المغربية ضد الاحتلال الفرنسي,5,3058,44.3884892086331
705968,AJA,معركة الغوطة.. نفوذ طائفي أم استقرار أمني؟,12,2902,44.3831840110269
629045,AJA,آفاق مشروع الإصلاح السياسي في البحرين,3,2918,44.379712131597
629046,AJA,موريتانيا والاستقرار السياسي,3,3042,44.3786982248521
790451,Originals,صديق البطل,240,2307,44.3501661609594
658455,AJA,مسجونة أميركية من أجل فلسطين,40,1506,44.3376494023904
840095,AJA,شاهد على أسرار عهد بورقيبة,5,2848,44.3328651685393
631517,AJA,في قبضة المقاومة,281,3166,44.3323524188273
630496,AJD,مارسيليا,3,1407,44.3259891021085
658377,AJA,الموحدون الدروز,198,2846,44.3184480078366
687070,Originals,عزام.. هوية الحياة,6,1513,44.3159286186385
668214,AJD,بعد الخامسة والنصف,18,2892,44.2907637928385
657920,AJA,الشعر مرآة الصحة,4,887,44.250281848929
845093,AJA,"ما قصة المثل ""كركبتي البعير""؟",643,1354,44.2420476395037
710680,Other,عصا السنوار,8,890,44.2415730337079
744839,Atheer,من داخل غرفة العمليات العسكرية.. كيف تحررت دمشق؟,56,5390,44.2330373707925
800137,Originals,العدالة؟,140,3297,44.2274361974089
667238,AJA,البوسنة بعد اتفاق دايتون,2,2724,44.1997063142438
735523,AJA,الزركلي.. شاعر سوريا الأكبر,3,1234,44.1923284710967
732730,AJA,المرتفعات الأبية - الجزء 3,8,1724,44.1777842227378
630051,AJA,باريل.. كشف القناع,35,3117,44.177093358999
637727,AJA,نتائج عملية ميونخ,7,2714,44.1678071375934
792386,AJA,طالبان.. ما لها وما عليها,3,3946,44.1459706031424
631916,AJA,بالكتابة يقاوم السجن وينتصر للحياة,1,2839,44.1352588939768
696370,AJA,حفّار القبور,3,3037,44.1334650422566
630976,AJA,الحصاد الطائفي في المنطقة,16,2862,44.1299790356394
707040,Other,لازم نسيب بعض,15,1069,44.0848144683505
842165,AJA,معين بسيسو.. شاعر الثورة الفلسطينية,713,1385,44.0809919949772
752606,Other,ريمونتادا غزة,13,1266,44.0758293838863
688771,AJD,سالوت يالبنوت - السودان,1,1477,44.0758293838863
640996,AJA,السينما الكورية,27,1355,44.0672406724067
685833,Other,حقيقة انقلاب بن غفير على نتنياهو,9,444,44.019019019019
629385,AJA,"تنظيم الدولة والمعركة الحاسمة في ""سرت""",6,2781,44.018938031883
761435,AJA,"تفاصيل فض ""رابعة"" ومجزرة سجن ""أبو زعبل""",2,1441,43.9972241498959
771058,Other,حلقة مش وحشة,13,879,43.9922989411044
722041,Other,نتنياهو وفضيحة الـ11 دقيقة,3,466,43.9914163090129
630144,AJA,مايكل هيغينز.. الرئيس المثقف,1,2924,43.9808481532148
696360,AJA,مخبر القاعدة,4,2883,43.9732917100243
802742,AJA,تونس تودع حرية الصحافة,6,1263,43.9693850620216
849759,Originals,إمام برتبة أفيخاي,6,2090,43.9553429027113
628517,AJA,ناجي العلي - الجزء 2,94,2738,43.9352377103959
736756,AJD,السيجار الكوبي,9,3153,43.9299432639109
640936,AJA,التجربة مع المعارضة والسجن والحرب,72,2885,43.9110340843443
686338,AJA,اللاهوت العربي وأصول العنف الديني,1,681,43.9060205580029
683283,AJA,الوضع السياسي عقب انقلاب 1989,10,3061,43.890885331591
793693,AJD,الوحدة 1968 - حتى اليوم,3,3185,43.8827838827839
631324,AJA,عبد المجيد تبون.. علاقات الجزائر الخارجية,6,1619,43.8748198476426
692153,Other,حقائق أخفاها فيلم أوبنهايمر,84,759,43.8719493067319
683757,AJA,جنوب أفريقيا.. أمة قوس قزح,20,1397,43.8582677165354
683751,AJA,العرب,44,2881,43.8570887633713
637807,AJA,الصراع بين الشيوعيين والقوميين,3,2946,43.8560760353021
683230,AJA,العدوان الثلاثي ونتائجه,5,3045,43.8555008210181
640943,AJA,الأنمي الياباني.. من البداية وحتى هجوم العمالقة,13,1489,43.8342718396446
702000,AJD,طالبان,22,3174,43.8062095434496
765087,AJD,الإدريسي.. أطلس العرب,11,1602,43.7975258199977
685845,AJA,حرب المستشفيات.. عقيدة تهجير,87,2777,43.796124983961
726938,AJA,النظرة الأميركية للعرب والمسلمين,5,5325,43.793427230047
809104,Other,أبطال كسر الحصار,9,682,43.7927663734115
628525,AJA,اغتيال خليل الوزير,24,2682,43.7857320407656
632169,AJA,عبد الحليم خدام.. بناء سوريا الأسد,2,2999,43.78126042014
817966,AJA,أجندة كلينتون في إفريقيا,3,1388,43.7560038424592
789834,AJA,أطفال غزة.. الموت بالقصف أو بالحصار والجوع,161,296,43.755245929159
670093,Originals,"فأر يُخيف ""أقوى جيش في العالم""",13,2137,43.742125913394
817947,AJA,الكونغو وإرث الحرب,5,722,43.7396121883657
677628,AJA,إثيوبيا.. جنة الأرض المنسية,22,1417,43.7319561172772
640962,AJA,غير مناسب للأطفال,17,1341,43.7250515418695
770002,Originals,المغفرة,50,1067,43.7225866916589
625936,AJD,سيمفونية الشتات,2,2930,43.7201365187713
851642,AJA,ذكرى الثورة السورية الثانية,1,2883,43.7044745057232
685738,AJA,انفصال السودان عن مصر,7,2787,43.702906350915
630228,AJA,الطفل الذي أشعل ثورة,22,2812,43.6877667140825
684180,AJA,ليلة انقلاب 23 يوليو,13,3104,43.6855670103093
629871,AJA,السياسة والحكم وجدليات الشريعة والسلطة,3,1459,43.6828878227096
667167,AJA,تناقضات بنية الدولة الإسرائيلية,2,1543,43.6811406351264
683868,Originals,لص في الأستوديو,8,2298,43.6792863359443
668119,AJD,الرحالة ابن جبير الأندلسي,7,1588,43.6757826556315
729676,AJA,أعراس سوريا بعد فرار الأسد,3,329,43.6676798378926
825925,Other,"ملخص تحقيق ""أوراق قبرص.. المهمة السرية""",1,758,43.6675461741425
683242,AJA,كيف تعامل بورقيبة مع رجال الدولة؟,13,2922,43.6660875059232
629558,AJA,داخل الخط الأحمر,137,3062,43.6483000948762
686094,AJA,تدخل دمشق,40,2979,43.6471970459886
678377,AJA,صور صامتة لمحاكمة صدام حسين,7,2899,43.640664268467
677593,Originals,بر الآباء والأبناء,31,3202,43.6380488001451
685832,Other,السفينة تغرق,81,388,43.6235204276441
692150,Originals,العلاقات خارج إطار الزواج,10,2927,43.6214554151008
627981,AJA,الجمرة الخبيثة,22,2238,43.6184905353806
667372,AJA,محاربة الاحتلال,51,1430,43.6116824352118
816103,AJA,مؤشر البيتزا يُنذر بحرب,51,1740,43.6004056795132
628037,AJA,التطرف الهندوسي في الهند,14,4402,43.5986889076394
629957,AJA,الجزيرة.. الأسئلة الصعبة,134,3083,43.5939020434642
629863,AJA,تونس والبحث عن حل,4,2996,43.5831108144192
671892,AJA,وجها لوجه مع القوى العظمى,156,3133,43.5748074672428
731353,AJA,سقط الأسد إلى الأبد,8,3594,43.5726210350584
807538,Other,قصة نجاح إسرائيلية لتوزيع المساعدات في غزة,66,607,43.552493634866
630421,AJA,الدراما التاريخية.. جدل الحقيقة وتأثير السياسة,1,3036,43.5441370223979
678224,AJA,أسباب تقرب العرب من نظام الأسد,10,2878,43.5302293259208
629093,AJA,حرب أكتوبر.. الأمطار,16,2856,43.515843837535
667402,AJA,أحمد فؤاد نجم,4,1448,43.5082872928177
719709,AJA,القضية الفلسطينية إلى أين بعد طوفان الأقصى؟,225,2870,43.507239643825
688765,Other,الساعة البيولوجية,6,664,43.4989959839357
680997,AJA,بؤس القرى الفلسطينية في إسرائيل,9,2885,43.4931638744464
631073,AJA,أملاك خاصة,14,2939,43.4817479220337
628249,AJA,التبت.. الإقليم المحتل والشعب المهجر,4,2681,43.4725848563969
834226,AJA,استفتاء تيمور الشرقية وأزمة الزواج في الصين,2,1523,43.4668417596848
668210,AJD,الهروب,25,3171,43.4664143803217
640965,AJA,كيف يتحايل صناع الأفلام على الرقابة؟,8,1409,43.4528034066714
722233,AJA,انتخابات فلسطين.. إشكاليات داخلية وعقبات خارجية,1,2974,43.4431741761937
686978,AJA,سلطنة عمان.. جزء 1,5,1448,43.4254143646409
810359,AJA,عبد الله النفيسي.. مركزية القضية الفلسطينية,752,5864,43.4210001161069
678118,AJA,الحركات الإسلامية.. الأزمات والحلول,3,3003,43.4010434010434
631193,AJA,رشدي راشد.. من أين تبدأ الفلسفة؟,3,1524,43.3945756780402
798071,AJA,القدس عاصمة فلسطين,3,560,43.3928571428571
723213,AJA,جدل الهوية في المغرب العربي,3,5780,43.3852364475202
826671,AJA,ماهية الإرهاب,4,2890,43.3823529411765
641001,AJA,صراع العروش.. أعظم مسلسل في التاريخ,46,1567,43.3658888488111
630271,AJA,منصور الكيخيا.. اختُطف من قلب القاهرة ليُقتل,24,2907,43.3321866758399
628097,AJA,الحديث مع العدو,29,2981,43.3226526622633
630802,AJD,قبائل الماتسيس.. آكلو لحوم البشر- الجزء 2,17,1587,43.3114644723674
773365,Originals,بصرى الشام.. مسرح التاريخ,27,1224,43.3067053982087
711857,Other,نهاية الحكم الملكي في العراق,1,737,43.2835820895522
637862,AJA,من الملكية إلى الجمهورية,18,2618,43.2688226805874
714741,Originals,من الأفضل للعرب: ترامب أم هاريس؟,24,2221,43.2669218069938
803217,AJA,مشروعات التنمية العربية بين الفشل والإفشال,5,3863,43.266891017344
764719,AJA,أبو ظبي.. التدين الجديد,2,3021,43.2638199271764
630379,AJA,علم وتعلم بذكاء,2,1498,43.2576769025367
792720,AJA,جورج قرم.. أسس نهضة الفكر العربي,5,1480,43.2567567567568
668275,AJD,خير الدين التونسي,17,3075,43.2290769966523
691694,AJA,برج يتهددنا.. الطريق إلى 11 سبتمبر,8,668,43.2260479041916
723143,Originals,سنة مليون,78,1348,43.2216769382941
628341,AJA,أرفع جوائز أوروبا لأديب جزائري,1,1470,43.1972789115646
720204,AJA,أسلحة الليزر تخرج من مختبرات الخيال العلمي,1,1403,43.1931575196009
638148,AJA,المرأة في أعمال ديزني,36,1511,43.1925141554526
696339,AJA,وعد بلفور,12,2986,43.1736994864925
628263,AJA,بريشتينا.. غزة.. لماذا هنا وليس هناك؟,3,2794,43.1639226914818
836539,Other,زياد الرحباني,357,228,43.1605975723623
711875,AJA,انقلاب عبد الكريم النحلاوي,9,2973,43.1587995664686
705526,AJA,سكان أصليون وليسوا هنودا حمرا,22,993,43.1566419481827
698602,Other,منقذة مكتبة البصرة,80,519,43.155105973025
637964,AJA,سقوط بن علي واستمرار نظامه,3,2893,43.1270883742367
629485,AJA,الجزائر.. ذاكرة عصية على النسيان,6,1470,43.1179138321995
765134,AJA,بائع القطائف - سوريا,7,131,43.0752453653217
630484,AJD,السيرة الهلالية - الجزء 2,5,798,43.0576441102757
823644,AJA,إسماعيل هنية.. حكومة فلسطينية بقيادة حماس,5,1584,43.0429292929293
688476,Atheer,أحمد ياسين في شاهد على العصر,71,3281,43.0322256611906
701580,Other,جندي سعودي في فلسطين,3,354,43.0320150659134
814164,AJA,المثقف العربي.. جدل الحضور والغياب,5,4020,43.0099502487562
657840,AJA,عالِم القرآن وعلوم الأرض,5,2774,42.9992790194665
753530,AJA,ما قبل انقلاب أوفقير 1972,19,3012,42.9981827077654
830523,AJA,ديمقراطية إسرائيل قيد المساءلة,3,2854,42.9806120065405
777450,AJA,بناء الإنسان المسلم.. التكوين والثمرات,17,3296,42.9754426042262
812338,Other,من تونس إلى غزة: قافلة الصمود,12,752,42.9742907801418
787021,AJA,الصراع بين السلطة الفلسطينية والمقاومة,7,5503,42.9687702811453
683624,AJA,مخيم رفح,4,1627,42.9625076828519
628680,AJA,الإخوان المسلمون.. نغمة محظورة في لحن مستمر ج1,7,2909,42.9602710798998
684296,AJA,المهمشون في مصر,2,2996,42.9572763684913
628840,AJA,الطريق إلى بغداد.. قرار الحرب,8,2949,42.9255679891489
691720,AJA,كتاب الأمير,4,617,42.9092382495948
781789,AJD,صدام حسين.. بين الأسطورة والواقع - الجزء 2,4574,3099,42.9047383015495
657904,AJA,"""ويكيليكس"" وتطورات المشهد العربي",7,2937,42.9009193054137
760414,AJD,رحلة الفكر والكتابة,5,2689,42.9007065823726
741740,AJA,العدل.. ومجالاته,8,2866,42.8864270760642
749387,Other,الحبة الزرقاء,26,1091,42.8858492561517
769670,Other,ماذا قالت سلاف فواخرجي؟ وما قصة مسلسل معاوية؟,13,727,42.8737699714316
765077,AJD,الكندي.. فيلسوف العرب,11,1461,42.85358720677
742260,Other,صراع العروش داخل عائلة الأسد,5,750,42.8533333333333
837581,AJA,توتر العلاقات الليبية المصرية,3,2833,42.8521002470879
760416,AJD,الجزء 1 - ابن القرية والكتّاب,13,2914,42.8462066416768
721889,Originals,كابادوكيا: مداخن الجنيات,5,1493,42.8399196249163
775246,Other,مسجد خالد بن الوليد في حمص,3,263,42.8390367553866
678255,AJA,الفرق بين سياسة بايدن وترامب,3,2896,42.8291896869245
640941,AJA,تقنيات سينمائية مذهلة,22,1451,42.8231313827454
800896,Atheer,شهادة ناجٍ من سجون الدعم السريع,80,6539,42.7943875210277
758871,Atheer,"أصول كلمة ""قرآن""",81,2114,42.7934872747235
629431,AJA,فنان الشعب.. شعلة للثورة,4,1460,42.7739726027397
805121,Originals,التعريب.. حماية للهوية أم عزلة ثقافية؟,628,2869,42.7725100070377
738710,Originals,المظهر العام,49,2144,42.7533886689004
688145,AJA,ثمن أوسلو - الجزء 2,10,3005,42.7121464226289
630483,AJD,حليمو,6,951,42.7094286715738
637782,AJA,السيدة الأولى,12,2664,42.7083333333333
767738,AJA,نظرات في تفسير سورة البقرة,22,3240,42.706228956229
812601,AJA,فيكتور غاو.. النموذج الاقتصادي الصيني,60,5793,42.7015363369584
641029,AJA,الاعتراض على خطط السادات,20,2744,42.7004373177843
716015,AJA,تأسيس منظمة الشباب الاشتراكي في مصر,5,2889,42.6998961578401
693178,Other,"حلم ""إسرائيل الكبرى"" يغذي الحرب في لبنان",3,442,42.684766214178
683623,AJA,محمد الشنقيطي.. من الصحراء إلى ستوكهولم,8,1487,42.6613987895091
631014,AJA,حروب الدعاية الأمريكية.. إسرائيل تفتيت الجبهة,2,3037,42.640763911755
739465,Other,خسائر روسيا بعد سقوط الأسد,5,1026,42.6315789473684
683255,AJA,أطباق حول العالم,4,1340,42.6305970149254
628400,AJA,الزبير محمد صالح,18,2891,42.6169337791614
629889,AJA,سيرة الإمام مالك بن أنس,7,1390,42.589928057554
789758,Atheer,أبو الجود.. رائد النشيد الإسلامي,34,6782,42.5872118236855
672563,AJA,كانوا جرحى,18,2880,42.5868055555556
724689,Other,حرب السودان.. الخلاف بين حميدتي والبرهان,44,1074,42.5808362959201
637742,AJA,ذكريات الدراسة والعمل العسكري,39,2816,42.5753933566434
667374,AJD,فلسطين - الجزء 1,29,1627,42.5746561261471
710636,Originals,سلام.. دوامة الخيمة,2,1602,42.5717852684145
629141,AJA,ساعة الصفر,3,3179,42.560553633218
826684,AJA,عندما توقف الزمن في البحر,2,1550,42.5483870967742
740829,Atheer,8 أيام في مستشفى الشفاء,81,14958,42.5405126122691
630199,AJA,الزواج متعدد الجنسيات.. تحديات وتجارب,2,1305,42.5287356321839
683086,AJA,من الرباط إلى القدس,1,2910,42.5085910652921
665868,Atheer,حقائق صادمة كشفها الحراك الطلابي بالغرب,3,3675,42.5034013605442
696433,AJA,نورمان فنكلشتاين الجزء 1 .. يهودي يتصدى للصهيونية,20,2938,42.4914908100749
688683,AJA,غزة.. مختبر لتقنيات الذكاء الاصطناعي,7,1276,42.487684729064
637814,AJA,خلافات الإخوان الداخلية,13,2958,42.4793259478858
737290,Originals,العلاقات في زمن السوشيال ميديا,64,2281,42.4765727750986
637917,AJA,ما قبل انقلاب الصخيرات,27,3027,42.4659545571339
818670,AJA,شهادة جنرال فرنسي بشأن تعذيب الجزائريين,1,2975,42.453781512605
667769,Other,عليّ الطلاق,3,363,42.4242424242424
628528,AJA,وسام الحسن.. رجل الظل,8,2983,42.4237344954744
740885,Originals,رحلة الشك واليقين,54,3242,42.4086640619645
693628,Originals,يوميات مقاتل من الفلبين,37,2056,42.4019350089389
628518,AJA,اغتيال المفتي حسن خالد,12,2893,42.4011982947344
688909,AJA,كيف انفجرت أجهزة البيجر في لبنان؟,842,290,42.401097550987
845860,Other,لماذا أنت طائفي؟,322,1630,42.3926380368098
668604,AJA,محكمة الجنايات الدولية.. أزمة عدالة أم سياسة؟,1,2933,42.3798158881691
758868,Atheer,حرب غزة الكاشفة,27,2090,42.3781676413255
684312,AJD,البدايات,103,3169,42.3725594120224
728802,Originals,الأسد يلجأ إلى حلفائه لردع المعارضة,35,2175,42.3711001642036
630208,AJA,محسن كاديفار.. ضريبة الحرية الفكرية,3,2936,42.3705722070845
701016,AJA,الأوضاع السياسية بعد انقلاب 1987,4,2853,42.3676831405538
736464,AJD,قصور وادي مزاب,1,3161,42.3600126542233
630998,AJA,الكازينو,52,3093,42.3344276157079
629624,AJA,السجن السري 1391,23,2868,42.3079255351404
630263,AJA,ماكي سال .. السنغال أنموذج مختلف,1,2951,42.2907488986784
768740,LIVE,مساكن الموت,6,2139,42.2861150070126
640926,AJA,حرب النجوم,53,1537,42.2263414394618
683136,AJA,سنان أبو لحوم.. ذاكرة اليمن السياسية والقبلية,2,2803,42.222618622904
724713,Originals,تادج هيكي.. كوميديا أيرلندية في مواجهة الاحتلال,12,1154,42.2154823801271
815054,AJA,أحداث 11 سبتمبر.. بين مؤيد ومعارض,8,5208,42.2139016897081
665884,AJA,كواليس تغطية حرب 2014,14,3059,42.2033344230141
628190,AJA,مستشار عربي لرئيس فنزويلا,1,1560,42.1794871794872
716463,AJA,المخطّط الإسرائيلي لهدم الأقصى وتهويد القدس,13,4583,42.1759344735561
683301,AJA,مجزرة سربرنيتسا,6,2984,42.1749329758713
765987,LIVE,الحلقة الثانية- نعي أهل القرية شهيدهم جابرا,53,2755,42.1696401054686
629304,AJA,أكبر من محاولة وأصغر من انقلاب,2,1526,42.1690694626474
765088,AJD,زرياب.. قيثارة الحضارة,7,1612,42.1481744062389
683664,AJA,وراء الشمس - الجزء 1,9,2654,42.1209076446454
840953,AJA,فلسطينيو الداخل وثمن التمسك بالهوية,3,5322,42.1207566077916
843387,AJA,حرب أنغولا.. صراع على الموارد,4,1573,42.1169739351558
751142,AJD,أحمد الطيب العلج.. موليير المغرب,3,1560,42.1153846153846
724234,AJA,عبد الإله بنكيران.. من اليسار إلى الحركة الإسلامية,17,5243,42.1009525305449
693201,AJA,بزشكيان: اغتيال هنية وأسباب تأخر الرد,2,1981,42.0999495204442
678171,AJA,تحديات الثورة السورية ومستقبل ائتلافها,1,2924,42.0998632010944
627933,AJA,الثورة اليمنية.. صرخة لاستعادة وجه الوطن,5,3085,42.0940032414911
631934,AJA,الأرض كيف ضاعت.. فلسطين ج1,24,2734,42.0751036332602
851637,AJA,الاحتجاجات العراقية ضد سياسة المالكي,1,2843,42.0682377769961
768101,LIVE,الحلقة الأولى- وصية الأمير,382,2968,42.0502815370937
834573,AJA,ألم الشيشان: صرخة تحت القصف,3,2748,42.0305676855895
630715,AJD,أمهات بلا رحم,6,1572,42.0271416454623
749518,Atheer,رحلة صوفان.. من تمرد صيدنايا إلى تحرير دمشق,60,14854,42.0253803689242
806307,AJA,تداعيات فوز بوش بولاية ثانية,5,4196,42.0114394661583
806480,AJA,طائرة صينية جديدة ترعب السماء الأميركية,13,1317,42.0068921207873
777279,LIVE,أهلنا الرشايدة,5,1864,42.0064377682403
846313,Other,متلازمة ما بعد الإجازة من منظور الذكاء الاصطناعي,169,1827,42.0034136214508
668148,AJD,فلسطين.. برتقال يافا,4,800,42.0
630506,Other,استعد لدخول عالم العملات الرقمية,4,568,41.9894366197183
684336,Atheer,كيف جند الاحتلال الدروز؟,123,5217,41.966460492667
629915,AJA,سيكولوجية الجماهير.. توق التحركات الشعبية,22,1436,41.9663205874905
805995,Originals,أيام الله,31,3909,41.9643667632181
641035,AJA,إمبراطورية هاري بوتر,13,1491,41.9542898416138
708016,AJA,الإخوان المسلمون والعلاقة مع الجيش,6,2577,41.9415340835597
830102,Other,الطبيب الأخير.. قريبا على الجزيرة 360,13,73,41.9388830347734
688092,Originals,هل يدير النظام السوري تجارة الكبتاغون؟,610,3332,41.9309035089446
686078,AJA,الامتحان الأول,106,2537,41.9199619220443
632086,AJA,رشيدة طليب.. الطريق إلى الكونغرس,15,3101,41.919810813716
628182,AJA,الماسونية- الجزء 2,25,2700,41.9051851851852
629793,AJA,تنظيم الدولة في بروكسل,334,2947,41.8959502102006
849011,AJA,الإعلام الغربي والكيل بمكيالين,3,2652,41.8929110105581
625953,AJD,الأمل الأخير,22,2874,41.880179667236
631035,AJA,رفح.. الاتصال مفقود,85,2822,41.8701796806604
848702,AJA,حنظلة.. شاهد لا يموت,825,1228,41.8533214885006
667752,AJA,مسؤولية رئيس الدولة في مصر,11,3127,41.8495799052243
629733,AJA,من هنا نبدأ.. الدين والدولة,2,1465,41.8430034129693
802900,AJA,دور الأكراد في العراق الجديد,9,4083,41.8428715269274
665301,AJA,حصار بيروت - الجزء الأول,20,3019,41.8317323617092
731410,Originals,هروب الأسد إلى روسيا,47,2099,41.8132241290179
732679,AJA,المغامرة الكبرى,7,2858,41.8074577626712
631558,AJA,التوسع الإسرائيلي بغطاء أميركي,2,2952,41.8021680216802
764709,AJA,كيف صنع المصريون التاريخ في ثورة يناير؟,9,2530,41.7962231005709
833023,AJA,نظام الأسد والاغتيالات في لبنان,2,2827,41.7934205871949
849402,AJA,آيفون 17 برو.. الحقيقة الصادمة,1018,1265,41.7870427172554
684186,AJA,الحكم الناصري وتُهم الفساد,14,2922,41.7668915615528
838247,Originals,السينما الإسبانية,2401,2004,41.7571354583627
706374,AJA,استقالة سياسية أميركية دفاعا عن آلام غزة,3,1251,41.7532640554223
750517,AJA,المخطط الأميركي للهيمنة على دول العالم,11,4171,41.7449488895185
738985,AJA,انفصال سوريا عن الجمهورية العربية المتحدة,5,3041,41.7428477474515
792760,AJA,طه عبد الرحمن.. الفلسفة والأخلاق,2,1573,41.7355371900826
823641,AJA,طالبان وقتال الأميركيين في أفغانستان,4,1487,41.7114996637525
827339,AJA,باريس سان جيرمان يهين الريال برباعية نظيفة,4,253,41.699604743083
657887,AJA,ثورة ميدان التحرير,4,2993,41.6889408620114
628202,AJA,عاصفة اليورانيوم- الجزء 1,11,2578,41.6707807320686
671890,AJA,أزمة التيار الإصلاحي,10,2919,41.6683795820486
806906,Originals,الوطن الأخير,146,2225,41.6681545328613
792727,AJA,عزمي بشارة.. أزمة المثقف العربي,4,1544,41.6612694300518
627594,AJD,علي إسماعيل.. بيتهوفن مصر,5,3131,41.6352603002236
631510,AJA,عبرا.. من أطلق الرصاصة الأولى؟,2460,2841,41.6155281404979
684283,Other,أقاوم بفني,25,365,41.6
849008,AJA,قانون النفط العراقي وجدل النفوذ الأجنبي,1,2688,41.5922619047619
628527,AJA,بشير الجميل - الجزء 2,41,2920,41.5920481122619
716132,Other,تصريحات مستفزة.. وتهديدات بالقتل!,7,1032,41.5836101882613
837724,AJA,فلسطين بين ترامب وماكرون,128,3652,41.5701156900329
628050,AJA,إسرائيل والسيطرة على منابع النيل,11,1625,41.5608391608392
839696,AJA,مجلس العائلة الحاكمة,5,5092,41.5514532600157
851559,AJA,المتظاهرون العراقيون والمواجهة مع المالكي,1,2987,41.5467023769669
771063,Originals,رفقا بالذات,143,1736,41.5423286391028
819117,AJA,السودان ما بعد الانفصال,4,1466,41.5416098226467
817929,AJA,القاعدة بعد 11 سبتمبر,14,1541,41.5407434875313
749453,Other,تحرير التنين,3,573,41.5357766143106
632032,AJA,قصة وصول القهوة إلى الدومينيكان,2,1376,41.5334302325581
629543,AJA,السودان.. من ينقذ الدولة؟,2,2968,41.5262803234501
665689,AJA,الرجولة المتخيلة,6,1650,41.5252525252525
665843,AJA,العقوبات الأميركية على روسيا وإيران,1,1522,41.5243101182654
684174,AJA,الملك حسين يتولى الحكم,12,2963,41.4894813814827
670739,AJA,عالم الرئيس الأميركي الجديد - الجزء 2,1,2881,41.4786532454009
851090,Other,السعار الإسرائيلي,907,573,41.478052225179
734402,Originals,"صور بشار الأسد ""الخاصة"" تظهر للعلن!",52,1625,41.4710059171598
757114,AJD,خالد,4,3291,41.4691583105439
667873,Originals,وقف بث الجزيرة في إسرائيل,68,1464,41.4597396335583
628399,AJA,الملك عبد الله - الجزء 1,43,3019,41.4213854888035
842801,Originals,أفلام صعبة الفهم,2267,1921,41.4195986274793
831891,Other,بين فقد المعيل وأزمة النزوح,59,860,41.4130863224281
728367,Originals,خليك إيجابي,85,2642,41.412477178608
668122,AJD,الجزائر بألوان أفريقيا,5,766,41.4099216710183
833139,AJA,أثر الطائفية والقبائلية في الانتخابات العراقية,4,2375,41.3894736842105
711019,AJA,إيلان بابيه.. مؤرخ إسرائيلي مناهض للصهيونية,14,5600,41.3864795918367
630505,Other,المشاريع الناشئة.. مصدر دخل,1,592,41.3851351351351
826813,Originals,مكانة المرأة في الإسلام,159,2423,41.363297746699
667105,AJA,هل الرأسمالية أخلاقية؟,1,1601,41.3491567770144
652636,Originals,العبودية لله,29,3140,41.3364814408083
725500,Other,من هم أكراد سوريا؟,7,1142,41.3309982486865
701997,AJD,المملكة,16,3147,41.3230854782332
630940,AJA,فواز طرابلسي.. النشاط الحزبي,4,3068,41.3135593220339
728408,AJA,الشعر العربي في عصر الحداثة,3,5415,41.3050169282856
826674,AJA,الإخوان المسلمون والنشاط المتجدد,5,4093,41.2900073295871
821446,Originals,المقاطعة,4916,3809,41.2892220707198
831047,AJD,الشارخ.. صخر الضاد,103,3316,41.2630142761779
683742,AJA,السياحة مصدر رزق الفلبينيين,3,1525,41.2459016393443
815158,AJA,غامبيا بين الأزمات السياسية وخطط التنمية,5,974,41.2320328542094
701013,AJA,"قضية سجن ""تازمامارت""",4,3042,41.2228796844181
799756,AJA,النكبة المستمرة,19,3093,41.2153079109024
670748,Atheer,زوجتك ليست شريكتك!,23,3505,41.2044904794393
760427,LIVE,سلطة الدجاج والمرقوق,1,2017,41.1998016856718
779373,Originals,عودة الإبليس النتن,46,1362,41.199004022218
765084,AJD,ابن البيطار.. شيخ العشابين,7,1455,41.1880216003927
837269,Originals,الشيخ فيصل بن قاسم آل ثاني.. قناص الفرص,6557,2365,41.1744464947326
828938,Originals,"مؤثرو ""السوشيال ميديا""",6564,2868,41.1731671931851
628091,AJA,الأخ الكبير - الجزء 2,8,2531,41.1694982220466
737344,Atheer,تهريب أرشيف التعذيب السوري,24,6453,41.1675448111989
629820,AJA,الدول العربية في مواجهة كورونا,1,1468,41.1444141689373
627946,AJA,كوسوفو وصراع التقسيم,4,4172,41.1433365292426
752607,AJD,زوجي مقاوما,3,3161,41.1367710640093
657805,AJA,المشهد العربي الراهن وواقع الأمة,3,3196,41.1347517730496
683653,AJA,فلسطين,37,2599,41.1332841113526
730181,AJA,إعلان إخوان سوريا العمل المسلح,3,2728,41.1168132942326
683580,AJA,"قصة مثل ""بلغ السيل الزبى""",24,1481,41.115237452172
773766,AJA,المسلمون في زمن الحرب والفتنة.. كيف تصنع الفتوى؟,7,3170,41.1131140153222
629798,AJA,خلف الستار,65,3180,41.0914368650218
665942,AJA,نصف مليون نازح في غزة.. القبر أو الشارع,1,2743,41.0864017499089
797248,AJD,سنغافورة وماليزيا,4,3112,41.0829048843188
751778,Originals,البريميرليغ للمقاومة.. هانقطع على بعض؟!,28,1716,41.0755910755911
629147,AJA,"سقوط الأندلس.. ""الموريسكيون"" ما بعد السقوط",5,2697,41.0752688172043
736747,Originals,الإلحاد,33,3278,41.0708673063768
772752,Originals,رفقا بالأسرة,83,2250,41.0597054886211
735579,AJA,"هاتف ""تسلا"" الذكي بين الشائعات والواقع",1,1162,41.0499139414802
776770,AJA,الفساد في عهد بن علي,4,2794,41.0433070866142
815755,AJA,تهديدات أميركية للعراق وسط صمت عربي,7,4187,41.035176908117
665272,AJA,رحلة عالمة عربية للقطب الجنوبي,2,2704,41.0318047337278
834581,AJA,الجزائر إلى أين؟,7,2609,41.0228330504298
630423,AJA,خالد مشعل.. ذكريات مقاوم فلسطيني,36,3116,41.0212523177863
759617,AJD,غنوة,11,3165,41.0081861266695
683007,AJA,اللوبي العربي في بلاد العم سام,2,4424,41.003616636528
743760,AJA,الصحفي الأميركي كريس هيدجز,20,5278,40.9937476316787
698603,Other,الحقيقة وراء الحشاشين,8,1052,40.9933460076046
753526,AJA,الإخوان المسلمون وفكرة إنشاء حزب جديد,1,2742,40.9919766593727
684294,AJA,الطب الشعبي,2,1448,40.9875690607735
667175,AJA,فلسفة الأخلاق لدى العرب,3,1520,40.9868421052632
695033,AJA,تكنولوجيا بملايين الدولارات لإيجاد السنوار,6,1562,40.9837814767392
773981,AJA,عمر الأميري.. شاعر الإنسانية المؤمنة,7,1477,40.9807524905697
670749,Atheer,سلاح النفط لن يضر الولايات المتحدة,6,3378,40.9660548648115
851707,Other,"اغتيال ""أبو عبيدة""؟",9431,579,40.9605334555188
667426,AJA,سرايا القدس,18,2513,40.9559181146925
818718,AJD,فتحي نورين.. بطل دون ميدالية,2,735,40.9523809523809
722882,AJA,قرار التنحي,11,3058,40.9507105059754
683572,AJA,وداع النظام الملكي,3,3020,40.9050772626932
766888,AJD,الديانة المسيحية,1,1528,40.9031413612565
641112,AJD,مغاهينغا,2,1577,40.9004438807863
849253,Other,حقنة لفقدان الوزن تعالج الكبد الدهني,170,1560,40.869532428356
658428,AJA,جالاوي .. صوت ثائر من أجل فلسطين,66,1495,40.8584169453735
677955,AJA,أزمة سد النهضة ووضع مصر الاقتصادي,1,2964,40.8569500674764
683071,AJA,المتسللون.. سودانيون في إسرائيل,8,3073,40.8232997071266
628487,AJA,البحث عن الصوفية,45,3020,40.8108903605592
812189,AJA,تحديات واشنطن وفرصها داخليا وخارجيا,8,3120,40.8092948717949
729549,Other,ما الذي يحصل في سوريا؟,9,1097,40.8082649650562
717685,AJA,غزة.. دموع وانتصار,66,2832,40.79138846088
630526,AJD,التطهير,33,2893,40.7912516104704
630277,AJA,المتنبي.. تأبى ذكراه أن تموت,6,1172,40.7707622298066
629098,AJA,الصراع على الخليج.. بين حربين نهمُ النفط,1,2740,40.7664233576642
742251,Other,ربيع دمشق سنة 2000,21,822,40.7600509790291
627548,AJD,عٌمر.. أن تكون مختلفاً,7,3132,40.7589855865718
786491,Other,القيامة قامت,20,845,40.7514792899408
629586,AJA,كنت رئيسا لمصر.. محمد نجيب,6,1528,40.7286212914485
701604,AJD,العربي بن مهيدي.. صندوق الأفكار,11,3111,40.7176879693755
736104,AJA,يوجين روغان.. رؤية جديدة إلى تاريخ العرب,14,5202,40.7068709836876
814484,AJA,أوضاع السنغال,5,1060,40.6981132075472
630286,AJA,ابن رشد.. بين الغرب والشرق,4,1342,40.6855439642325
678193,AJA,الشاعر المستشار,2,2745,40.655737704918
818032,AJA,العشرية السوداء.. مسؤولية من؟,20,3035,40.6556836902801
629662,AJA,السيسي يحتفي بالثورة ويعتقل شبابها,8,1506,40.6457503320053
815181,AJA,سقوط بغداد السريع,18,2972,40.60303574099
716428,Atheer,لماذا توقع أحمد ياسين زوال إسرائيل؟,108,4491,40.6005426490842
629705,AJA,الإسلام السياسي,7,2999,40.5801933977993
848783,Atheer,هل أصول الحبشة عربية؟,495,10409,40.5754732452782
630617,AJA,العراق.. رياح التطبيع,62,3057,40.5742505302479
629866,AJA,حادثة النيل هيلتون وفضح الفساد,3,1393,40.536013400335
741783,AJD,توب مانتا.. بائعو الرصيف في برشلونة,4,3021,40.5246607083747
723224,AJA,دور جامعة الدول العربية,4,5687,40.5222437137331
840639,Other,"جيل ""الساندويتش"" ومعاناته في صمت",208,1480,40.5220244282744
706100,Other,7 أكتوبر,3947,3598,40.4885508417324
637818,AJA,"""الإخوان المسلمون"" وتظاهرات 1946",4,2932,40.4843110504775
725741,Originals,المغرب والجزائر,434,4740,40.4737599408894
629409,AJA,السويد.. مواطنون ولكن!,3,2940,40.4648526077098
818595,AJA,آثار مؤتمر الصومام في الثورة الجزائرية,5,2462,40.4630381803412
668180,AJD,نساء في قبضة العقيد,17,3112,40.4581884167549
667413,AJA,كتائب الشهيد عز الدين القسام,187,2579,40.4511552585361
814488,AJA,تكتل أحزاب اللقاء المشترك والانتخابات اليمنية,9,2901,40.445823279329
637886,AJA,منظمة التحرير واتفاقية أوسلو,16,2979,40.4330312185297
667725,AJD,زمن الثورة والسلطة,75,2797,40.419497080205
668131,AJD,سلطانة.. أحمد بن النعمان الكعبي,7,1611,40.4185510330762
684290,Originals,الكوميديا الحركية,51,2527,40.4051925479333
758906,AJD,الشيخ صواط جوزتوق - تركيا,8,799,40.3942428035044
729968,AJD,محمد ديب.. كاتب بين ضفتين,13,1636,40.3940191837502
673668,Originals,فيلم الكونغرس,6,2191,40.3925148334094
703912,Atheer,هاني البنا,18,5144,40.3825384482461
630527,AJD,السادات.. الباحث عن الذات - خلف الكواليس,24,3129,40.3669969106211
792730,AJA,يوسف صديق.. أسباب عدم الكتابة بالعربية,2,1463,40.3622693096377
834557,AJA,الصيف في لندن,7,1540,40.3525046382189
797265,Originals,العبور,854,1420,40.3385889105123
629741,AJA,شركات إسرائيل الأمنية,6,2605,40.3262955854127
632088,AJA,خالد مشعل.. الجانب الآخر,14,3021,40.3201399725729
716050,AJA,حمزة يوسف.. أول رئيس وزراء مسلم باسكتلندا,6,5182,40.3190531326386
848930,AJA,النفط العربي.. نعمة أم نقمة؟,4,2753,40.301489284417
836850,AJA,أرامكو.. الصندوق الأسود,11,2996,40.2779463527127
761429,AJA,مراسل الجزيرة في السجون المصرية,1,1490,40.2684563758389
837240,AJA,السودان,5,2442,40.2620802620803
697999,AJD,البداية,1,1647,40.2550091074681
633666,AJA,أنواع التوحد وتحدياته بين الأهل والطفل,2,1544,40.2525906735751
843322,Other,"فيروس ""شيكونغونيا"" ينتشر في الصين",174,1693,40.2512712928828
719376,AJA,تدابير الانقلاب العسكري في مصر,1,3000,40.2333333333333
629981,AJA,أحمد بن حمد الخليلي .. ذكريات مفتي,13,3033,40.231809074539
716494,AJA,هل سقط الغرب أخلاقيا في امتحان غزة؟,72,2867,40.2012362903538
631045,AJA,القاعدة في بلاد المغرب العربي,1,2936,40.1907356948229
833146,AJA,محمد فنيش.. تجربة عربية في إدارة صندوق النقد,118,5796,40.1830309623235
641022,AJA,الاحتلال الأميركي وسقوط النظام,9,2946,40.1825450705288
780874,Originals,أسواق دمشق.. حكايا الحرير,311,1171,40.1808441406883
686992,AJA,عرفات.. الرحلة الأخيرة - الجزء 2,7,2816,40.1734983766234
767468,LIVE,الحلقة الأولى - ابن حنبل يكشف مؤامرة,554,2917,40.1600724744403
685868,Originals,عمل الأمهات,148,2854,40.1546430803614
800198,AJA,الانتخابات الرئاسية الموريتانية 2003,5,4330,40.1478060046189
670692,Other,ماذا لو قُطع البترول عن إسرائيل؟,7,1248,40.1442307692308
667145,AJA,انتشار وانحسار الإسلام السياسي,2,1632,40.1348039215686
637781,AJA,صراع الأخوين على حكم السعودية,24,2620,40.1335877862595
814311,AJA,غزة مدينة خيام وستالين يعود بتماثيله,11,1799,40.1283541361362
777824,AJA,ترجمة القرآن.. بين الممكن والمستحيل,28,3324,40.1248495788207
844002,Originals,شلال نرجسية,9626,1544,40.1054355162885
672546,AJA,غزة.. الاجتياح المميت,146,1404,40.1026421574367
673635,AJD,مبارك وسنينه - الجزء 1,3,2686,40.0967982129561
629120,AJA,الصراع الأميركي الإيراني,9,2882,40.0724805304958
839159,Other,كيف نفضح إسرائيل؟,1634,1621,40.0607238078554
748189,AJA,الطوفان,795,3390,40.0588486298956
775245,Atheer,سوريا الجديدة.. إسلامية أم علمانية؟,67,5801,40.0443052793265
683307,AJA,سنوات أوباما - الجزء 2,3,2939,40.0249517976636
708013,Other,؟BDS ماذا تعرفون عن حملة مقاطعة إسرائيل,9,910,40.02442002442
630921,AJA,الأديب المسيحي الذي سمى ابنه محمدا,4,1308,40.0229357798165
761879,AJD,طارق البشري.. القاضي الفقيه,21,3149,40.0157268369399
758928,AJD,اليقظة,141,2882,40.0091543992795
815729,AJA,لماذا تستهدف أميركا العراق؟,9,5328,39.9983316649983
780555,AJA,الإسلام وزينة المرأة,29,2958,39.9839127089599
630216,AJA,زياد النخالة.. تجربة الاعتقال والإبعاد,7,3078,39.9795785760698
705949,AJA,السودان: إلى أين؟,32,3985,39.9756900878294
739462,AJD,الحياة السياسية.. عَقد الدم والنار,14,2945,39.9708949793839
761467,AJD,شارع الحمرا,6,1678,39.958283671037
667797,AJA,المجموعة رقم 9,37,2818,39.9411121554486
749412,AJA,إسرائيل من الداخل,37,4187,39.9195708725205
768678,AJA,هل يتراجع عثمان الخميس؟,9,1950,39.9145299145299
628473,AJA,معسكر أشعة إكس,190,2827,39.8946251373038
775326,AJA,إيران والعقوبات الأميركية,3,2975,39.8879551820728
627348,AJA,هل يوجد إعجاز علمي في القرآن والسنة؟,5,4009,39.8852581691195
668232,AJD,الرسم في الظلام,27,3012,39.8713786827997
682429,AJA,أبرز المعالم التاريخية حول العالم,5,1492,39.8525469168901
683009,AJA,الديمقراطية الأردنية,9,4532,39.8499558693733
630824,Other,اللوزتان,9,455,39.8290598290598
788448,Atheer,رحلة إنشاد من أزقة الشام إلى مسارح العالم,27,5178,39.8201793914424
703215,Other,وصفة المهاجرين,24,543,39.8096992019644
719360,AJA,العقل في الإسلام,5,3765,39.808764940239
630929,AJA,فرنسا.. أي علاقة مستقبلية مع أفريقيا؟,7,2981,39.8044759668376
818081,AJA,رمضان شلح: الاحتلال يرتكب إبادة في غزة,2,1588,39.7984886649874
630318,AJA,غاز غزة,98,3152,39.7836164922822
687024,AJA,"تكنولوجيا المستقبل في معرض ""سي إي إس""",1,1272,39.7798742138365
631227,AJA,الصفقة,37,2859,39.7776580357903
722885,AJA,ثمن الحرية في مصر,10,2930,39.7747440273038
696396,AJD,المقام العراقي,3,3031,39.7558561530848
688836,AJA,ما بعد الصهيونية,3,3109,39.7448268467889
637988,AJA,تأثير النشأة في المسار الفكري,13,2830,39.7363413971188
802248,AJA,سوريا والمؤامرات الخارجية,4,4058,39.7363233119763
753663,Other,ملايين الوزير,7,1511,39.7277110711922
764886,AJA,هاكان فيدان.. الثعلب وكاتم سر الرئيس,79,3121,39.7251773409204
667416,AJA,كتائب شهداء الأقصى,21,2535,39.7144735606274
690207,AJD,الكوشان العثماني,53,2936,39.7081126934348
749401,Other,الرقاقة الخطيرة,3,833,39.6958783513405
818075,AJA,مستقبل حماس السياسي والعسكري,2,4486,39.690147124387
760110,AJD,شارع محمد علي,4,1536,39.6809895833333
776229,Originals,رفقًا بالمرأة,117,1667,39.6771927665749
825063,Atheer,الاستخبارات في خدمة الوساطة,79,5406,39.6701742555154
722242,AJA,تجارة الموت,204,1426,39.6694442152738
678414,Originals,سلطنة عُمان - رحلة برية,240,1050,39.6424603174603
752095,Originals,محمد.. البحث عن السلام,3,1894,39.6339317141851
833651,AJA,هوليود: أصوات خارج السرب,234,1224,39.628721859114
765126,AJD,محمد مارمدوك بكثال,9,1658,39.6193539739981
629384,AJA,القذافي والغرب,50,2868,39.6164574616457
665912,AJA,إسرائيل أم حماس.. من انتصر؟,3,2987,39.6161142729606
627942,AJA,التطبيع مع إسرائيل والانقسام العربي,24,2920,39.597602739726
680999,AJA,تمييز عنصري وانتهاكات باسم القانون,14,2958,39.5899739206027
684282,AJA,رحلة سحرية في كاميرون وميلاكا,13,1492,39.5700144359662
685244,Atheer,لماذا لا تعترف إثيوبيا بالملك النجاشي حتى اليوم؟,56,4877,39.5482439438765
724760,AJA,حمد الجاسر.. علامة جزيرة العرب,2,1339,39.5444361463779
833013,AJA,اهتمام العرب بالانتخابات الأميركية,8,4192,39.5336354961832
766474,Originals,جزيرة أرواد.. حصن المسلمين في المتوسط,35,1200,39.5309523809524
722286,AJA,الطريق إلى الدبلوماسية الخارجية,5,3084,39.526588845655
811791,AJA,أفغانستان قبل الانسحاب الأميركي,2,1198,39.5242070116861
693723,AJA,"حقيقة العداء بين إسرائيل وحلف ""الممانعة والمقاومة""",13,2876,39.520701829464
630819,AJD,كل ألوان الطيف,22,3138,39.4924387276204
628779,AJA,استهداف الطائرات والسفن.. رفع الستار,1,2695,39.4805194805195
797747,Originals,"الحوثي ""خرم"" القبة.. وعزرا ""تاه"" في غزة",258,1665,39.4748236608702
816633,AJA,أسطورة الميركافا,5,2760,39.4492753623188
765069,AJD,الجاحظ.. فيلسوف الأدب الساخر,17,1607,39.4487353124199
657934,AJA,قبسات من الشفاء على الطريقة الصوفية,5,832,39.4471153846154
848971,AJA,الرأي العام العالمي واهتزاز صورة إسرائيل,353,1801,39.4429912245794
768794,LIVE,الحلقة الأولى – بعثة النبي محمد ﷺ,450,2963,39.3953575580305
760128,AJD,يا ورد مين يشتريك,2,1654,39.3893591293833
665276,AJA,التبادل - الجزء 1,6,2816,39.3880208333333
683209,AJA,محاولة التهدئة والضغوط الفرنسية,7,3039,39.3785549757909
629561,AJA,"من يربح معركة السيطرة على ""درنة""؟",4,2662,39.3782870022539
629657,AJA,طائرة نواذيبو,13,2801,39.3403454810095
667317,AJA,التداعيات النووية على كازاخستان,7,2843,39.3347067986533
629264,AJA,تويتر وتحدي البقاء والاستمرار,1,1455,39.3127147766323
749951,Other,هندسة المقاومة الفلسطينية للوعي الإسرائيلي,8,508,39.2962598425197
630237,AJA,الإخوة الأعداء.. الجزء 2,46,2823,39.2651973694343
670754,AJA,"""ناس الغيوان"".. النضال بالألحان",6,2821,39.2591279688054
689439,AJA,سلوان حامية الأقصى,1,3019,39.2514077509109
793691,AJD,التقسيم 1954-1962,4,3127,39.2468819955229
815726,AJD,فسكنوا.. جيوب الأرض,35,2821,39.2343140730238
629827,AJA,القائمة السوداء,127,3111,39.2334034426989
713701,AJA,الصراع العربي الإسرائيلي من منظور إسلامي,2,4475,39.2290502793296
719463,AJA,القمع الأكاديمي للصوت الفلسطيني,10,3920,39.2142857142857
815745,AJA,الأردن في حسابات أميركا وإسرائيل,6,4227,39.2082643324659
629837,AJA,ثورة تصوير.. كاميرا مبتكرة لصانعي المحتوى,5,1354,39.1728212703102
667847,Originals,مع المرجاني متسمعش لضميرك تاني!,25,1560,39.1615384615385
806304,AJA,مستقبل المعايير الإعلامية العالمية,3,4291,39.1517128874388
629458,AJA,فيصل التميمي.. أوركسترا النهّام,3,1533,39.1389432485323
630073,AJA,يوسف القرضاوي.. مسيرة علمية حافلة,10,2968,39.1374663072776
688695,AJD,السينما التركية.. مغامرة المئة عام,13,3184,39.1355817549285
736109,Originals,باب الحارة وتكويع الفنانين.. ولقاء بصاروخ إسرائيلي,47,1914,39.1338180039574
851086,AJA,المغرب العربي تحت وطأة العنف,2,2740,39.1240875912409
640963,AJA,القوالب العشرة في السينما - الجزء 1,11,1313,39.1192965450391
726922,AJA,الشريعة وظاهرة التكفير,78,5801,39.0942764068087
788765,Other,نقطة ضعف أميركا!,9,1714,39.0833657461429
667854,AJD,الأمير الأحمر,7,2971,39.0777515987883
684324,Originals,الارتجال,43,2971,39.0699239939571
637870,AJA,"نشأة ""جمهورية الفكهاني"" واجتياح لبنان",24,3000,39.0694444444444
840272,AJA,الطلاق.. ظاهرة اجتماعية أم مشكلة فردية؟,591,3709,39.069095660211
629568,AJA,الشباب العربي والمخدرات,2,3076,39.0604681404421
826686,AJA,أميركا ومعاقبة الدول: بين القانون والسياسة,3,2800,39.0595238095238
673637,AJD,خارج المكان.. إدوارد سعيد,16,3206,39.0498284466625
630398,AJA,خارج الحسابات,78,3165,39.0436262000243
628682,AJA,الحلف المر,2,3047,39.0055792582868
629745,AJA,مقتل اللواء البطران,79,2782,38.9929838291367
743687,AJA,مستقبل العراق بعد سقوط نظام صدام,14,4109,38.9754198101728
743641,AJD,المسرح العراقي,2,3011,38.9571570906676
657917,AJA,الأعضاء التناسلية,6,816,38.9501633986928
667763,Other,هوس المعجبين,3,315,38.9417989417989
815727,AJA,أي مستقبل لحركات المقاومة الإسلامية؟,8,5481,38.9413428206532
629673,AJA,زيلينسكي.. تطورات الحرب الروسية الأوكرانية,3,2759,38.9392291893198
773354,AJA,سحـر البيان في تناسب آي القرآن,30,3313,38.9274574906932
668220,AJD,باي الشعب.. ربيع الثورة,8,2737,38.9112166605773
673624,Other,روتين أهل غزة,77,1011,38.9109406913561
628422,AJA,اغتيال رينيه معوض,5,2555,38.880626223092
758632,Atheer,خفايا وأسرار الجيش السوري السابق,44,7263,38.8804400886185
630781,Other,الفرانشايز,11,615,38.8765705838877
652624,Atheer,ما سبب انتشار رواية ورش في بلاد المغرب؟,32,2485,38.8744969818913
678268,AJA,الثورات بين الواقع والمستقبل,4,2927,38.8708575333106
791719,Other,الغسيل الوردي,7,555,38.8674388674389
683749,AJA,سنوات أوباما - الجزء 1,7,2823,38.859369465108
667347,AJD,موريتانيا - الجزء 3,6,1623,38.8580817416307
768682,AJA,بنك الأهداف,45,2965,38.8442945474986
685249,AJA,كوبا.. ثورة لا تنطفئ,1,1416,38.8418079096045
673631,AJD,الفرقة الماسية.. حكاية مبدعين,19,3045,38.8315616627776
688487,Atheer,النضال الفلسطيني.. من عرفات إلى السنوار,103,21014,38.8108805872368
658369,AJA,بيانات الإنترنت الإعلامية,5,1657,38.7929993964997
784466,AJA,فرانسيس دينغ.. مفكر ودبلوماسي جنوب سوداني,16,5574,38.7704072479369
657936,AJA,الخط والعدد,3,957,38.7669801462905
695904,Other,الحرب على الأبرياء والصحفيين,2,178,38.7640449438202
683839,AJA,السيوطي.. ابن الكتب وأبو الكتب,20,1225,38.7632653061224
629176,AJA,استهداف الطائرات والسفن.. أيلول الأسود,4,2768,38.7554190751445
727314,AJA,الإسلاميون والديمقراطية,8,3020,38.737582781457
734950,AJA,هل الاقتصاد الإسلامي هو الحل؟,2,2856,38.7254901960784
830524,AJA,الأنظمة العربية وحكومة حماس,5,2746,38.7181354697742
671891,AJA,الـرواد الإصلاحيـون,5,3049,38.7143325680551
628417,AJA,عام على اقتحام الكونغرس,3,3002,38.707528314457
758927,AJD,البسالة,115,3257,38.6941837647342
764614,AJD,أحلامنا بين النجوم,3,2733,38.6876448347359
658309,AJA,الرسوم الجامعية.. عبء البريطانيين الثقيل,1,1414,38.6845827439887
713206,Other,ترامب يعبر الحدود إلى كوريا الشمالية,6,1170,38.6752136752137
778232,Atheer,1- الانضمام للجهاد الأفغاني,681,3391,38.661031988017
626153,AJA,التطور التكنولوجي والأسرة العربية,2,4141,38.6380101424777
803420,AJD,فلسطين,2,580,38.6206896551724
630561,AJA,الأطماع المبكرة,92,3179,38.6086682987541
728359,Originals,السوشيال ميديا بدون فلاتر,87,1998,38.6035460748104
716426,Other,صمت العرب عن المحرقة.. تخاذل أو هوان؟,5,443,38.6004514672686
768339,Other,فتح السند,8,299,38.5869565217391
637978,AJA,حركة النهضة بعد الثورة,5,2978,38.5695097380792
627600,AJD,الزوجان القاتلان,28,2745,38.5688264376789
729963,AJA,تجارة الحروب,21,4053,38.5522775604197
684206,AJA,الحرب الاستخبارية,61,2787,38.5219432141029
685858,AJA,العراق قبل انقلاب البعث 1968,669,3004,38.4981459697981
665290,AJA,الواقع الجديد,1,2772,38.4920634920635
831788,AJA,حماس بين الحصار ومطالب الاعتراف بإسرائيل,6,2696,38.4891196834817
678338,AJA,نوري المالكي وتحديات تشكيل الحكومة,6,2987,38.4666889856043
668419,AJA,تاريخ تقنية عجينة الورق,2,1506,38.4462151394422
657783,AJA,أيام باغرام,5,2864,38.4427374301676
668144,AJD,مراكش.. المغرب,3,2814,38.4269130537787
705847,AJD,العميد.. المتمرد - الجزء 1,7,3106,38.4187287278079
630419,AJA,موجات الإلحاد المعاصر,9,3023,38.4018818686367
759339,AJA,ثمن فلسطين معراج إلى السماء فمن يستطيع الطيران؟,6,2134,38.3864417369572
668175,AJD,القاهرة.. الجزء 2,1,2801,38.379150303463
833806,AJA,مشاريع التطبيع بعد حرب غزة,148,3643,38.3768204108583
796834,AJA,القدس.. أرض تُسلب,276,1304,38.3724548768561
792924,AJA,خمسون عاما على حرب فيتنام.. جاسوس سايغون,6,2293,38.3558656781509
766476,Other,"قيمة ""باي"" في علوم الرياضيات",10,1127,38.3496007098492
733744,Other,البطة العرجاء,2,974,38.347022587269
785204,AJD,محمد باقر الصدر.. الفقيه السياسي,64,3080,38.3152394480519
688209,AJA,حزب الله بعد حرب 2006.. إلى أين؟,7,2730,38.3150183150183
764612,AJD,بقايا العرب في الأندلس,3,4412,38.3046237533998
683245,AJA,النشأة واستقلال الأردن,12,2781,38.3015701785928
668198,AJD,معلّم الثورة.. علي شريعتي,124,3137,38.2903842792066
628210,AJA,أزمات المنطقة الاقتصادية.. محلية أم عالمية؟,20,2926,38.2894736842105
628185,AJA,ديمقراطية أتاتورك.. طريق صعود الإسلاميين,8,1593,38.2846829880728
684277,AJA,سريلانكا.. دمعة آسيا,1,1372,38.265306122449
667777,Originals,الكوميديا اللفظية,256,3326,38.2564689191221
765947,Originals,رفقا بالعاصي,98,1939,38.2560966624917
637940,AJA,انقسام صفوف الحركة الإسلامية,16,2941,38.2395443726624
726936,AJA,تجاذبات السلم والحرب مع إسرائيل,3,5268,38.218172614528
677627,AJA,إسطنبول.. سوق عتيق وقلب حديث,5,1500,38.2133333333333
682966,AJA,دعاوى الحسبة,6,3689,38.2127044366134
712915,AJA,التدين عند الشباب,4,3049,38.1764512955067
668179,AJD,سينمائيون في الظل,16,2841,38.1731784582893
685245,Atheer,من قرى مالي إلى أروقة الأزهر,38,5857,38.1590179991553
727315,AJA,وحـدة الساحـات,15,4384,38.1310827250608
630185,AJA,الهويات القاتلة شرارة الحروب,1,1466,38.130968622101
691658,Other,"""شي إن"" وحرب الوصول للمستهلك الأميركي",1,1186,38.1112984822934
688485,Atheer,هل يستطيع المسيحي الفلسطيني أن يحمل حجرا؟,15,7405,38.0643709205492
834544,AJA,بزشكيان: تبعات الحرب الإسرائيلية على إيران,8,2207,38.060715903942
628419,AJA,اغتيال شيرين أبو عاقلة.. بعيون أميركية,7,3068,38.0424660085677
753537,AJA,تجربة سجن تازمامارت,7,3053,38.0422067287446
630146,AJA,إسماعيل هنية .. ذكريات مقاوم وسياسي,588,2993,38.0338704141864
627996,AJA,عاصفة اليورانيوم - الجزء 2,6,2556,38.0216484089724
750478,AJA,الانتفاضة الفلسطينية وأثرها في إسرائيل,5,2747,38.0050964688751
637903,AJA,الفدائيون وسوريا في حرب لبنان الأهلية,6,3005,38.0033277870216
738275,Atheer,جريمة الأنثروبولوجيا في أفريقيا,40,6934,38.0004326507067
738963,Originals,على خطى الأجداد,136,1995,37.999410290432
779050,Other,الرسالة الأخيرة,3,479,37.9958246346555
637866,AJA,حلم تطوير اليمن,7,2986,37.9772270596115
684187,AJA,مؤرخ ثورة 23 يوليو,23,3012,37.9727466943819
670746,Atheer,قراءة في المشهد الجزائري,25,4882,37.9557558377714
668251,AJD,قتلُ بأمر الجن,37,2930,37.9512960059035
631002,AJA,سقوط الأندلس.. زفرة العربي الأخيرة,9,2760,37.950885668277
637749,AJA,وعد بلفور والاستيلاء على فلسطين,26,2710,37.9463525404485
837636,Other,الطباعة على الملابس,1,182,37.9120879120879
692165,AJA,الجزيرة 25 عاما - الحلقة الأولى,7,3181,37.8901513450397
810319,Originals,الإعدام,339,2796,37.8890408126232
716461,AJA,الاستشراق.. جذوره وأهدافه وأنواعه,3,3092,37.8827080638206
839844,AJA,كشمير بين صراع باكستان والهند,2,2329,37.8703306139974
683597,AJA,محاولات استقطاب المعارضين في الخارج,4,3051,37.8646345460505
626341,AJA,كيف أحقق التوحيد الخالص؟,2,3019,37.8436568400133
688729,Other,ذاكرة حديدية,102,423,37.8436007972929
715502,AJA,تجربة حزب البعث السوري السياسية,9,2972,37.8420816509646
777433,Originals,الساحل السوري.. مرسى الحضارات,36,1263,37.8310020234011
678160,AJA,ملابسات توقيف أحمد منصور في ألمانيا,6,3042,37.8205128205128
827319,AJA,جامع العظام,14,2769,37.8089047103132
668115,AJD,الشريف الإدريسي - الجزء 1,4,1758,37.7986348122867
818261,AJD,الفلاقة.. ملحمة الرصاص والدماء,6,2778,37.7789776817855
701618,AJA,المحسنات البديعية في الخط العربي,1,1136,37.7640845070423
656397,Atheer,كواليس فيلم الرسالة مع ممثل شخصية بلال,74,12008,37.735541170751
771057,Other,شبابيك اللغة,3,1172,37.7133105802048
825942,AJA,العلمانية.. بين الفكر وعداء الدين,4,4322,37.7024525682554
630045,AJA,قلب المعادلة,428,2938,37.6946775414644
703873,Originals,جون بولتون.. المحافظون الجدد وإسرائيل,6,1344,37.6860119047619
742206,Other,مواطنون درجة ثانية.. قريبا,17,69,37.6811594202899
667730,AJA,البرغوثي.. عائلة فرقتها الجغرافيا فآوتها الكلمة,11,3159,37.6730265619154
798761,AJA,البشير يبعد الترابي ويعلن الطوارئ,6,5515,37.6730129948625
843704,AJA,أفغانستان.. عام بعد سقوط كابل,8,2778,37.6664866810655
630408,AJD,حيّد عن الجيش.. الأردن - فلسطين,1,813,37.6383763837638
667358,AJA,أسرار معتقل قلعة مكونة المغربية,5,3163,37.6351564969965
817230,AJA,جيسون هيكل.. كيف يعمل النظام الرأسمالي؟,115,5647,37.6278285507503
719333,AJA,انتخابات الرئاسة الفلسطينية بين فتح والسلطة,1,3979,37.6225182206585
657910,AJA,الحبوب,2,686,37.6093294460641
765080,AJD,المسعودي.. رحالة في مروج التاريخ,3,1525,37.5737704918033
765085,AJD,ابن بطوطة.. أمير الرحالة,12,1564,37.558610400682
766953,AJA,علامات الساعة.. سردية الاعتقاد وكيفية التعامل,18,3365,37.5350833746079
688478,Atheer,صندوق ضابط الاستخبارات الأسود.. الفاتح عروة,82,18193,37.5081276234628
760691,AJA,"""الجبهة الإسلامية"" وميثاق الشرف الثوري السوري",1,1544,37.5
648027,Originals,الزوج,3,528,37.5
765639,Originals,الكتكوت المصري ومفتي البراميل,44,2184,37.4958374958375
683699,AJA,الختيار,10,3159,37.4897119341564
665803,AJA,طموحات روسيا في ولاية بوتين الرابعة,1,1449,37.4741200828157
629295,AJA,ليبيا وكابوس الحالمين بالهجرة,6,3002,37.4639129469243
758909,AJD,الشيخ محمد صديق المنشاوي - مصر,13,807,37.4606805833572
760437,LIVE,الصيادية وأرز السمك,1,1813,37.4517374517375
737142,Atheer,اليهودية العالمية: من الشتات إلى ما بعد الصهيونية,181,19106,37.4511955111726
836888,AJA,بابوا غينيا الجديدة.. الصندوق الأسود,7,1127,37.4318671568006
630613,AJA,سيد قطب.. المختلف عليه,9,2960,37.4174174174174
827288,Other,لن أستسلم.. سأموت واقفا,25,790,37.4126582278481
677620,AJA,جنوب أفريقيا الفريدة,9,1357,37.4109555391796
670756,AJA,محمود درويش.. قصيدة لا تنتهي.. الجزء 1,33,1499,37.4047344694443
783319,AJA,إسرائيل تشن غارات على غزة بعد قصف أسدود,1,254,37.4015748031496
630796,Other,الثمالة من دون كحول,4,689,37.3730043541364
763915,AJD,يوميات التحرير,5,2873,37.3546815175774
630138,AJD,مقاطعة عفار,2,3150,37.3333333333333
733519,AJA,"جيل جديد من ""جيمناي"" يحدث ثورة في الذكاء الاصطناعي",2,1188,37.3316498316498
749491,AJA,مال ودولة– الجزء 2,1,1610,37.3291925465838
787439,Atheer,الشباب الفلسطيني وحلم التحرر، حراك وتحدٍّ,65,6415,37.2811319623479
787026,AJD,طريق سيدي- الجزء 4,3,1559,37.2674791533034
811125,Originals,الإيمان في زمن الضغوط,153,2572,37.2485489789488
719036,Other,عودة ميمونة لدونالد ترامب للبيت الأبيض,1,1066,37.2420262664165
724477,Atheer,لماذا تحريرها كلها ممكن؟,204,13618,37.2325843246683
727678,AJA,ما الذي يحدث في سوريا؟,72,2784,37.2046615581098
837580,AJA,البداية السياسية واستقلال ليبيا,6,2687,37.1790100483811
688093,Originals,"""الترفيق"" ولعبة البحر",956,3245,37.172476484582
797198,AJA,القرآن والإعجاز العلمي,11,4152,37.1715712033631
657916,AJA,الفم منبع الكلام وبوابة الطعام,3,724,37.1546961325967
682892,AJD,شتيرن.. الرجل والعصابة والدولة,59,3013,37.1497522037274
677872,AJA,المغرب.. التنوع الجغرافي والتراث الأثري,225,1455,37.1430316914853
631107,AJA,الهروب إلى الموت,59,3065,37.1404871844499
671898,AJA,ثورة الفقيه والشعب,5,3154,37.0894102726696
778226,AJD,القناة تملك مصر,240,2506,37.0839984038308
670750,Atheer,كيف تبني زواجًا ناجحًا؟,25,7789,37.0733085120041
684279,Other,إسرائيل تبطش بغزة وأوروبا تعاقب الأونروا!,6,902,37.0657797487066
763867,AJA,الأزهر والسياسة,5,2927,37.0618380594465
763903,AJD,طرب زنجبار,3,3088,37.0466321243523
729903,Other,التحريض على الضفة وخطوط بن غفير الحمراء,3,449,37.0452858203415
833019,AJA,أبعاد فوز حماس في الانتخابات الفلسطينية,4,2871,37.042842215256
657736,AJA,برلماني أردني يعتزل السياسة - الجزء 2,6,2880,37.0428240740741
851939,AJA,جرير والفرزدق.. نصف قرن من الهجاء,366,1410,37.0325155989614
757891,AJA,أسامة المنقذ.. فارس الشام,3,1117,37.0038794389734
678244,AJA,آفاق المرحلة الانتقالية في السودان,22,2828,36.993699369937
667422,Other,تجديد,2,1256,36.9824840764331
689204,AJA,الشيخة المياسة..قصة طموحة في عالم الثقافة والفنون,42,3140,36.963906581741
701001,AJA,ليبيا من الاستقلال إلى انقلاب القذافي,17,2643,36.9611181589548
667102,AJA,ساعتان هزتا العالم,1,1656,36.9565217391304
806388,Originals,السكن,395,2857,36.9489993487016
724691,Other,رحلة السودانيين للنجاة من الحرب,10,912,36.9188596491228
627533,AJD,في زاوية أمي,14,4791,36.9174344753556
758292,AJA,حلم الأكراد,4,3020,36.9122516556291
629942,AJA,جورج قرداحي وسلاح حزب الله,4,1525,36.8852459016393
683574,AJA,انقلاب القذافي 1969,11,2902,36.8711233631978
845658,AJA,الشعر العربي والقضية الفلسطينية,10,1302,36.8663594470046
628647,AJA,إذا تعب قاسيون,1,2849,36.8199368199368
706402,AJA,المبارزة التركية الروسية في الشمال السوري,6,2867,36.7980467387513
851639,AJA,العلمانيون العرب.. ديمقراطيون أم انقلابيون؟,2,2884,36.7891816920943
698937,Originals,المديرون والموظفون,30,2469,36.784123126772
628742,AJA,فرنسا والصراع الإسرائيلي العربي.. العدوان الثلاثي,3,2751,36.7745062401551
733068,AJA,عام على التدخل الإثيوبي في الصومال,2,2882,36.7626648160999
683208,AJA,الصراعات الداخلية بين قيادات الثورة,10,2988,36.7570281124498
683026,AJA,العهد الملكي في ليبيا,13,2912,36.7497886728656
688722,Other,الكورة X الكورونا,9,466,36.7429661421078
627379,AJD,سفاح التاكسي,41,2937,36.736507303786
846818,AJA,ترامب بين حرب أوكرانيا والحرب في غزة,370,2973,36.7294842774157
799754,AJA,سحق الثورة,8,2805,36.729055258467
626141,AJA,قراءة القرآن في رمضان.. عادة أم عبادة؟,5,2998,36.7178118745831
665255,Other,نفر واحد,27,450,36.7160493827161
749922,AJA,العلامة محمود شاكر.. حصن التراث واللغة,10,3061,36.6775563541326
705893,Originals,السحر والحسد والعين,18,3457,36.674380484042
764656,AJA,مسجد قباء,18,623,36.6684501515962
836541,Originals,تاريخ المسجد الأقصى,579,2970,36.6627123276519
703322,AJA,تحديات فترة إدارة مرسي,6,2882,36.6238723108952
843744,AJA,استراحة المحارب,3,2808,36.6215574548908
667859,AJD,كشمير .. خط التماس,36,3179,36.6152878263605
684269,AJA,سحر التاريخ في ستون تاون,4,1481,36.5968939905469
764295,AJA,المخابرات الأميركية والحرب على أفغانستان,5,2955,36.595600676819
667710,Other,العصابات اليهودية,9,998,36.5954130483189
637817,AJA,نشأة التنظيم السري للإخوان,2,2943,36.5783214407068
631011,AJA,الموت في صيدنايا,77,2946,36.5598081484029
776851,AJA,الديمقراطية بين الغرب والشرق,2,5198,36.552520200077
629399,AJA,ضابط الإعدامات.. محمود مصطفى بوسيف الورفلي,14,3008,36.5501519756839
849270,AJA,الهيمنة الأميركية بين الانتصار والانكسار,1,2846,36.5425158116655
658429,AJA,طبيب نرويجي في مستشفيات غزة,30,1474,36.5287200361827
689124,Other,في رأس السنوار,5,450,36.4888888888889
818656,AJA,مستقبل طالبان في أفغانستان,2,1637,36.4691508857666
711870,AJA,نداء الوحدة يتحدى سايكس بيكو,7,2880,36.4484126984127
760431,LIVE,شوربة بصل مع طاجن دجاج وريش في الفرن,1,1737,36.4421416234888
640949,AJA,أشرار ولكن نحبهم,6,1455,36.4375715922108
767792,LIVE,الحلقة الأولى- ضيف مجهول الهوية,620,2997,36.4178156651275
751089,AJA,التدهور البيئي في المنطقة العربية,2,2785,36.4093357271095
686979,AJA,آثار العرب في متاحف الغرب!,10,3458,36.4054366685946
637726,AJA,الإعداد لعملية ميونخ,12,2653,36.3990451061691
723912,Originals,الحرية المطلقة,171,4042,36.3946109707718
630536,AJD,أهل الفن,3,1521,36.3795748411133
806318,AJA,حقيقة الدور الليبي في انقلاب موريتانيا,3,4230,36.3750985027581
823634,AJA,الحكومة اليمنية وعاصفة الحزم,2,2541,36.3636363636364
737167,AJA,الشرع يلتقي وفداً مسيحياً عشية رأس السنة,3,244,36.3387978142076
767668,LIVE,الحلقة الأولى- الطريق إلى الشام,681,3185,36.3186006357813
814115,Other,ثلاث سنوات من الدحيح,19,208,36.3107287449393
630171,AJA,العصفور.. الفن في مواجهة الفساد,1,1466,36.2892223738063
764617,AJD,أحلامنا بين الغربة والوطن,2,2547,36.2779740871614
629193,AJA,عبد الله البردوني.. فظيعٌ جهلُ ما يجري,1,1420,36.2676056338028
630179,AJD,آكلو لحوم البشر.. قبائل الماتسيس,32,1505,36.2666112956811
630337,AJD,المها العربي,32,771,36.2637808041505
750534,AJA,مستقبل الهيمنة الأميركية بعد أحداث سبتمبر,7,4101,36.2559654439684
720633,Originals,النسوية,207,2201,36.242419453608
781277,Other,امرأة في الظل,6,971,36.2341228973567
683578,AJA,سياسة اغتيال المعارضين,28,2962,36.2291405421048
629679,AJA,فرنسا.. تمييز ضد لباس المسلمات,2,1528,36.2238219895288
716267,AJA,الانتخابات الأميركية وورقة السياسة الخارجية,16,3599,36.2236037788275
629950,AJA,"""السرقة من الساراسين"" والمعمار الإسلامي بأوروبا",7,1504,36.2177051671733
807608,Atheer,واقع الحرب على غزة وتداعياتها على إسرائيل,61,4225,36.1986613638568
629787,AJA,فلسطينيات في مواجهة الاحتلال,29,1385,36.1956927673347
830534,AJA,تشفير بطولة كأس العالم,2,2781,36.1920172599784
629554,AJA,السقوط قرب أبواب طرابلس,8,2948,36.172829036635
790612,AJA,قمة سرية في العقبة,4,1554,36.1647361647362
683220,AJA,يحيي السنوار رئيسا لحركة حماس,7,1684,36.1638954869359
683594,AJA,دور الأسرى في المعارضة,5,2828,36.1598302687412
761877,Originals,الفلوس,82,2399,36.1481918278958
678213,AJA,حماس والمشاركة بالانتخابات التشريعية,2,4266,36.1462728551336
703651,Originals,وسام العمالة.. قنوات عربية تدعم الاحتلال,14,2047,36.1225486775072
761426,AJA,كيف سقطت الموصل في يد داعش؟,1,1542,36.1219195849546
780033,Originals,الفنان السوري جمال سليمان.. فصول جمال الأربعة,522,2820,36.1186516670743
738711,Originals,الواسطة,52,1974,36.1176057984569
800147,AJA,عشر سنوات على الوحدة اليمنية,3,4944,36.0976267529666
628221,AJA,مستشار ناسا وصاحب المشاريع الرائدة,1,1604,36.0972568578554
640990,AJA,تجربة العمل السري,27,3009,36.090493950248
684292,AJA,كيف تروج لمجزرة؟.. الحلقة الأولى,18,2956,36.084799278304
725015,AJA,الانتقال الديمقراطي في المغرب,11,5833,36.0846593831336
760142,AJA,هل اقتربت نهاية إسرائيل؟,95,2774,36.0809016051303
778674,AJA,عملية نوعية للوشق المصري ضد إسرائيليين,3,1560,36.0683760683761
629838,AJA,القتل.. مأساة المرأة في الواقع العربي,4,1479,36.0547667342799
739463,AJD,الحياة الفنية.. ثورة الفيديو والكاسيت,17,3218,36.0545461192557
763855,AJA,الهوس بتفتيح البشرة في نيجيريا,2,1476,36.0433604336043
640998,AJA,كيف تخيلت السينما مستقبل البشرية؟,14,1476,36.0385210994967
743254,Atheer,جان ماري لوبان.. زعيم اليمين المتطرف الفرنسي,147,3803,36.0376072595749
630044,AJA,الروهينغا.. التنكيل والصمت,25,2798,36.0071479628306
630050,AJA,ليلة الاقتحام,43,3157,35.9960515944634
816239,Originals,"ملاجئ ""اخمونا"".. و""الجزيرة"" تهمة في تل أبيب!",421,1977,35.994338695473
726906,Other,وقف إطلاق النار بلبنان.. وغزة تنتظر الفرج,1,1031,35.984481086324
629865,AJA,مسرح عبد الرضا.. الفن يواجه السياسة,1,1415,35.9717314487633
834491,AJD,لبنان - الجزء 2,3,2964,35.9649122807018
628766,AJA,الأرض كيف ضاعت.. فلسطين ج5,4,2698,35.9525574499629
723710,Originals,منزل نتنياهو في مرمى القنابل والمسيرات,91,1602,35.9468247108697
825438,AJA,صقر أبو فخر.. تحوّلات النضال الفلسطيني وآفاقه,112,6082,35.9199570160192
823394,Other,أوراق قبرص.. المهمة السرية,2,3469,35.903718650908
629808,AJA,جيش الظل,87,3165,35.9009278930835
796839,AJA,إسرائيل تتجه يمينا,33,2716,35.8939170794841
640953,AJA,معاني الألوان بالأفلام,6,1558,35.8900299529311
683205,AJA,كامب ديفيد والمواقف منها,11,2923,35.8815662613131
629084,AJA,الحرب الباردة.. سباق التسلح العربي,5,2795,35.871198568873
775452,Other,الإمام الشافعي,3,277,35.8604091456077
694848,Atheer,القبائل الخليجية من العهد النبوي إلى الاستعمار,44,5690,35.8343984662087
766883,Originals,الرحمة,31,1359,35.823304612025
628271,AJA,عراقي يترجم القصص الدانماركية للعربية,1,1608,35.8208955223881
698872,AJD,رسائل غارقة,7,4950,35.8124098124098
629642,AJA,أردوغان.. القصة من البداية,24,2964,35.8004385964912
704120,Originals,الحرية,13,3181,35.7845863661645
667237,AJA,شاعر المنفى والاغتراب,4,1544,35.7836787564767
732685,AJA,حظر الحجاب في مدارس فرنسا,1,4159,35.7778312094253
703324,AJA,مؤشرات انقلاب 3 يوليو,9,2887,35.7733902936535
695380,AJA,هل باعت إيران المقاومة؟,2,1951,35.7508969759098
802222,AJD,داهش,14,2917,35.743670111171
717044,AJD,شولا كوهين,42,2770,35.7409317517621
683554,AJD,مصطفى كمال أتاتورك - الجزء 1,28,3156,35.732391816042
727312,Other,غزة.. جرائم الحرب الإسرائيلية,390,4859,35.7207613680139
630363,AJA,مساعدة الشركات الناشئة.. استثمار ذكي,2,1453,35.719201651755
665687,AJA,إرث ابن خلدون,7,1592,35.7142857142857
683292,AJA,الجزائر بعد الاستقلال,9,2952,35.7083709725986
764610,AJD,أحمد الشقيري.. من جذور فلسطين,11,3218,35.7082321035087
806782,AJA,الصراع في داخل السلطة الفلسطينية,5,4212,35.7027540360874
667809,AJA,الإنسان الآلي,3,1555,35.6698821007503
697161,AJD,ربيع تركيا.. نجم الدين أربكان,556,3242,35.6696505842827
842675,AJA,في ذكرى النكبة أين أمست القضية الفلسطينية؟,2,4922,35.6663957740756
724766,AJA,غزة.. عقيدة إبادة,21,4365,35.6657393770796
652625,Atheer,حكايات رحلة الإسلام في غرب أفريقيا,36,4375,35.6539682539683
783723,Atheer,غزة بين مشروع التحرير ومؤامرة التهجير,87,2820,35.6537865818864
701039,AJA,إنكار المنكر,1,2847,35.6515630488233
629965,AJA,صائدو القهوة,2,1470,35.6462585034014
719660,Originals,إثيوبيا,173,1707,35.645472061657
711287,AJA,استقالة مسؤول أميركي اعتراضا على تجويع غزة,59,1144,35.6406305558848
697230,Originals,تحت الركام,244,3029,35.6342243558173
722220,AJA,ترامب والإخوان.. إشكالات التصنيف,1,2885,35.632582322357
725402,AJA,الإسلاميون.. بين السياسة والدين,6,5492,35.6184753580966
742258,Other,سوريا والعراق بعد عقود من حكم البعث,14,645,35.6146179401993
715007,AJD,وراء الكاميرا إنسان,6,3066,35.6110023918243
765074,AJD,سيبويه.. إمام النحاة,7,1490,35.6088207094919
738603,Originals,لماذا نحب السينما؟,150,650,35.5589743589744
785709,Other,!اللهُمَّ شَماتة,5,503,35.5467196819085
832243,Originals,الحلقة الأخيرة: خربت خالص!,2386,1682,35.5239591234241
629711,AJA,عالم مصري يجوب الفضاء,5,1405,35.5160142348754
806298,AJA,سياسات الدول العربية حيال سجونها,4,4135,35.5139056831923
788255,Other,هدايا الفصح!,6,691,35.5041003376749
775020,AJA,واقع الإعلام الإسلامي وتحدياته,3,5300,35.5031446540881
630048,AJA,سيناء.. حروب التيه - الجزء 1,27,3013,35.498027067891
670745,Atheer,ما مصير الأسرى الفلسطينيين في حرب غزة؟,10,2106,35.4795821462488
815157,AJA,العلاقة بين تشاد والسودان,3,1089,35.4759718396082
629687,AJA,توماس فريدمان .. مستقبل المركزية الأميركية,9,2881,35.4660804504609
753013,Other,بيت السنوار واستشهاد الضيف,15,577,35.4592720970537
657908,AJA,حيوية صحة الجسم,9,847,35.4584809130264
657738,AJA,من جندي سابق لرئاسة لبنان - الجزء 1,3,2923,35.4544417835557
721991,AJA,مستقبل حزب البعث العراقي بعد صدام,3,1667,35.4529094181164
836807,AJA,حافظ سلامة.. شيخ المجاهدين المصريين,3,1432,35.451582867784
802253,AJA,تطوير مناهج التعليم والإملاءات الخارجية,5,4222,35.4239696826149
702747,AJA,ندوب دائمة,5,2832,35.4166666666667
700988,AJA,العزل من السلطة,9,2653,35.3897055744021
668249,AJD,الخطلة.. سلطنة عُمان,76,2715,35.3833478724435
683832,AJA,أمن الخليج والمتغيرات الإقليمية والدولية,1,2996,35.3805073431242
802902,AJA,هجمات سبتمبر بين روايتين,5,3979,35.3706961548128
761458,AJD,صوت الروح,16,2782,35.3567577282531
665320,AJA,العدوان الثلاثي,17,2929,35.3362922499146
672548,AJA,ماذا تبقى من القدس؟,46,1382,35.3268734663059
684273,Other,"فلسطين و""ديمقراطية إسرائيل"" وأشياء أخرى",13,555,35.3153153153153
629668,AJA,"""الاستشراق"" وصراع الشرق والغرب",3,1480,35.3153153153153
638145,AJA,الأفلام الكوميدية,17,1339,35.3072969292273
685721,AJA,فوز حماس بالانتخابات والأثر الإقليمي,1,2821,35.306628855016
837584,AJA,انقلاب القذافي على الملك السنوسي,10,2667,35.2680914885639
814496,AJA,مبررات غزو العراق,38,1802,35.2561481394941
805863,AJD,معا نستطيع.. بول سميح- غانا,9,1727,35.244161358811
843763,AJD,المسيري.. رحلة من أجل الإنسان,5,2976,35.241935483871
641021,AJA,العمليات المسلحة والاعتقال,19,2910,35.2396455055164
787081,Atheer,من بلاد السامبا إلى دراسة اللهجات العربية,115,8114,35.2390393415567
736458,AJA,المغرب مملكة جديدة بعد الاستقلال,10,2965,35.2310286677909
738489,Originals,القضاء والقدر,130,3576,35.2196265702977
777466,AJA,فلسفة العقوبات في الإسلام,12,3085,35.2160994057266
685838,Other,حلف الدم,25,523,35.1816443594646
771026,AJA,أحمد جرار.. حكاية نضال ترويها والدته,2,1263,35.1543942992874
688199,AJA,"لبنان ونزع سلاح ""حزب الله""",4,2430,35.1440329218107
630744,AJD,لاليبيلا,2,3307,35.1375869368007
818087,Atheer,طارق يوسف.. في سيرة الأب والوطن,47,12178,35.134162406572
765178,AJD,رمضان في روسيا,3,2610,35.1340996168582
730479,AJA,بعد سقوط الأسد.. أوروبا تعلّق لجوء السوريين,3,223,35.1270553064275
657813,AJA,غازي صلاح الدين.. مزارع ثم مستشار,1,2884,35.124826629681
823051,Originals,الاقتصاد الإسلامي,106,2698,35.121054030239
671897,AJA,مصر وسوريا والجزائر,13,3122,35.1180209924605
657751,AJA,النكبة.. حق يأبى النسيان - الجزء 4,3,2951,35.1067434767875
686962,Originals,يوميات مقاتل من بيت لحم,49,2426,35.0867304877433
670744,Atheer,من الذي بنى مصر ؟.. رحلة في عمران القاهرة,45,4749,35.085281111813
637802,AJA,اختيار مرشد الإخوان الجديد,8,3027,35.0801123224314
677876,AJA,الفلبين.. لؤلؤة الشرق,2,1496,35.0601604278075
678211,AJA,جدل حول مناطق سيطرة المعارضة السورية,3,2852,35.0397381954184
721226,Atheer,من يصنع القرار الأميركي؟,28,7292,35.0354596034794
819094,Other,819094,6712,4935,35.0133469308399
712065,AJA,صحافة تتحدى الرصاص,64,5308,35.0058284664657
800713,Originals,قلوبهم شتى,186,2809,35.0011675222116
627903,AJA,الإسلام في آسيا الوسطى - أوزبكستان,8,3951,35.0006327512022
637966,AJA,الخلاف مع الولايات المتحدة,4,2940,34.9744897959184
627898,AJA,صدام حسين.. أسباب الشعبية الطاغية,26,2910,34.964314036479
753574,AJA,تغطية الإعلام المرئي العالمي حرب لبنان,1,2829,34.9593495934959
839693,AJA,أسرار كوريا الشمالية وقصة الطريق 66,3,1519,34.9572086899276
669331,Other,بين اللغات.. اللغة الشحرية وأسطورة موشكا,10,1033,34.9564375605034
803244,AJA,السودان والخلاف بين السلطة والمعارضة,4,4109,34.9476758335361
677636,AJA,الأرجنتين.. تنوع القارات الست,13,1506,34.9422821534375
765146,AJA,صناعة الزبادي.. مصر,1,166,34.9397590361446
729471,AJA,انتفاضة الأقصى.. صمت غربي وتقاعس عربي,4,5309,34.9312488227538
775025,Atheer,"""سيدنا رمضان"" في ضيافة المغاربة",117,9319,34.9288238439435
749921,AJA,حسان دياب.. أكاديمي وسط الصخب السياسي,15,2973,34.9231976679
716427,Other,فلسطينيو الداخل.. الجبهة المنسية,4,532,34.9154135338346
850152,Originals,"ملاجئ ""اخمونا"".. و""الجزيرة"" تهمة في تل أبيب!",30,1977,34.9030517619289
630800,AJD,خفايا مخلوقات الأمازون - الجزء 2,3,1594,34.8808030112924
640987,AJA,الصدام مع حركة فتح,23,2948,34.8755235679311
678221,AJA,شقاء اللجوء,2,2882,34.8716169326856
843731,AJA,عبد الرحمن واحد.. كيف يقود إندونيسيا؟,3,1626,34.8708487084871
629388,AJA,"""مراسل حربي""..  إعلاميون تحت النار في سوريا",40,3002,34.8500999333777
749047,Other,صفقة وتكويع,11,930,34.8484848484848
683659,AJA,الأسرى الأطفال,1,2993,34.8479786167725
684307,AJA,سنوات أوباما - الجزء 3,3,2883,34.8479593016534
736103,AJA,زخم دبلوماسي عربي تشهده سوريا الجديدة,7,2122,34.8189039989228
667825,AJD,العسل المُر,5,2904,34.8140495867769
821492,AJA,حاملة سر الرئيس محمد بوضياف,6,2815,34.8075784487863
839682,AJA,تركمانستان بعد رحيل نيازوف,3,1452,34.8025711662075
720155,AJA,من الملكية إلى حكم العسكر,5,3084,34.798962386511
777823,AJA,حمص.. درب الحرية - الجزء 2,3,1620,34.7942386831276
791508,AJA,يهود سيقتلون اليهود.. قريبًا,19,1940,34.7883884970157
687778,AJA,الرسالة الأخيرة,90,1861,34.7764045614664
840127,AJA,فدائي في حرب أكتوبر,3,2996,34.768580329328
749469,AJA,اليابان.. بلاد الشمس الطالعة وصناعة الدهشة,2,2741,34.7683327252827
641010,AJA,تاريخ جائزة الأوسكار,4,1416,34.7457627118644
813614,AJA,الخطاب الإسلامي بين الرسمي والشعبي والحركي,3,4297,34.7374136994803
805024,AJA,أبعاد محاكمة صدام حسين,2,4290,34.7319347319347
744203,Originals,الرقية الشرعية,72,2921,34.7122370573244
667387,AJD,حبائل الهوى,4,2776,34.6902017291066
851946,Other,عن الفاشية,193,1508,34.6799796594329
629356,AJA,العقرب.. سجن 992 شديد الحراسة,35,2784,34.679802955665
825957,AJA,هل وصل الإسلاميون إلى طريق مسدود؟,5,4032,34.6775793650794
683296,AJA,النشاط السياسي والدور الوطني,27,3168,34.6298634493079
785378,Originals,"حملة ""إحنا مش بني آدمين""",123,1731,34.6174258969626
732255,Other,سجن صيدنايا,62,1133,34.6169176892634
702492,AJA,طفرة الرقمنة في السيارات الكهربائية,2,1482,34.6153846153846
626207,AJA,المرأة الانتحارية في الشيشان,1,4196,34.604385128694
771112,AJA,الأجهزة الذكية في معرض إم دبليو سي للتقنيات,4,1363,34.5928099779897
696401,AJD,ضحك كالبكاء,1,4516,34.5881310894597
845952,AJA,كيف ترسم أميركا سياستها تجاه العالم العربي؟,597,3779,34.5876866027234
793596,AJA,كيف تصمد حماس أمام الضغوط الدولية؟,6,4277,34.5530356168654
628203,AJA,سوريا.. هل تحولت إلى بلد الكبتاغون؟,35,2746,34.5364686296951
826722,AJD,السجن خارج القضبان,1,3171,34.5316934720908
637855,AJA,مظاهر الفساد والتضييق على المعارضة,3,2867,34.5308685036624
815728,AJA,الاعتقالات في لبنان ومستقبل الديمقراطية,1,5491,34.5292296485158
749389,AJA,موقع الشريعة في الحياة المعاصرة,1,2781,34.5199568500539
629122,AJA,تغيرات موازين القوى الدولية,23,2861,34.5121043113536
646018,Atheer,السودان وصراع التاءات الثلاث,18,3751,34.5078349477176
631226,AJA,الهجرة السرية,18,3077,34.4960820423934
725740,Originals,المسلمون في الغرب,12,2966,34.4908968307485
760741,AJA,ياسر الحبيب.. مشروع طائفي من لندن,3,3103,34.4827586206897
686138,Originals,حراسة لعيون التان,3,1869,34.4747636882468
657834,AJA,غازي صلاح الدين.. العلاقة مع الترابي والبشير,1,3000,34.4666666666667
632166,AJA,سد النهضة,26,2739,34.4567079506838
715460,Originals,قناة الجزيرة,66,3213,34.4462364070207
629389,AJA,السلاح المنهوب,29,3043,34.4340317517876
702832,Originals,فقراء وأغنياء,58,2687,34.4307842357199
803241,AJA,جماعات العنف,6,4252,34.4269363436814
754221,AJD,الطريق إلى القدس.. أحمد عبد العزيز - الجزء 1,1,3103,34.4183048662585
681005,AJA,هجرة غيرت التاريخ.. جزء 3,6,2945,34.4029428409734
640925,AJA,مخرجون عظماء فشلوا في فيلمهم الأول,14,1471,34.3983684568321
667278,AJA,جامع المخطوطات,2,1466,34.3792633015007
680998,AJA,عرب 48.. الصمود في وجه التهجير,181,2976,34.354021861819
749944,Originals,عيون غزة,350,2968,34.3483827493261
637754,AJA,قرار الوحدة,5,2611,34.3393335886634
716097,AJA,مرسي.. الرئيس والجيش والانقلاب,2,3033,34.3389383448731
765375,AJA,يائير نتنياهو يصفع خدّ أبيه,6,1892,34.3287526427061
626065,AJA,زوجات الزعماء العرب يجتمعن لمناصرة المرأة,8,4312,34.3257189239332
702785,AJA,حقائب ذكية.. تحملك ولا تحملها,1,1349,34.3217197924388
775335,Other,نهاية أوروبا تقترب؟,5,1242,34.3156199677939
814494,AJA,خطة الدفاع عن بغداد- الجزء 2,4,3178,34.3140339836375
667339,AJA,أحداث من مجزرة سربرنيتسا,13,2745,34.3113352949418
777983,AJA,عين صينية خارقة تفتح عصرا جديدا للتجسس!,4,1155,34.3073593073593
630424,AJA,عمران خان.. رحلة الخسارة والفوز,18,3124,34.3025323659126
772408,AJA,وما أدراك ما صيدنايا,566,4994,34.2974820668194
685763,AJA,النساء والسياسة بعهد بورقيبة,3,3079,34.2968496265021
769029,AJA,خطة السنوار في الخداع الإستراتيجي لإسرائيل,1248,3258,34.2965688010578
818717,AJD,بيتر نورمان.. المقاومة بالأبيض والأسود,6,779,34.2961061189559
630451,AJA,فيتالي نعومكين .. مستشرق السياسة الروسية,3,2946,34.2950893867391
673640,AJD,خارج المنهج,2,1483,34.2886041807148
692168,Originals,الأسرة.. أسس التكوين ومعرقلات الاستقرار,12,3590,34.280408542247
809885,Originals,الحلم العربي.. النسخة الحقيقية,301,1675,34.2698467793921
723151,Other,القدس.. درب الآلام 1,162,2922,34.2571467200717
766065,Other,مسلسل الإمام.. على الجزيرة 360,38,166,34.2263792010146
626109,AJA,تعدد الزوجات.. تمكين أم قمع؟,4,4024,34.2258946322068
680996,AJA,مجزرة شفا عمرو: جرح لا يندمل,8,3014,34.2153284671533
665872,AJD,عقد التحولات السياسية,17,3135,34.2133408387278
770405,AJA,أحكام الميراث بين الثوابت والمتغيرات,23,3147,34.2120169657783
697158,AJD,نزيف الريف,2,2886,34.1995841995842
814210,Originals,إيران وجوارها العربي,289,2804,34.1775713390164
723018,Other,المد الهندي.. كيف اجتاح أميركا؟,2,540,34.1666666666667
753005,AJA,نفوذ اللوبي الصهيوني في أميركا,3,4363,34.1584536633815
658470,Other,محبس,14,1118,34.1170457449527
735655,AJD,أن تحلق بعيداً,6,5356,34.1143888473986
667687,AJD,ثالث الرحابنة - الجزء 1,305,2739,34.1094931140359
683566,AJA,لقاء سري في باريس,6,1498,34.0898976412995
765123,Originals,الحلقة الأولى: شكة دبوس,1235,1486,34.0864533214183
812656,Originals,العميل خاسر ابو شاباك ومستقبل دار المسنين العرب,273,2400,34.0738705738706
772329,AJA,بوتين يستهزئ بماكرون.. والشرع يتفق مع قسَد,5,1811,34.0695748205411
665913,AJA,أيتام غزة.. طفولة في مرمى البارود,2,2976,34.0557795698925
696345,AJA,الغداء الأخير.. اغتيال الرئيس الحمدي,6,3038,34.0465218345403
641005,AJA,أفلام الرعب,19,1336,34.0332492908919
831824,AJA,العلاقات الخارجية الإسبانية بعد صعود اليسار,1,2815,34.031971580817
658355,AJA,صدام حسين خلف القضبان,51,1625,34.0138763197587
683857,AJA,ثلاثي الموت - الجزء 2,2,2883,34.0097121054457
628293,AJA,الشاباك,3,2941,33.9907061090332
682896,AJA,سوريا.. جزء 1,20,1261,33.9690721649485
630742,AJD,رأس الصخرة,3,1404,33.9506172839506
714998,AJA,التدخين.. حرام أم مكروه؟,2,3735,33.9491298527443
630403,AJA,شرق الفرات,14,3179,33.9459848110367
629686,AJA,ولد الددو.. أسس صناعة العلماء,7,2855,33.9354515886915
764702,AJA,"""قتل الصحفيين.. ""جريمة حرب",1,1518,33.9262187088274
701041,Originals,حسين - لبنان,6,1569,33.9175695772254
754897,AJA,تنحي حسني مبارك عن الحكم,3,3103,33.9134171232141
793755,AJA,سرقة هويتك الرقمية,3,1337,33.9067564198454
628199,AJA,عباس وستيف وغلعاد,22,2976,33.8969330400782
629367,AJA,القوقعة.. عتمة السجون السورية,8,1498,33.8951935914553
741777,AJA,"إيلون ماسك ينافس ""تشات جي بي تي""",2,1348,33.8649851632048
809178,Atheer,أفارقة مكة,288,7185,33.8618263357303
631923,AJA,موريتانيا في عمقيها العربي والأفريقي,3,2968,33.8387241689128
707039,Other,ماذا تعرفون عن دمشق؟,3,1533,33.8334420526201
683183,AJA,خلفية فشل انقلابات متعاقبة في موريتانيا,3,2939,33.8323692866054
771022,AJA,العرب والاكتئاب,2,2882,33.8133240804996
724434,Other,"الهرم ""اتخرم""",3,1067,33.8019368947204
726927,AJA,العراق والسيادة المنقوصة,2,1506,33.7981407702523
778677,Originals,رفقاً بالمغترب,267,1457,33.7865245656382
722910,AJA,واشنطن - طهران.. آفاق التصعيد؟,3,3023,33.7854228691146
826748,AJA,سويسرا وقرار الحياد,3,1499,33.7780742717367
727989,AJA,"الهواتف ""الغبية"".. هل تصبح البديل الذكي في عصرنا؟",3,1140,33.7719298245614
658446,AJA,امرأة بريطانية بين المغاربة,3,1548,33.7639965546942
667443,Atheer,تاريخ الأندلس بين الحقيقة والتزوير,134,7233,33.7478926396636
678110,AJA,"أوضاع غزة في زمن ""كورونا""",1,3056,33.7369109947644
677633,AJA,أذربيجان.. أقدم معبد وأقدس مسجد,2,1452,33.7121212121212
684177,AJA,نزاهة الانتخابات البرلمانية الأردنية,3,2930,33.7087599544937
815820,AJA,الإطاحة,16,1608,33.6948072139303
638144,AJA,أفلام أبطالها لا یموتون أبدا!,9,1401,33.6902212705211
688451,Other,100 مليون دولار مقابل الضفة الغربية,3,1339,33.6569579288026
717047,AJD,الشعلة,8,4325,33.5867052023121
630539,AJA,ابن تيمية وفكر التشدد.. حقيقة أم افتراء؟,17,2918,33.5846470185058
724473,AJD,شيفرة البتراء - الجزء الثاني,3,2984,33.5679177837355
657816,AJA,عبد اللطيف عربيات.. همزة وصل الإسلاميين بالقصر,7,2864,33.5644453312051
759349,Other,الرئيس والملك,3,491,33.5369993211134
725188,AJA,"بعد جنوح ""كلويا جاس"".. تهديد للشعاب المرجانية",6,246,33.5365853658537
632100,AJA,جمال بن عمر.. سجين في الأمم المتحدة,10,2799,33.5226866738121
628212,AJA,زواج سفر إسرائيلي,22,2826,33.508653413112
724690,Other,انتهاكات الحرب ضد المدنيين في السودان,11,852,33.5040546308152
728442,AJA,"""لواء التوحيد"" السوري.. بداياته وأهدافه",1,1971,33.4855403348554
758926,AJD,الطغيان,359,3028,33.4765034239392
629482,AJA,عبقري الروبوتات الجزائري,4,1493,33.4728734092431
723217,AJA,القطيعة بين العراق والخليج العربي.. إلى متى؟,6,4219,33.4597455953227
711363,Atheer,مناضل في زمن الحلم الجميل,41,14078,33.4443293289305
752936,AJA,المولد النبوي,3,2886,33.4257334257334
781788,AJD,صدام حسين.. بين الأسطورة والواقع - الجزء 1,23251,2774,33.4243021759001
646017,Atheer,التراث الأندلسي في إسبانيا,199,7703,33.4092244945355
718276,Originals,إسطنبول: بداية الرحلة,55,1695,33.4030571198713
723227,AJA,الحوار العربي الأميركي,3,6152,33.3875162548765
825955,AJA,إسبانيا والعرب بين الأمس واليوم,3,4217,33.3807604141965
754903,AJA,أمن الدولة في مرمى النيران,3,2953,33.3784851563382
736081,Other,الفنتانيل.. هل تنتقم الصين من أميركا؟,3,927,33.3692916217188
830540,AJA,المعارضة العربية والرهان على الدعم الأميركي,3,2779,33.3573227779777
695998,Other,مفتي تنظيم القاعدة السابق.. قريبًا في ”مع تيسير“,77,170,33.353705118411
728358,Originals,حرية الاختيار,334,1953,33.3532627525287
800199,AJA,إسرائيل وتهديد السلام العالمي,3,4203,33.3491950194306
830539,AJA,الفضائيات الغنائية العربية.. ترفيه أم إلهاء؟,3,2663,33.3458505444987
840703,AJA,أشواك بين السطور,3,1561,33.3333333333333
779511,Other,الباطرش الحموي,3,503,33.3333333333333
685836,Other,حادثة مجدل شمس,3,483,33.3333333333333
627938,AJA,أوكرانيا.. تسليح يتزايد وحرب تتسع,3,2690,33.3333333333333
683011,AJA,عام من الجزيرة,10,4299,33.2844847638986
742754,AJA,توقفت نار غزة.. فهل يدخل نتنياهو السجن؟,3,1968,33.2825203252033
815752,AJA,الحركات الإسلامية بعد أحداث سبتمبر,12,4051,33.2675059656052
830517,AJA,برامج الإصلاح العربية.. سراب أم حقيقة؟,4,2859,33.2633788037775
842667,AJA,سياسة إريتريا تجاه الصومال,4,1537,33.2628497072219
631935,AJA,الأرض كيف ضاعت.. فلسطين ج2,16,2798,33.2536633309507
839684,AJA,روسيا ما بعد بوتين,4,1525,33.2459016393443
667812,AJD,الخليل تُقاوم,6,1496,33.2219251336898
677869,AJA,هولندا.. دولة الطواحين والقنوات المائية,7,1398,33.220927856121
720202,Originals,ليلي غرينبيرغ.. حين يتغلب المبدأ على المنصب,17,2964,33.1904421687703
764729,AJA,حرب المضائق,1,3001,33.188937020993
637990,AJA,"موقف ""النهضة"" من تزوير الانتخابات",3,2863,33.1819769472581
700985,AJA,الوحدة مع ليبيا والجزائر,6,2805,33.1610219845514
840957,Other,خيال أمـ ـجد؟.. قريبا على الجزيرة 360,2,95,33.1578947368421
703533,AJA,تكنولوجيا المنازل العائمة فوق البحار,2,1297,33.1534309946029
673647,AJD,قصة الحروب الصليبية,17,5189,33.147041819233
665254,Other,مثنى وثلاث ورباع,6,445,33.1460674157303
667293,AJA,أمير تاج السر.. سر الرواية,2,1510,33.1456953642384
630119,AJA,طبيب موريتاني.. جراح قلوب الفقراء,8,1418,33.1364598025388
630525,Other,الوحام,3,608,33.1140350877193
725410,AJA,السلطة الفلسطينية وانتصار المقاومة اللبنانية,4,5031,33.1097197376267
766954,Atheer,أزمة الرجولة في العالم العربي,50,8540,33.091569086651
683169,AJA,صنع الله إبراهيم.. المتمرد الهادئ,7,2741,33.0849012352113
630798,AJD,هواري بومدين.. ثائر يبني دولة.. الجزء 2,6,3216,33.0793946932007
760745,LIVE,اللبلابي.. طبق شتائي من البلاد العربية,2,1806,33.0564784053156
668260,AJA,ماذا تفعل إثيوبيا في الصومال؟,5,2936,33.0517711171662
630575,Other,وسائل التواصل الاجتماعي.. خطر يتربص بالشباب,3,411,33.0089213300892
667385,AJD,حوض آرغين,11,1519,33.0061643425699
671901,AJA,الإخوان المسلمون والثورة,14,2972,32.996058450298
657748,AJA,صراع الهوية,2,2885,32.9809358752166
665260,AJA,أيلول الأسود – الجزء الأول,37,2989,32.9704411671625
792388,AJA,قانون محاسبة سوريا والمواقف المتناقضة,4,3871,32.963058641178
691948,Other,الفراعنة في 1602 ثانية,12,1574,32.9521389241847
775102,AJA,تحديات العدالة الانتقالية في سوريا,3,3843,32.9516870500477
775458,Other,فتح الأندلس,37,389,32.9465712499132
722002,AJA,التيار الصدري وضغوط الخارج والداخل,2,1416,32.9449152542373
630139,AJD,الصدمة,69,3239,32.9279478815702
690206,AJD,الحكيم.. جورج حبش,13,3205,32.9053162126485
742799,AJA,رئيس وزراء قطر.. كواليس وقف إطلاق النار بغزة,34,1404,32.8934137757667
720176,AJA,الجولان.. شرعنة الاحتلال,2,3068,32.8878748370274
667875,Originals,مصادر الفهم الديني,29,2993,32.8767123287671
813605,AJA,الحب ومسالكه في الإسلام,2,4339,32.8762387646923
687669,Atheer,ما لا نعرفه عن فايز الدويري,127,13736,32.8704043401098
688724,Other,مقادير فخر العرب,3,778,32.8620394173093
696373,AJD,مداحون,1,3175,32.8503937007874
730944,AJA,ريتشارد بويد باريت.. نائب أيرلندي مقاوم للاحتلال,8,4948,32.8162894098626
684137,AJA,سد النهضة والمفاوضات المتعثرة,2,1466,32.8103683492497
626220,AJA,المعاملات المالية.. ضوابطها العملية والشرعية,1,2957,32.8035170781197
697231,AJA,غزة.. البحث عن حياة,71,3748,32.7836818133991
667388,AJD,مغارة جعيتا,32,1606,32.7521793275218
775327,AJA,حاكم في المحكمة,2,5319,32.7223162248543
665934,AJA,فصائل فلسطينية تحت راية واحدة,19,3004,32.7107716027752
640995,AJA,السفر عبر الزمن,13,1359,32.7107035716307
631136,AJA,الموساد.. تاريخ العملاء والاغتيالات والاختراقات,19,2856,32.703081232493
823632,AJA,سيرغي لافروف.. موقف روسيا من حركة حماس,3,1159,32.7006039689387
657975,Originals,المقياس,5,714,32.6890756302521
630598,AJD,سارة خاتون.. العراق - بغداد,3,824,32.6860841423948
683018,AJA,الدين والعلمانية,25,5812,32.6538196834136
630442,AJA,عبد الكريم عبد القادر.. صوت الكويت الجريح,1,2885,32.6516464471404
780028,Atheer,الأنوثة وعمل المرأة,169,9175,32.6404075907325
629844,AJA,نساء في الزنزانة - الجزء 1,3,1333,32.6331582895724
806308,AJA,أربعة أعوام على انتفاضة الأقصى,2,4133,32.615533510767
734036,Other,البحث عن سفينة نوح,10,1221,32.6044226044226
676625,AJA,التهديد التقني - الجزء 1,1,1417,32.6040931545519
629903,AJA,السودان وآفاق التسوية,5,2985,32.5963149078727
667207,Atheer,فيصل القاسم وراء كواليس الاتجاه المعاكس,205,11072,32.5768803750176
687077,AJA,الروبوت الجراحي.. خيال علمي أصبح حقيقة,4,1459,32.5736806031528
665297,AJA,صفحات من تاريخ الاستعمار البريطاني للعراق,1,1551,32.5596389426177
630567,AJA,إسقاط الرموز الدينية: دوافع وسبل,16,2942,32.5501359619307
765981,LIVE,الحلقة الأولى - فتح طنجة,965,2642,32.4981859401537
631063,AJA,الرحلة 1103,401,3073,32.4979123944126
629174,AJA,حرب أكتوبر.. نذر العاصفة,13,2854,32.49150989165
802489,AJA,مجزرة أسطول الحرية.. هل إسرائيل في مأزق؟,4,2871,32.488679902473
683586,AJA,ليبيا.. الاستقلال والثورة والفوضى,5,2869,32.4782154060648
730941,Originals,ملخص الرحلة,55,1973,32.4637146938211
781764,AJA,عيد غزة مجاعة وإبادة,9,1690,32.4391847468771
760036,Originals,يوميات مقاتل من أوكرانيا,50,2667,32.4326959130109
677881,AJA,قطرات دم ترامب.. وشلالات دم غزة,3,1988,32.4279007377599
696354,AJA,البحث عن جلادي الأسد,4,2912,32.4089972527473
817943,AJA,ألمانيا والإسلام والربيع العربي,5,1480,32.3918918918919
840721,Atheer,كيف تعامل النظام مع شبكة العلماء في سوريا؟,214,12212,32.3897361565612
845094,Originals,الاكتئاب,3517,2096,32.3764398439857
667412,AJD,حسن الترابي.. جدلية الفكر والسياسة - الجزء 1,39,3304,32.3508412491463
834218,AJA,تلوث المياه الجوفية في بنغلاديش,2,1178,32.3429541595925
657804,AJA,ملفات مصرية,5,4469,32.3428059968673
630298,Other,كيف تتنفس بطريقة صحيحة؟,1,430,32.3255813953488
793129,Atheer,قلم مهاجر ينهل من محبرة الوطن,112,17051,32.3192711780625
769176,Atheer,أحمد فاخوري,105,11598,32.314931145764
683204,AJA,النشأة ومراحل الدراسة,10,2817,32.3109691160809
673632,AJD,مارادونا ونابولي.. المتمرد الذي نحب,5,3120,32.3076923076923
630395,AJA,أموال سرت,15,2708,32.3018217626785
658452,AJA,أجانب يناهضون سردية الاحتلال الإسرائيلي,15,1498,32.2919448153093
627916,AJA,مسلمو الفلبين.. صراع مستمر واتفاق صعب,9,1763,32.2808344362513
629411,AJA,سعدية مفرّح.. شعر في شارع الصحافة,2,1550,32.258064516129
678234,AJA,الربيع العربي بين الحرية والدمار,8,2884,32.255547850208
684317,AJA,سنوات أوباما - الجزء 4,12,2926,32.2425381635908
758922,AJD,الشيخ محمد رشاد الشريف - فلسطين,1,906,32.2295805739514
668157,AJA,غزة.. الشرايين المقطوعة,24,2874,32.2083043377407
668236,AJD,موت في الساقية,41,3260,32.20409995511
815182,AJA,الصومال واحتمالات المستقبل المفتوحة,7,762,32.1897262842145
677623,AJA,فنون حول العالم,5,1443,32.1552321552322
696432,AJD,إيراسموس.. يوميات من غزة,34,5312,32.1480776045358
696356,AJA,لغز المحارب 88,7,2993,32.1464369242518
683129,AJA,عائلة الحسيني.. اجتياح جنوب لبنان,1,2744,32.1428571428571
692914,AJA,أحلام عائمة,18,3208,32.1418675533389
695057,AJD,جمهورية نفسي,15,3046,32.1251915079886
657771,AJA,في سبيل استقلال المغرب,6,2876,32.1047751506722
825657,Originals,الشباب والتفكير الإيجابي,227,2907,32.1000956221425
846779,AJA,جيل مانسرون.. مؤرخ فرنسي مناهض للاستعمار,873,5546,32.0795066483424
627860,AJA,انتفاضة الأقصى.. أي دور لحكام المسلمين؟,11,3821,32.0739454212367
657823,Atheer,لماذا رفض خطيب الأقصى الصلاة بالناس في النكسة؟,21,7555,32.0506759950837
628709,AJA,الثورة العرابية.. ميدان عرابي ج1,10,2739,32.0408908360716
698011,AJA,مقتل عرفات ج1,26,3053,32.0290256746202
682988,AJA,فيلم ناصر 56.. حقائق أم افتراءات؟,3,3774,32.0261437908497
700682,Atheer,من الخليج إلى غزة,61,7790,32.0149834802921
668185,AJD,قرى غارقة,8,3297,32.010160752199
667407,AJA,هالا محمد,3,1353,32.0029563932003
845800,AJA,اللحظات الأخيرة قبل استشهاد أنس الشريف وزملائه,707,3352,31.9973213652767
629387,AJA,الحوثي يهاجم الإمارات والسفارة الأميركية تحذر,3,1510,31.9867549668874
686281,AJA,انفجار مرفأ بيروت.. كيف وثقه الصحفيون؟,35,1495,31.9847109412327
780542,Other,أداة ذكاء اصطناعي ثورية,8,1140,31.984649122807
630235,AJA,المعادلة الصعبة,34,2765,31.9646846080204
667380,AJA,منعطفات الدراما السورية,3,1500,31.9555555555556
767854,LIVE,الحلقة الأولى– انتقال القسام إلى فلسطين,987,3327,31.9504931710676
733021,AJA,من عالم الحواسيب إلى صناعة اللقاحات,1,961,31.945889698231
753525,AJA,الطب النبوي.. العلاج بالغذاء,2,3832,31.9415448851775
631512,AJA,سقوط في حرم السفارة,1098,3039,31.9337081810177
690212,AJD,الجزائر: السبيبة.. فرح الصحراء,7,2842,31.9191716095305
683084,AJA,سويسرا.. الشعب المسلح,3,2884,31.911696717522
668256,AJA,ديكور من وحي الطبيعة,1,1508,31.8965517241379
818666,AJA,وفيق السامرائي.. أسرار الاستخبارات العراقية,4,2828,31.8953323903819
848218,Originals,المواطنة والهوية,3306,3581,31.8929238183712
719661,Originals,اليمن,150,1992,31.8744979919679
657899,AJA,حوار في الشأن الجاري,3,3162,31.8574741724647
672549,Originals,مستشفى الشفاء.. جرائم مدفونة,2916,2754,31.8115911710414
641018,AJA,كيف سينتهي العالم؟,8,1481,31.7943956785955
665905,AJA,مقاومة غزة.. عندما لا تسقط الراية,4,3182,31.7881835323696
670742,Originals,يوميات مقاتل من غزة,542,2336,31.7825753171915
727567,AJA,حصاد الاتجاه المعاكس 2007,5,2807,31.7705735660848
723206,Other,مراجعة لمسلسلات رمضان 2024,4,809,31.7676143386897
730203,Other,سقوط الأسد,4,462,31.7640692640693
629960,AJA,اللغز 1111,1,1515,31.7491749174918
629590,AJA,أردني أستاذا للروبوتكس في أستراليا,1,1408,31.7471590909091
728374,AJA,مستقبل الصراع وآفاقه المحتملة,1,3203,31.7202622541367
839774,AJA,المختار ولد داداه.. مؤسس دولة موريتانيا,10,3030,31.7128712871287
632034,AJA,رقمنة مكتبة نيويورك العامة,1,1394,31.7073170731707
713209,Originals,جيل ستاين.. ورفض الدعم الأميركي لإسرائيل,7,2376,31.7039442039442
630147,AJA,عبد الله النفيسي.. ذكريات مفكر وأكاديمي,17,3026,31.6861708331713
686974,AJA,15 عاما على تأسيس مجلس التعاون الخليجي,78,3568,31.6671697136944
754232,AJA,حرب لبنان.. الأبعاد والتداعيات,4,2832,31.6295903954802
665281,AJA,الجذور - 1,5,2881,31.6279069767442
683802,AJA,أزمة سد النهضة وتحديات الملء الثاني,2,2980,31.6275167785235
741092,Other,الأسعار في 2025,5,1434,31.5760111576011
752960,AJA,الشريعة والحياة.. 10 أعوام على انطلاقته,7,2777,31.5705540408457
704082,AJA,طالب أمريكي مهدد بالفصل لرفضه حرب غزة,75,803,31.5666251556662
642259,AJA,عرب فنزويلا.. الرحلة,10,2904,31.5495867768595
842688,Originals,تربية الأبناء,1444,2916,31.5487386432293
723216,AJA,الوجود الأميركي في دول الخليج,5,6049,31.5424037030914
630844,Other,الساعة الحيوية.. دورها وتأثيرها في الجسم,4,665,31.5413533834586
629303,AJA,شجاعة الجنرال حفتر!,1,1503,31.5369261477046
695047,AJA,فلسطين 1920,8,3011,31.5219196280306
806441,AJA,نظرية المؤامرة.. بين التهويل والتهوين,55,3624,31.5026088701585
629847,AJA,العاملات بالقطاع الطبي في مواجهة كورونا,1,1489,31.4976494291471
683856,AJA,ثلاثي الموت - الجزء 1,13,2523,31.4948626482515
696353,AJA,عملية الكرامة.. تآكل منظومة,2,2755,31.4882032667877
627843,AJA,جدل الدين والعقل: ابن تيمية وابن خلدون,12,5542,31.4853241910261
738464,Atheer,ملفات الخارجية الليبية المعقدة,48,8209,31.4733321151582
849302,AJD,الطلبة والسياسة- الكويت,8,3078,31.4652371669916
640930,AJA,السينما والأدب,15,1504,31.4539007092199
641114,AJD,كيغالي.. شاهدة على الإبادة الجماعية,23,1574,31.4347273631291
775061,AJD,آثار مسلمي صقلية,4,3246,31.4232902033272
667781,AJD,أبطال الماء,4,2621,31.4002289202594
736985,AJD,بدايات الدولة الفاطمية ونهاياتها,13,3000,31.3948717948718
665324,AJA,عود على بدء  (الأخيرة),5,1633,31.3778322106552
688786,AJD,السينما الإيرانية: الروح المجهولة - الجزء 1,9,3167,31.3686278637336
728409,AJA,12 عاما على وجود حماس,4,5625,31.3466666666667
630455,AJA,ألكسندر دوغين.. التغيير والأسس الأخلاقية,9,2987,31.3246289476621
629828,AJA,صناع اللقاح وتجار الأوبئة,211,3197,31.324538555844
851727,AJA,وعود دولية بالاعتراف بالدولة الفلسطينية,287,1530,31.3040012753069
818006,AJA,يترقبون الحرب برغم المفاوضات,11,3037,31.3018229712336
769669,AJA,البناء,7,2698,31.2506618659324
657778,AJA,الاعتقال,36,3082,31.236931285601
790731,Atheer,تحصين الشباب من الإلحاد والعدمية,183,8983,31.2186528409157
763857,AJA,شارع الحمرا.. ملتقى السياسيين والمثقفين,3,1429,31.2106368089573
752612,AJD,تلك الإسكندرية,5,4621,31.2010387362043
703916,Atheer,الصلابي بين دهاليز التاريخ والسياسة,145,18035,31.1778820875118
683004,AJA,الصحراء الغربية بين المغرب والبوليساريو,13,4448,31.1635307138904
628539,AJA,هل ينجح نفوذ إسرائيل في ملف خاشقجي؟,1,3001,31.1562812395868
667338,AJA,أبو ذر وسعي للشهادة,18,2751,31.1543277192132
652632,Atheer,رحلة قرآنية من جزر أندونيسيا إلى الدوحة,21,3751,31.1485191250587
770084,Atheer,كيف ربّى النبي ﷺ أصحابه؟,48,7899,31.1273578934042
657785,AJA,أصداء الرمال.. أحمد ولد عبد القادر,1,2802,31.1206281227694
833030,AJA,"شعار ""الأسد أو نحرق البلد"".. هل طُبّق؟",2,2937,31.1201906707525
729563,Originals,أحمد - في انتظار الحرية,5,1809,31.1111111111111
825944,AJA,آفاق الإصلاح في سوريا,4,5442,31.1006982726939
667342,AJA,فنزويلا.. السكان الأصليون,9,2947,31.0673754854277
723218,AJA,واقع المرأة العربية,10,4564,31.0517090271691
826325,Other,إيران: إرث الثورة,195,2705,31.0272524764207
840132,AJA,حجاب الفنانات,1,2412,31.0116086235489
690708,AJA,عبر باب المندب,12,2989,30.9718969555035
657755,AJA,النكبة.. حق يأبى النسيان - الجزء 1,10,3167,30.9662140827281
683836,AJA,حافظ إبراهيم.. لماذا لُقّب بشاعر النيل؟,1,1476,30.9620596205962
805862,AJD,أم المساكين آنا موليل- تنزانيا,19,1799,30.9528685527047
667202,Atheer,إسرائيل و علم النفس .. احتلال من دواخلنا,34,7075,30.9420078985658
673619,Originals,أميركي يقاتل في صفوف روسيا,29,3359,30.9143731200788
703641,AJA,تكنولوجيا قراءة الأفكار,1,1178,30.8998302207131
758664,AJA,أفضل حواسيب الألعاب لعام 2025,7,1219,30.8801125043947
629357,AJA,الحريق.. باب سويقة,20,3029,30.878177616375
657710,AJA,محارب الطائفية السياسية والفساد بلبنان,4,2935,30.8688245315162
652630,Originals,الميراث,4,3378,30.8318531675548
683303,AJA,جرائم الصرب ضد مسلمي البوسنة,8,3024,30.8159722222222
766547,AJD,الخليل بن أحمد الفراهيدي.. عبقري اللغة,5,1618,30.8158220024722
697298,Originals,باسم نعيم... رؤيته حول السابع من أكتوبر,35,3272,30.8085923856095
632004,AJA,مفاتيح التغلب على الفتور الجنسي,4,3826,30.79587036069
743710,AJA,حماس تشارك في الانتخابات البرلمانية,4,2763,30.7636626854868
683639,AJA,الكويت بذكريات فلسطينية,1,2971,30.7303938067991
721977,AJA,العراقيون في مواجهة القوات الأميركية,12,2437,30.7174121187252
668307,AJA,أغاني التراث السورية بقالب جديد,7,708,30.7102502017756
852156,Other,852156,89,1293,30.690754885859
667776,Originals,أفكار الكوميديا,695,2441,30.6575026746321
638147,AJA,الأبطال الخارقين,124,1412,30.6485881385361
788127,AJA,التنوع الطائفي في سوريا.. التحديات والفرص,9,3834,30.6468440271257
646267,Atheer,غسان أبو ستّة.. طبيب الحروب الشاهد على أحداث غزة,34,4696,30.6193005311153
683853,AJA,الكاتب الذي فضح أباه,1,1457,30.6108442004118
688694,AJD,السينما السودانية.. شاشة عرض فارغة,4,3142,30.6015276893698
823284,Other,أم سورية مكلومة تنتظر جوابًا!,53,707,30.5836513570495
683877,AJA,البهاء زهير.. شاعر الحياة والمجتمع,5,1364,30.5718475073314
629591,AJA,عالم مصري يبرع بالحواسيب العملاقة,8,1428,30.5584733893557
692156,Other,سفاح الجيزة ودراما السفاحين,5,781,30.550576184379
754690,Other,هل ظهر الملثم؟,25,629,30.550079491256
626085,AJA,القرب من الله.. علاماته وآثاره,5,2946,30.5431093007468
678084,AJA,أحداث رابعة العدوية ومحاسبة المسؤولين,15,3012,30.5378486055777
631959,AJA,الجامع الأموي في دمشق.. معالم وتاريخ,4,1432,30.534217877095
812625,AJA,إيران.. البرنامج النووي والروح الوطنية,63,3063,30.5074908404977
629094,AJA,الأخطاء الطبية في العالم العربي,3,2865,30.4944735311227
839929,AJA,حرب التجويع تطال الصحفيين في غزة,387,2093,30.4815732520485
795478,AJA,شيرين.. اللقاء الأخير,8,1048,30.474713740458
837195,Other,أثر الجوع في الإنسان.. غزة نموذجًا,338,2165,30.4379791464531
683233,AJA,"الجيش الجزائري ""مستعد"" لدخول غزة",8,1630,30.4371165644172
629894,AJA,الإخوة الأعداء.. الجزء 1,82,3071,30.4322100531328
683583,AJA,الدعم العراقي للمعارضة الليبية,5,2987,30.4318714429193
776763,AJA,كيف نحمي شبابنا من التغريب والفتن؟,7,3356,30.4316363017197
629559,AJA,الفضاء المغلق,60,3108,30.4236379236379
830521,AJA,العولمة وأبعاد الدور الأميركي,4,2956,30.4211772665765
669332,Other,بين اللغات.. الإسبرانتو لغة سلام أم حرب؟,4,933,30.4126473740622
778227,AJD,مصر تملك القناة,206,2658,30.3945955423086
814489,AJA,قمة الخرطوم والقضايا العربية,14,2979,30.391310602791
743666,Other,ماذا بعد وقف إطلاق النار في غزة وسقوط الأسد؟,9,1035,30.3811057434246
714997,AJA,تداعيات 11 سبتمبر: مزاعم تجنيد مسلمين للتجسس,1,2891,30.3701141473539
657850,AJA,نشطاء أجانب يدعمون السلام في فلسطين,5,1464,30.3688524590164
760415,AJD,من المحنة إلى العالمية,4,2908,30.3645116918845
629421,AJA,مصري يحوّل تخصصه لإنقاذ زوجته من السرطان,1,1479,30.3583502366464
815753,AJA,عام على الغزو الأميركي لأفغانستان,6,3859,30.357605597305
629805,AJA,حدكا.. عودة البندقية,24,2901,30.3243134551304
629821,AJA,الأندلس.. الإرث الحي,24,3046,30.3184504267892
767043,Other,نهاية الدولار تقترب؟,6,953,30.2903112976565
667112,AJA,ليبيا.. ثلاثية القبيلة والإسلام والدولة,2,1608,30.2860696517413
819091,AJD,مناضلة الجزائر زُهرة ظريف,5,3238,30.284126003706
765072,AJD,ياقوت الحموي.. الجغرافي الأديب,226,1533,30.2723562452014
628757,AJA,نحن معك.. دعم الصحة النفسية,2,1514,30.2509907529723
753528,AJA,التدرب على قيادة أحدث الطائرات,17,3062,30.2474353555923
629862,AJA,الأردن والخليج والحرب على الكبتاغون,3,2872,30.2344475394615
693718,AJA,رؤية حسن نصر الله لمستقبل المنطقة,28,4990,30.2218723160607
684278,AJA,استكشاف قصر جورج تاون وجزيرة لانكاوي,17,1520,30.2205882352941
683154,AJA,صنع الله إبراهيم.. سيرة ملاحقة واعتقال,101,2772,30.2130213021302
627364,AJD,أحفاد كريت,7,2934,30.2122894147434
850513,Atheer,هل من لاعب عربي في الشرق الأوسط الجديد؟,1220,17342,30.2033299239409
750529,AJA,"""ناطوري كارتا"".. حركة يهودية ضد الصهيونية",4,4188,30.1993791786055
773393,LIVE,الجثامين المنسية,9,2026,30.1963365142042
703594,AJA,بساط التيه,55,3043,30.1837301705852
630354,AJA,كأس العالم قطر وجدل القيم الثقافية والحضارية,8,3029,30.1749752393529
777272,Atheer,كيف تكون المرأة ملهمة؟,223,8062,30.1729978318258
823324,Originals,دراكولا,582,1704,30.1665375990191
843785,AJA,صحفيو الجزيرة بين نيران إسرائيل والعجز الدولي,391,3089,30.1594056626972
764266,AJA,نهاية يوغسلافيا,5,1548,30.1421188630491
844708,AJA,دعوة من خلف القضبان لتوحيد الصف الفلسطيني,50,2926,30.1353383458647
842672,AJA,الترابي والعلاقة الشائكة بالبشير,5,5283,30.1154646980882
689180,Other,روسيا بين فكي الدولار ونظام الدفع,4,1248,30.088141025641
825912,AJA,أزمة دارفور.. جذور الصراع,13,1436,30.08356545961
626173,AJA,الاحتياجات المهملة لذوي الإعاقة,1,4195,30.0834326579261
683874,AJA,الإسلاميون في الحكم والدروس المستفادة,8,3007,30.079813767875
851673,Other,"برومو - شو قالوا بالعبري - اغتيال ""أبو عبيدة""؟",1213,22,30.0794424042569
815167,AJA,أذربيجان والسلام المفقود مع أرمينيا,5,1410,30.0709219858156
665318,AJA,اليمن.. مسار الوحدة,4,2940,30.0680272108844
760788,AJD,الأعوام الثقافية.. إندونيسيا,6,3136,30.0648384353742
630969,AJA,"الوحدة والاتحاد.. ""وادي النيل"" التاج المرفوض",1,2798,30.0571837026447
678138,AJA,"مسيرة ""شاهد على العصر"" خلال 20 عاما",25,3016,30.0570291777188
628076,AJA,معروف سعد,38,2899,30.0257802145931
629075,AJA,تأسيس دولة إسرائيل.. حلم الوطن اليهودي,57,2728,30.0232803416165
749415,Atheer,سير وأقدار,97,10995,30.0022972016334
767656,AJA,محمد بوزداغ.. عرّاب المسلسلات التاريخية التركية,18,4449,29.9905097275293
667845,AJD,رسائل كنفاني,33,3203,29.9586561840699
630164,Other,هل اكتشف تسلا طاقة بلا حدود؟,7,917,29.9579373734227
628138,AJA,الخوارج.. بين الدين والتاريخ والسياسة,1,2858,29.9510146955913
683021,AJA,الإسلاميون والمشاركة السياسية,17,6075,29.9365770999758
769734,AJA,جذور الكراهية الغربية للإسلام,7,3425,29.9103232533889
814497,AJA,التدخل العسكري الإثيوبي في الصومال,5,1294,29.9072642967542
657712,AJA,من جندي سابق لرئاسة لبنان - الجزء 2,2,2602,29.9000768639508
667147,AJA,تنظيم القاعدة.. محاولة للفهم,8,1639,29.8733984136669
777463,AJA,خالد البوسعيدي.. نهضة السلطنة الرياضية,27,3027,29.8486461353987
811899,AJA,صناعة التفاهة,69,5023,29.8461858061612
753560,AJA,واقع الإفتاء.. إرشاد ديني أم توظيف سياسي؟,8,3097,29.8393606716177
695443,Originals,المقاومة,16,3187,29.8380138060872
775928,AJA,فرنسا تعمل للحرب مع روسيا وكأنها تندلع غداً,4,1742,29.8220436280138
629639,AJA,مهاتير محمد.. رجل النهضة,17,2887,29.8213085026182
787009,AJA,أزمات السودان الداخلية ومبادرات الحل,2,2417,29.809681423252
765986,LIVE,الحلقة الأولى - جابر شهيدًا في سبيل قريته,198,2764,29.805654226783
814479,AJA,فرنسا في منطقة الخليج من بوابة العراق,19,1363,29.7988183959532
629831,AJA,المرأة العربية في مواجهة البطالة,4,1324,29.7960725075529
756710,Originals,خطة الأوهام,71,1695,29.7843699364328
718988,AJA,أركان التوبة في الإسلام,3,3800,29.780701754386
771000,AJA,منهاج الحياة.. بين اتباع الشرع واتباع الهوى,11,3309,29.7645539712629
667805,AJD,ذاكرة السينما,27,3048,29.7632934772042
721909,Other,كيف تشوّه هوليود صورة العرب والمسلمين؟,2,563,29.7513321492007
798856,AJD,1- الخوذة والعمامة,7,3144,29.7437295528899
785106,AJA,سقوط بغداد,13,1530,29.7435897435897
683225,AJA,هنية.. شهيدا في طهران,21,1993,29.7206890784412
833848,AJA,فساد باسم الدين,1,1427,29.7126839523476
773707,AJA,المخططات الإسرائيلية لتهويد القدس والأقصى,7,2830,29.7021706208985
678380,AJA,الانسحاب من غزة مقابل التطبيع,1,2972,29.6769851951548
694701,AJA,جدل التنوير,2,696,29.6695402298851
742254,Atheer,"""بي دي إس"".. حركة تحاصر إسرائيل",114,7439,29.6632493992071
734938,AJA,هل يشهد العالم العربي انتفاضة جياع؟,1,2758,29.6591733139956
686317,AJA,"""الصوفية والسياسة في مصر"".. المريد والسلطة",1,651,29.6466973886329
667336,AJA,حديقة أميركا الخلفية,15,1422,29.634317862166
840709,AJA,المتنبي.. مالئ الدنيا وشاغل الناس - الجزء 1,1,1422,29.606188466948
826714,AJA,خزاعة.. الكارثة والبطولة,1,2706,29.6008869179601
842245,AJA,روائي سوداني يحقق انتشارا عالميا,772,3554,29.5761034053435
667774,AJA,وطن جريح,2,3037,29.5357260454396
627366,AJD,أصوات من الظل,1,3124,29.5134443021767
641011,AJA,السينما بالألوان,7,1482,29.5064584538269
725146,AJA,هل أصبحت الحرب العالمية الثالثة على الأبواب؟,79,2972,29.496396749408
841093,AJA,محمود درويش,1077,3023,29.4930140971217
627995,AJA,الأخ الكبير- الجزء 1,16,2525,29.4752475247525
629988,AJA,العالم العراقي يصبح أبًا للنفط النرويجي,1,1432,29.4692737430168
630545,AJD,الاشتراكية طريق النصر,365,3161,29.465965772926
716669,AJD,أوضاع البلقان,8,1802,29.453385127636
630399,AJA,محمود درويش.. الغائب الحاضر,32,1388,29.4533501440922
668336,AJA,هل تنجح رؤية ساركوزي للشراكة الأورومتوسطية؟,7,2769,29.427849146159
833482,AJD,رأفت الميهي: قليل من الواقع.. كثير من الخيال,385,3155,29.4134645069669
629358,AJA,العساكر.. حكايات التجنيد الإجباري في مصر,92,3119,29.4098582321536
839237,Originals,خطوط حمراء,1938,2880,29.4074826568054
770983,Originals,الأحلام والخرافات,76,2416,29.4021218194493
758919,AJD,الشيخ سيد النقشبندي - مصر,2,776,29.3814432989691
627877,AJA,الأزمات في مصر وسوريا ومواضيع فقهية,1,2887,29.3730516106685
630169,AJA,حديث الجنود.. تاريخ مسكوت عنه,6,1384,29.371387283237
706404,Other,موظفون بائسون,32,2501,29.3495101959216
688799,AJD,دربي الأردن,1,3002,29.3471019320453
695910,Other,عملية المغازي.. الضربة المُركبة,9,170,29.3464052287582
775371,AJA,سيَـر الأعلام في علم تجويد القرآن,20,3302,29.3291944276196
628838,AJA,القيصر,1,2762,29.3265749456915
833004,AJA,الإستراتيجية العسكرية لطالبان,7,1598,29.313427498659
805971,AJD,سائق الزلاجات,304,3005,29.3009457921009
678228,AJA,أسباب فشل الربيع العربي,5,2832,29.3008474576271
738668,AJD,الحصان العربي.. هدية الصحراء الأصيلة,7,5059,29.2773840115212
631031,AJA,الغرب وجدل الحجاب,4,2825,29.2743362831858
770371,AJA,حماس بين الميثاق والوثيقة,2,2996,29.2056074766355
631145,AJA,طرابلس.. طين الله وأصابع العباد,1,1541,29.2018170019468
627527,AJD,عروس في الانتظار,2,2913,29.1967044284243
849761,Originals,"""لازانيا"" ضد التطبيع و""إيهود"" على الحدود",9,2201,29.1685597455702
683801,AJA,القضية الفلسطينية.. والتغيرات في الموقف الأميركي,2,2966,29.130141604855
691020,Other,”أحلام عائمة“.. يُعرض اليوم,1,79,29.1139240506329
766875,AJD,الجنرال,19,3341,29.1056884954079
821485,AJA,كامب ديفيد وعملية السلام,3,5520,29.1002415458937
685824,AJA,اقتحامات اليهود للمسجد الأقصى,1,2963,29.0921363482956
815721,AJA,معاداة السامية,17,1611,29.0904443714171
684284,Other,هكذا سرق الصهاينة منزل عائلتي خلال النكبة,8,463,29.0766738660907
639861,Atheer,حرب غزة وانهيار صورة الغرب المتفوق حضاريًا,7,2906,29.0679382558254
764832,Atheer,من الألف إلى الياء: كل ما تريد معرفته عن إيران,117,20328,29.0579790579791
684329,Originals,يوميات مقاتل من سوريا,66,2017,29.0515467015219
628120,AJA,وحدة بن لادن الاستخباراتية,267,4450,29.0265538862938
728370,AJA,العام الأول.. عام المظاهرات,32,3257,28.9942815474363
696316,AJA,معركة امتلاك الأرض,42,2326,28.9921385579167
642257,AJA,عرب فنزويلا.. بعد الرحلة,29,2840,28.9460903351141
631113,AJA,الجزائر.. صادق سلام.. قابلية الاستعمار للتفكيك,1,1420,28.943661971831
808846,AJA,غزة بين مخطط التهجير القسري والتجويع الممنهج,17,2393,28.9225928566161
760744,AJA,كاسترو,172,3015,28.9189710362914
658415,AJA,إعلام آخر,4,1611,28.895096213532
665322,AJA,الجزائر.. حرب التحرير,11,2983,28.8666077469296
719629,AJA,تنظيم الدولة.. أفول أم كمون؟,4,2998,28.8525683789193
828219,Atheer,هيروشيما الجزائرية: الملف الأسود للنووي الفرنسي,509,5117,28.8419548383158
831388,Originals,الطبيب الأخير,6835,2753,28.8382348603678
628058,AJA,عالم فضاء مصري في ناسا,16,1598,28.8290050062578
848292,Originals,الإيمان والاختلاف,314,2631,28.7758402389927
629634,AJA,مدارس التعذيب,25,2945,28.7402376910017
625937,AJD,بيسان,43,2852,28.7313676245148
728364,Originals,الوظيفة والموظفين,185,2224,28.7130565817616
667331,AJA,احتفاء باللغة,3,1549,28.7066924897784
683206,AJA,النكسة وظروف رئاسة السادات,20,2847,28.6828240252898
736964,Originals,الصوابية السياسية في السينما,43,704,28.6799682875264
806315,AJA,الليبراليون الجدد وموقفهم من مقاومة الاحتلال,5,4123,28.6587436332767
766529,AJD,فارس منبر الدفاع عن المسجد الأقصى,16,3006,28.646872920825
833031,AJA,حركات المقاومة.. إلى أين؟,8,2898,28.6404416839199
629752,AJA,مدن الملح.. تحولات دول النفط,2,1456,28.6401098901099
754985,AJD,من أحرق مدينتي؟,7,2606,28.6372108321456
655518,AJA,أزمة المعارضة السورية ومستقبل الثورة,2,2902,28.618194348725
667137,AJA,النشاط الفكري الإسلامي في القرن العشرين,3,1538,28.6085825747724
658456,AJA,رحلة إلى مصر.. محاولة لفهم الشرق,11,1608,28.59565807327
837582,AJA,الاستقالة من الحكومة,7,2696,28.5873251377702
788205,AJA,شراء هاتف مستعمل: صفقة ذكية أم فخ مغر؟,5,1223,28.585445625511
627974,AJA,أرشيف متروخين.. لماذا نُشر على الملأ؟,25,2993,28.5840294019379
628962,AJA,مستشفى الشفاء,4,2915,28.5763293310463
800769,AJA,خيمة أم كامل الكرد,126,3034,28.5489322074688
760742,AJA,قوات سوريا الديمقراطية,3,3127,28.5150836797783
697815,AJA,حي الشيخ جراح,5,3001,28.5104965011663
825898,AJA,سيرغي لافروف.. روسيا وملفات الشرق الأوسط,4,977,28.4800409416581
630925,AJA,المسيّرات وحروب المستقبل,1,2950,28.4745762711864
630219,AJA,عبد الواحد الوكيل.. فن العمارة,14,2871,28.4719112305319
803214,AJA,غزو العراق بين الاستعمار وخلاص البلاد,14,4190,28.4486873508353
629660,AJA,وحدة اليمن.. الاختيار الصعب,22,3086,28.4157190832499
687016,AJA,واقع الأعمال الريادية في  السودان,1,1461,28.4052019164955
629824,AJA,رسائل سيتا.. الجزء 1,10,2899,28.3822007588824
851725,AJA,واشنطن تعلق تأشيرات الفلسطينيين,20,209,28.3732057416268
730180,AJA,شهادة الإخوان على أحداث حماة الثانية,4,2662,28.3715251690458
839838,AJA,مخططات تهويد القدس,85,2824,28.3531911348109
667375,AJD,فلسطين - الجزء 2,8,1745,28.323782234957
630042,AJA,ولايات الخوف,7,2726,28.2936799077665
637920,AJA,نشأة كتائب عز الدين القسام,30,2625,28.2844444444444
683227,AJA,الموقف من الوحدة المصرية السورية,9,3040,28.2785087719298
737291,AJD,زنجبار.. الحكاية المنسية,24,4710,28.2599079971691
826734,AJA,المسرح السياسي في الدول العربية,5,4837,28.2530494107918
713698,AJA,هل باتت إسرائيل تخشى على وجودها أم أنها باقية وتتمدد؟,319,3187,28.2507404197893
639862,Originals,خلف الأبواب المغلقة - الجزء 1,341,1678,28.2239714224796
630958,AJD,فستان العروس,25,3148,28.2045743329098
631085,AJA,السكري.. القاتل الصامت,5,2941,28.1400884053043
760698,AJA,معالم المتحف الحربي في اليمن وتاريخه,13,1395,28.1334436173146
840076,AJD,الولد الشقي,871,3088,28.1299262951881
630162,Other,هل زار الفضائيون الأرض؟,6,911,28.1192828393707
683273,AJA,خطة انقلاب بومدين,2,3014,28.085600530856
691699,AJA,الكسب.. نظام العالم,1,2863,28.0824310164163
657766,AJD,الموضة,4,1588,28.0698992443325
741742,Other,ما قصة نستلة؟,3,968,28.064738292011
630822,Other,إستراتيجية البيع الفعال.. بيع الورد,2,686,28.0612244897959
802935,AJA,حملة إسرائيلية لإيقاف الانتفاضة الفلسطينية,4,5669,28.0605044981478
629864,AJA,إعادة اللاجئين السوريين والتقارب بين أنقرة ودمشق,5,2987,28.0482089052561
629932,AJA,حلول التجارة الإلكترونية,1,1498,28.0373831775701
817918,AJA,أسباب انسحاب أبي حفص الموريتاني من القاعدة,13,1518,28.0328367284889
826715,AJA,حرب العملة,3,2634,28.0308782586687
764672,AJA,الكعبة المشرفة - الجزء 1,4,627,28.030303030303
696385,AJD,خان المعلم,13,3186,28.0192186971848
691894,Other,أسباب فشل القبة الحديدية في حماية الإسرائيليين,2,1153,28.0138768430182
712939,Other,الأفارقة.. من المسالخ إلى بناء أميركا,6,454,28.0102790014684
808456,AJA,هكذا انتصروا: حرب1967 كما يراها الإسرائيليون,5,2806,27.9686386315039
805866,AJD,المُعَلم بوب.. بوب ماهي- أوغندا,2,1737,27.9504893494531
792762,AJD,كراسات الأحلام - الجزء 1,4,3290,27.9483282674772
765606,AJA,كيف نعزف عن الملهيات في رمضان؟,3,3273,27.9356349933802
742209,Other,عن السينما.. قريبا,47,54,27.9353821907013
687080,AJA,البحث عن مضادات حيوية جديدة,1,1493,27.9303415941058
671904,AJA,الإسلاميون والمستقبل,11,3102,27.9204032588946
719383,AJA,مستقبل الانقلاب العسكري في مصر,4,2940,27.9166666666667
721973,AJA,هوية الجماعات المسلحة في العراق,13,2356,27.8993078229071
695847,Originals,غزة.. صوت الحياة والموت,722,2616,27.8857150118173
628561,AJA,الخيارات الأميركية في التعامل مع النووي الإيراني,2,2988,27.8781793842035
658382,AJA,التدوين الإلكتروني,6,1681,27.8703152885187
678346,AJA,حكومة حماس والخيارات الصعبة,1,2914,27.8654770075498
703393,Atheer,في رحاب القرآن وعلومه,19,5205,27.861873704434
764715,AJA,حل جهاز الأمن المصري استجابة للثورة,2,2706,27.8455284552846
816641,Atheer,"رجل ""المتحري"" واستقصاءاته وجها لوجه",164,7349,27.8304000212407
851669,Other,برومو-حكم وحكمة - الإيمان والاختلاف,1609,25,27.8259788688626
793692,AJD,الحرب 1968-1963,7,3185,27.8223816999327
722241,AJA,سواحل عُمان,5,2887,27.8143401454797
738486,AJA,حمزة شحاتة.. رائد الأدب السعودي,30,1441,27.8070784177654
628030,AJA,جرّاح متمكن وهوية إسلامية متينة,1,1490,27.7852348993289
843325,AJD,هلال في وجه النازية: قصة أبطال جامع باريس- الجزء 2,277,2633,27.7837115971816
716150,AJA,مسؤولة يهودية تستقيل بسبب حرب غزة,29,1022,27.7819016127944
742228,AJA,غلاء الأسعار,1,2767,27.7556920852909
749465,Originals,التسامح والتعايش,37,2968,27.7546077074379
729965,Atheer,"""كنداكة"" الثورة السودانية",66,3517,27.7401538845952
787433,AJA,صواريخ أنصار الله تستهدف تل أبيب,1,274,27.7372262773723
688479,Atheer,ليبيا.. نزاع داخلي وإقليم متوتر,6,6996,27.7253668763103
680995,AJA,زمن الثورة,1,3053,27.7104487389453
685762,AJA,مخابرات نظام بورقيبة وعلاقاتها الخارجية,9,3016,27.7040966696139
668406,AJA,بيروت عاصمة الموضة العربية,1,1483,27.6466621712744
630083,AJD,الميلاد,16,1434,27.623779637378
628745,AJA,الصراع على الخليج.. في البدء جاءت البرتغال,3,2847,27.6197166608126
702499,AJA,مستقبل سفن الشحن الذاتية القيادة,1,1475,27.5932203389831
807224,LIVE,ماليزيا - الجزء 1,25,2457,27.5929995929996
798059,AJA,تقلصُ أعداد  المسيحيين في فلسطين,4,174,27.5862068965517
696372,AJD,أبناء الجبل,10,2835,27.5802469135802
630485,AJD,المقدمة,7,793,27.54458656098
683762,AJA,سحر الطبيعة في جنوب أفريقيا,22,1539,27.5444503514679
630233,AJA,الزيدية.. نشأة المذهب وأهم أفكاره,6,3012,27.528773793714
732278,Atheer,لماذا تأخر تحرير فلسطين؟,35,20050,27.497399358746
628762,AJA,الحرب الإلكترونية,4,3093,27.4894924021985
626209,AJA,جرائم الشرف.. العرف والقانون والدين,1,4239,27.4828969096485
798857,AJD,2- ودخلت الخيل الأزهر,2,3208,27.4781795511222
764740,AJA,الصيد المحرم,33,3005,27.4461755659759
852235,Other,852235,14,1037,27.4417963906874
665943,AJA,الشجاعية.. مجزرة الفجر,3,2805,27.4390968508616
628800,AJA,صراع النفوذ على ضفتي البحر الأحمر,2,2975,27.4117647058824
716059,Other,المنتخب السعودي في كأس العالم 1994,2,219,27.3972602739726
632132,AJA,حرب بلا أسلحة.. الحرب السيبرانية,3,1426,27.39597942964
673630,AJA,أدوار المرأة الإيرانية في المجتمع,2,4061,27.3947303619798
707556,Originals,السنوار شهيدا يخيِّب أمل المتصهينين,34,2157,27.3909842100957
714990,AJD,مارشال بيروت,5,3172,27.3833543505675
683885,AJA,فصاحة امرأة وفطنة غلام,1,1407,27.363184079602
823306,Other,ذكريات وأحبة تحت الأنقاض,22,860,27.3539971790737
667381,AJA,هجرة من فلورا إلى إيطاليا,5,2718,27.3436350257542
808474,AJA,صراع الحضارات,4,4228,27.3415326395459
631024,AJA,مستقبل تنظيم الدولة,1,2784,27.3347701149425
630315,AJA,أربعون دقيقة,11325,3046,27.329329964822
637885,AJA,"عمل ""الإخوان"" السياسي والعسكري",4,2963,27.3034087073912
819155,AJA,فرص وقف إطلاق النار وتحدياته السياسية أميركيًّا,10,3555,27.2855133614627
814158,AJA,أفغانستان تحت حكم طالبان,1,1631,27.2838749233599
815722,AJA,الدورة التدريبية,8,1619,27.2621988882026
632126,AJA,عبد الحليم خدام.. أسرار نظام الأسد,7,2930,27.2598732325695
668603,AJA,الموقف الأوروبي تجاه حصار غزة,22,2691,27.2507685551164
686964,Atheer,75 عاما من الحرب على الصورة,37,8351,27.2040571286171
689562,Originals,الطائفية,110,2818,27.1769146396542
630493,AJD,أسرار حضارة الإنكا- الجزء 1,3,1566,27.1604938271605
658019,AJA,مشيخات شرق الجزيرة العربية,21,1621,27.1554889691842
629099,AJA,الدور السوفياتي.. ولادة المسخ,2,2749,27.155329210622
697306,Other,غزة.. سنغافورة الشرق الأوسط؟!,2,897,27.1460423634337
687083,AJA,أبو ظبي وحبال الثورة السورية,2,3049,27.140045916694
667444,Atheer,لماذا ارتبطت أعمال الدراما العربية برمضان؟,27,7385,27.0744000601821
714988,Other,كيف انتهت الدولة العثمانية؟,5,1145,27.0742358078603
830988,AJA,بطرس غالي في وجه الانتقادات,1,4152,27.0712909441233
686283,AJA,شبح تشرنوبل وعصابات المافيا اللاتينية,4,1461,27.0704996577687
690213,AJD,وادي السلام,7,3102,27.019434466243
791924,AJA,ليث صدّيق.. عازف كمان استثنائي,20,3033,27.0029673590504
652634,Atheer,من قرى مصر إلى شيخ المقارئ المصرية,33,4739,27.0022444320819
652633,Atheer,رحلة الشيخ عبد الرشيد الصوفي القرآنية,47,4289,27.0007887569884
657744,AJA,العراق الى أين؟,6,4479,26.9814690779192
667723,AJA,الهند.. البحث عن الروح - الجرء 1,5,2691,26.9713861018209
677878,AJA,تايلند.. تمثال بوذا الكبير,3,1465,26.962457337884
692166,AJA,الجزيرة 25 عاما - الحلقة الثانية,1,3179,26.9581629443221
629999,AJA,فلسطين المقاومة وإسرائيل المنقسمة,6,1823,26.9427683305906
667335,AJA,جزيرة مقسمة,5,1427,26.937631394534
630538,AJD,اكتشاف المجهول.. الأمازون - كواليس السلسلة,5,1632,26.9362745098039
667414,AJA,نعوش في لجة البحر,1,2863,26.929793922459
657801,AJA,أشهر قندهار والطريق إلى غوانتانامو,8,2962,26.9243754220122
760377,AJA,التهريب وتأثيره في الاقتصاد العربي,1,1427,26.9096005606167
629684,AJA,اغتيال صالح العاروري والشهيد الساجد,5,2044,26.908023483366
655517,AJD,أم كلثوم سيدة مصر الأولى,6,2992,26.8883689839572
818083,AJA,أردوغان.. تركيا وإدارة الأزمات,2,3107,26.874798841326
827724,Originals,إمام برتبة أفيخاي,2565,2090,26.8712051260528
629219,AJA,الحرب السيبرانية,5,3007,26.8706351845693
689434,AJA,الجزائر وفرنسا.. ذاكرة الاستعمار,10,3038,26.8630678077683
628844,AJA,الدور الأميركي.. إلى أين يذهب بالمنطقة؟,14,2854,26.8445289818801
630704,AJD,مسار الجلود,2,716,26.8156424581006
842668,AJA,خالد مشعل.. حماس وأسر جنود الاحتلال,15,3158,26.7679966223348
839062,AJA,رفض الوجود الفرنسي في ليبيا,4,2847,26.7650158061117
818599,AJA,تقنية صينية لتعرّف المجرمين,1,1222,26.759410801964
631214,AJA,الجنسية العربية وقضاياها,2,3044,26.757555847569
797576,AJA,إسرائيل الكوبرا,8,1902,26.748159831756
627587,AJD,اللحن الأسير,1,1582,26.7383059418458
826695,AJA,آفاق التغيير والإصلاح في سوريا,4,4157,26.7260043300457
684218,Atheer,أثر التعلق بالقرآن الكريم,53,3787,26.7180174479725
697176,AJD,مصريو البلقان,2,2952,26.7107046070461
732680,AJA,في عين العاصفة,5,2695,26.7012987012987
790613,AJA,مصافحات ترامب,7,1560,26.6941391941392
628033,AJA,في انتظار القيامة - الجزء 2,5,2991,26.6733533935139
770481,Atheer,رحلة القارئ أحمد النفيس مع القرآن,130,6278,26.6611120641066
794455,AJA,نصف سكان العالم مهددون بالإبادة,20,1726,26.6512166859791
840080,AJA,طاجكستان.. ما بعد الأمس,10,1719,26.6433973240256
652631,Originals,مهمة الإنسان في الأرض,32,3585,26.6309274755927
818127,AJA,المافيا في إيطاليا,4,1587,26.6225582860744
684161,AJA,الأوضاع الداخلية في السودان,2,1918,26.6162669447341
630226,AJA,جُرِّب في ساحة المعركة,5,2727,26.6153281994866
665941,AJD,فارس العربية,10,1620,26.5987654320988
668321,AJA,آلة القانون,5,652,26.5950920245399
691806,AJA,البدايات,4,1512,26.5873015873016
799752,AJA,خيوط المؤامرة,40,2948,26.5739484396201
818253,AJD,مصالي الحاج.. الحرب الأخرى,5,2683,26.5672754379426
692158,Other,الدوري السعودي,2,816,26.531862745098
730094,AJA,سوريا.. دستور تحت الطوارئ,5,1476,26.5311653116531
652626,Originals,الصبر والابتلاء,437,2837,26.4904187796275
701610,AJD,مدينة الزهراء.. لؤلؤة الأندلس المفقودة,6,5402,26.4901888189559
683161,AJA,الطبيب الدبلوماسي,2,2875,26.4521739130435
805725,AJA,غزة.. بين القصف والجوع والحصار,100,1882,26.4388947927736
826726,AJA,في المعسكر,17,2725,26.4263356718834
629583,AJA,وداع العروبة وإخفاق القومية العربية,4,1477,26.4218009478673
738694,AJA,ردود الفعل على شهادة أحمد أبو صالح,4,4226,26.4079507808803
814437,AJA,العام 1996 في دقائق,5,1633,26.3931414574403
628678,AJA,البوابة السوداء,2,2979,26.3511245384357
702773,AJA,آخر ابتكارات شركة أمازون,1,1412,26.3456090651558
689450,AJA,تحت القبة الحديدية,8,3052,26.343381389253
632149,AJA,ابتكارات صديقة للبيئة,1,1375,26.3272727272727
667843,AJD,آخر الرحل,1,3123,26.3208453410183
834528,Originals,الدولة ضد مانديلا وآخرين,1180,3432,26.3207449330331
632141,AJA,هجوم أرامكو وتعريف المصلحة الأميركية المباشرة,1,2942,26.274643099932
839770,AJA,عبد الوهاب المسيري.. النشأة والتكوين الفكري,10,1546,26.27425614489
836503,AJD,الحريق,1467,3140,26.2674594801124
678146,AJA,الفساد في الدول العربية,1,2951,26.2622839715351
678236,AJA,أميركا ومصير أكراد سوريا,4,2915,26.2521440823328
825886,AJA,المحكمة الجنائية الدولية وحقيقة أدوارها,2,1280,26.25
753522,AJA,الموقف السعودي من الحملات الأميركية,7,4054,26.2492071322856
637824,AJA,تفاصيل مجزرة تل الزعتر,181,2915,26.2085043071179
849009,AJA,"""الإسلام الليبرالي"": تجديد أم تبعية؟",6,2818,26.1769576531819
667186,AJA,إشكالية إيجاد فلسفة عربية خاصة,1,1491,26.1569416498994
625931,AJD,السماء الممنوعة,43,3135,26.1481399057898
725012,AJA,الأقليات في العالم العربي,6,5619,26.1404757667438
826731,AJA,أميركا وإيران.. حلفاء أم أعداء؟,11,4225,26.1301775147929
683610,AJA,الاغتيالات الإسرائيلية,14,2319,26.1196328466704
677915,AJA,السيسي وتهميش الأزهر,3,2890,26.1130334486736
632090,AJA,روبوتاكسي.. مركبة ذكية ذاتية القيادة,2,1144,26.0926573426573
777821,AJA,أسامة بن لادن.. الجهاد الملتبس,90,4218,26.0918813550393
657973,AJA,نتائج فوز حماس في الانتخابات,106,3058,26.0794451917026
627351,AJA,إدارة البيت في الإسلام,14,3769,26.0375999696774
688772,AJD,التخت الشرقي.. سوريا,1,1571,26.0343730108211
843324,AJD,هلال في وجه النازية: قصة أبطال جامع باريس- الجزء 1,1964,2712,26.0299889155237
834255,Other,إيران: تشريح الثورة,462,2587,26.0194579290057
821964,AJA,مؤرخ الاتصالات السرية بين العرب وإسرائيل,3,3134,26.0051052967454
630584,AJA,ناشطات أم فاشنستات؟.. قصص من عالم المؤثرين,4,1558,25.99486521181
637953,AJA,مستقبل ماليزيا ووضعها السياسي,4,2700,25.9907407407407
670205,AJA,لقاحات برسم البيع,3,2629,25.9794598706733
825879,AJA,المغرب والبوليساريو وحل الحكم الذاتي,2,1544,25.9715025906736
640948,AJA,بناء الشخصية في الأفلام,28,1456,25.9639913657771
835693,Originals,السلاح النووي,607,3843,25.9444738095452
629897,AJA,الذكاء الاصطناعي.. خير للبشرية أم خطر عليها؟,4,2876,25.904033379694
778246,AJA,إستراتيجية واشنطن بين الارتجال والدقة,1,2517,25.9038537941994
841064,AJD,إلى أي حضن أعود؟,696,4726,25.9028983709584
701620,AJA,الإمام أحمد.. رمز الصبر والثبات,5,1288,25.8850931677019
732746,AJA,الإخوان المسلمون في الأردن,4,1493,25.8707300736772
669039,Originals,التطبيع بين الضرورة والاختيار!,540,2587,25.8689458689459
694085,AJA,الضفة الغربية.. انتفاضة تحت الرماد,114,3031,25.8654719940729
727556,AJA,حقوق الإنسان والمسؤولية الأممية,8,5680,25.856073943662
629682,AJA,لعنة العقد الثامن,4,1783,25.8553000560853
821934,AJA,المجتمع المدني العربي,7,4060,25.8550316678395
629109,AJA,حرب أكتوبر.. الغيوم,16,2831,25.8477569763335
824644,LIVE,الجزائر: وحدات الأسلحة الخاصة,28,3206,25.8421709295072
844004,Originals,الاستثمار والعملات الرقمية,2612,3230,25.8413893485177
740884,AJA,ثورة الذكاء الاصطناعي,48,3820,25.8366055846422
630586,Other,"""إير بي إن بي""",26,680,25.8314479638009
815165,AJA,الأزمة في تيمور الشرقية,4,1148,25.8275261324042
668192,AJD,حاج حمد.. فيلسوف السودان,1,1607,25.8245177349098
688778,AJD,شرهة قلب - اليمن,2,1602,25.8114856429463
640968,AJA,الرسوم المتحركة.. متعة الكبار  قبل الصغار,18,1437,25.790613160133
629893,AJA,الساحل الغربي,439,3006,25.7677507551336
629614,AJA,محمود درويش.. قصيدة لا تنتهي,12,1485,25.7407407407407
667344,AJA,عودة المناضل من أجل الحرية,11,1421,25.7309193269784
630046,AJA,بين المقاتلين في سوريا,236,2857,25.715607814289
722879,AJA,شعلة ثورة 25 يناير,113,2933,25.7035443488651
668329,AJA,روح تونسية في تصميم لبناني,1,1494,25.7028112449799
813691,Other,كيف حاولت إسرائيل قتل محمد الضيف؟,8,1205,25.6742738589212
848784,Atheer,كيف يصنع البروتوكول هيبة الدولة؟,78,11200,25.6335851648352
629691,AJA,ناجي صبري.. صورة العراق خارجيا,4,2967,25.5982473879339
723667,AJA,امرأة تكشف هوية الواشي بحسن نصر الله,1,1567,25.5902999361838
683309,AJA,جورجيا.. هبة الجغرافيا,4,1278,25.5672926447574
684332,AJA,الربيع العربي.. المكاسب والإخفاقات,2,3000,25.5666666666667
683063,AJA,مروح على مصر,1,3034,25.5438365194463
637872,AJA,عقبات بوجه جبهة التحرير الفلسطينية,4,2968,25.5222371967655
686304,AJA,"""عزازيل"".. صراع الوثنية والمسيحية",1,674,25.5192878338279
729889,Atheer,الوطنية الأليفة.. الاستقلال في ظل الاحتلال,47,19954,25.5170935705314
683142,AJA,أحمد زكي يماني..  حكاية خطف وزير نفط,4,2773,25.5138838802741
688696,AJD,السينما اللبنانية.. سينما حائرة,8,3189,25.5017246785826
721894,AJA,آداب الجماع في الإسلام,4,4509,25.4879130627634
848785,Atheer,"متى يتخلى الغرب عن ""إسرائيل""؟",211,11953,25.4776706397054
825919,AJA,الأسباب الخفية لغزو أميركا العراق,4,4067,25.4671748217359
764327,LIVE,عبد الله السباعي وعقيلة رفيقة – المرحلة 1,17,1635,25.4614139233675
683761,AJA,أذربيجان.. أقدم حمام ملحي في العالم,1,1469,25.4594962559564
628282,AJA,رشيدة مأخوذ.. سند المغاربة في الشمال البارد,1,1489,25.4533243787777
629169,AJA,التنافس الدرامي المصري السوري,1,2920,25.4452054794521
637820,AJA,تقاتل الأحزاب ونجاح الانقلاب,8,3110,25.4300643086817
677926,AJA,السياسية المغربية بعد الربيع العربي,4,2967,25.4044489383215
641007,AJA,الثنائي سكورسيزي ودي نيرو,7,1342,25.3991909729615
626192,AJA,فضل تلاوة كتاب الله وحفظه,1,3020,25.3973509933775
732732,AJA,اللغة العربية وتحديات العصر,1,3109,25.37793502734
772967,AJA,صناعة الإنسان المسلم.. بين التكوين والتطبيق,10,3408,25.3755868544601
829930,AJA,آلان غريش.. صحفي فرنسي مهتم بقضايا العرب,125,5399,25.3725504723097
657670,AJA,اسمع بقلبك,4,1491,25.3688799463447
687090,Originals,أريج.. رسالة في البحر,66,2075,25.3442862358525
840126,AJD,فرنسيون ولكن,386,3322,25.33003403281
630510,AJA,تحديات المراسلة الميدانية,5,1492,25.3083109919571
790489,AJD,صوت البراري.. يوميات في بوهدمة,14,3182,25.3075334470683
683603,AJA,الأزمة السياسية والدستورية في تونس,2,2915,25.2830188679245
672853,AJD,رحلة البكتاشي,4,3079,25.267944137707
630148,AJA,فيتالي نعومكين .. مستشرق ومؤرخ وسياسي,5,3055,25.2438625204583
764661,AJA,مسجد الميقات,1,626,25.2396166134185
815821,AJA,شبيبة أصدقاء إسرائيل,105,1550,25.2325652841782
753582,AJA,محمد الثبيتي.. الشاعر المتمرد,7,1366,25.2248483580841
818071,AJA,مستقبل الحركة الصهيونية وإسرائيل,41,4378,25.2147656241295
826713,AJA,المخبرون,4,2876,25.2086230876217
628781,AJA,الأرض كيف ضاعت؟ التطهير والتفريغ,4,2764,25.198986975398
630937,AJA,التغير المناخي.. تحديات وأخطار محدقة,2,2971,25.1935375294514
626287,AJA,تزكية النفس البشرية.. ماذا تعني؟,2,2928,25.1707650273224
823628,AJA,نظرة المنصف المرزوقي إلى الانتخابات الرئاسية,2,1522,25.1642575558476
697813,AJD,رمضان على ظهر المالح,3,2867,25.1598651319614
630777,AJD,أغنية ست الحبايب.. مصر,1,812,25.1231527093596
630316,AJA,محمد مرسي.. صراع الثورة والعلاقة بالجيش,13,3017,25.1166466943729
629983,AJA,وائل حلاق .. مفكر الدولة المستحيلة,8,3142,25.1153723742839
657932,AJA,الصوفية,5,822,25.0851581508516
686981,AJA,التكفير ودعاوي الحسبة,36,4318,25.0836292522258
721997,AJA,التيار الصدري.. من القتال إلى السياسة,2,1511,25.0827266710788
665274,AJA,تشاد والنيجر,1,2843,25.0791417516708
657902,AJA,المنطقة العربية بعد الثورة التونسية,9,2969,25.0776542794057
824045,AJA,رزكار أمين.. تجربة محاكمة صدام,7,1514,25.0707680694471
790128,AJA,الصحراء الغربية وصراع السيادة,4,5504,25.0545058139535
633665,AJA,واقع النضال النسوي في العالم العربي,13,1480,25.0519750519751
629231,AJA,محمود دبروم.. كأنه في جفن أسمرة,3,1536,25.0434027777778
630086,AJA,الذكاء الاصطناعي ومستقبل الرعاية الصحية,1,1474,25.033921302578
743571,AJD,مولانا جلال الدين الرومي,5,3178,25.0157331655129
764678,AJA,الآثار النبوية داخل المسجد النبوي,4,627,24.9601275917065
628176,AJA,المهدي بن بركة,424,2888,24.9541041655778
758295,AJA,مكانة جامع الزيتونة التاريخية والعلمية,2,1381,24.9456915278783
763972,AJA,تونس.. الحرب على الفساد,2,3036,24.9176548089592
836849,AJA,التغريدة السعودية,1,2735,24.8994515539305
630244,AJA,"""حكاية العربي الأخير"" والمستقبل البائس",2,1452,24.896694214876
830435,AJA,موريتانيا بعد ولد الطايع,5,1606,24.8692403486924
648028,Originals,الأمر بالمعروف,2,674,24.8516320474777
658433,AJA,علماء الغرب والفلسفة الإسلامية,1,1473,24.847250509165
818661,AJA,أبو الحسن بني صدر.. أول رئيس إيراني,4,2794,24.8389405869721
777847,AJD,ثورة الحراشي,7,4541,24.8183219555164
631074,AJA,العراق وسياسة التمييز,3,2758,24.8126661832246
749402,Other,موزاليزا,10,976,24.8053278688525
684139,AJA,سد النهضة.. نعمة أم نقمة؟,16,1503,24.7920825016633
652635,Originals,التجميل والمظهر العام,7,3088,24.759437453738
630229,AJA,إسرائيل والذهب الأسود,7,2859,24.7589067106381
658368,AJA,محاكمة تيسير علوني,39,1650,24.7567987567988
640983,AJA,تشتت القوى المصرية,35,2585,24.740536059685
805868,AJD,اكتشفوا بلادي.. بيتر واهومي - كينيا,3,1564,24.7229326513214
652629,Originals,فلسطين والأقصى,279,2921,24.7137586062612
729960,AJA,المسلمون في الهند.. أي مستقبل؟,1,3069,24.6985988921473
655516,AJD,أم كلثوم صاحبة العصمة,7,2880,24.6924603174603
628526,AJA,ناجي العلي - الجزء 1,1164,2818,24.6829415222221
811565,Atheer,رحلة بين الفن والهندسة,91,4830,24.6825017632471
812984,Atheer,الحضارة الإسلامية من وجهة نظر رجل أبيض,145,8525,24.6793002325817
849268,AJA,الفوضى الخلاقة في المنطقة العربية,1,2676,24.6636771300448
764613,AJD,الشعراوي.. الذي فسر و رأى,7,3306,24.5959726903466
665927,AJA,مساعي التهدئة ورفع الحصار,1,2948,24.5590230664858
738672,Other,صراع على أكبر جزيرة في العالم,1,998,24.5490981963928
665298,AJA,عوامل تعثر النهضة العربية,2,2389,24.5290916701549
730271,AJA,كيف تنهض سوريا من جديد؟,57,3650,24.5272770968517
739719,Originals,سوريا: شائعات مطبوخة والطبخة مفضوحة,32,1950,24.5272435897436
725017,AJA,تحت المجهر الدولي.. استهداف الإسلاميين,1,5454,24.5141180784745
697153,AJD,أحلام مؤجلة,4,2813,24.5111980092428
753565,AJA,المشروع الصهيوني بعد حرب تموز,8,2817,24.4941427050053
673622,Other,النازحون في رفح.. أين يذهبون؟,5,971,24.4902162718847
628462,AJA,كفاح تاجر فلسطيني في بريطانيا,1,1593,24.4821092278719
725016,AJA,إعلان كوبنهاغن.. سلام أم استسلام؟,3,5910,24.478285391991
695868,Originals,اللاجئون,44,2872,24.4428969359331
626344,AJA,النوازل والابتلاءات.. رسائل من الله إلى خلقه,6,2704,24.4329388560158
632085,AJA,موريتانيا .. شجرةُ المَحْضَرة,3,1548,24.4186046511628
629061,AJA,العالم العربي وخطر التقسيم,1,2869,24.3987452073893
629209,AJA,قانون خاشقجي ضد منتهكي حقوق الإنسان,6,1500,24.3888888888889
806319,AJA,العرب والقضية الفلسطينية,5,4198,24.3878037160553
629852,AJA,ميخائيل بيوتروفسكي .. حارس التاريخ الروسي,3,2990,24.3701226309922
808482,Originals,الحج رحلة الإيمان,30,2867,24.368096732938
667379,AJA,مهرجان الجزيرة الأول للإنتاج التلفزيوني,1,1499,24.3495663775851
696381,AJA,أموال القصر,9,2868,24.349139934914
831795,AJA,أي دور يؤديه العسكر بعد الربيع العربي؟,1,2884,24.3411927877947
737135,AJD,فلامينكو,3,3133,24.3323757846579
823283,Other,أطراف مبتورة تُنغّص أحلام الفلسطينيين,21,361,24.3239678142725
657825,AJA,"""تالا"" المدينة التونسية الثائرة",1,2859,24.3091990206366
727948,AJA,لماذا تُعرض المسلسلات في رمضان؟,1,2885,24.2980935875217
808835,AJA,إرسال قوات عربية إلى العراق,5,4269,24.2492386975873
744658,AJA,"عقد من ""بلا حدود""",7,2817,24.2355089000456
658464,Other,الحلقة 6 - البداية,6,845,24.2011834319527
751710,AJA,الفلسطينيون باعوا أرضهم وأنفسهم.. لكن لمن؟,4,2592,24.1994598765432
667827,AJD,إبراهيم الفقي.. بائع الأمل,1,2753,24.1917907737014
737942,AJD,فرانكو فونتانا.. فلسطيني حتى الممات,23,1594,24.1776226065136
851640,Other,الرياضيات المحرمة,1,811,24.1676942046856
677624,AJA,جبال ووديان حول العالم,8,1474,24.160447761194
627536,AJD,لقمة عيش,1,3123,24.1434518091579
765071,AJD,ابن سينا.. الشيخ الرئيس,8,1611,24.1387337057728
842326,Originals,النظام العالمي,2273,4020,24.1258073906753
688483,Atheer,هل يمكن استعادة الثقة بعد 17 سنة؟,26,5430,24.1195636775747
630504,Other,الطريقة الأفضل لبناء مشروعك الخاص,3,586,24.1183162684869
657875,AJA,ائتلاف شباب الثورة,4,2968,24.0902964959569
843361,AJD,هافانا في أحلامي,378,2592,24.0481497811745
671886,AJA,المودودي والجماعة الإسلامية,4,3084,24.0434500648508
692163,AJA,كوبا.. مصنع السيجار الفاخر,3,1491,23.9883746926
629544,AJA,حراقة المشرق,2,2977,23.9838763856231
630696,AJD,مدريد,26,1402,23.9794798639306
667302,AJA,جماليات الخط العربي,2,1554,23.970398970399
665890,AJA,سلاح العصر.. الإعلام المقاوم,1,2943,23.9551478083588
637759,AJA,تأسيس منظمة التحرير الفلسطينية,6,2733,23.9419441395292
667285,AJA,مظاهرات منددة بالحرب على غزة,2,1619,23.9036442248301
837579,AJA,إعدام عمر المختار,11,2570,23.8981252210824
668270,AJA,من النكبة.. إلى العودة,58,2485,23.881912162631
632099,AJA,إسماعيل هنية .. علاقات وأدوات حماس,26,2982,23.8688541505443
738532,AJA,سوريا الجديدة,49,4283,23.8422429443409
682990,AJA,اليمن وجدل الانضمام إلى مجلس التعاون,4,4610,23.8340563991323
842671,AJA,تراجع التعليم في العالم العربي,8,5473,23.8260551799744
629345,AJA,العراق.. 20 عاما على الغزو الأميركي,5,3021,23.8133068520357
627578,AJD,كومندوس الجمهورية,10,3197,23.8035658429778
630290,AJA,من دمشق إلى حيفا.. المعتقلات الإسرائيلية,1,1429,23.7928621413576
842670,AJA,سعي إسرائيلي لاختراق الخليج,5,5565,23.7843665768194
826332,AJA,ضحايا التعذيب في السجون، ما بعد الألم,19,4547,23.7831768777563
716401,AJA,حوار سوداني على وقع الاضطرابات,1,2809,23.7807048771805
802697,AJD,الشعر,3,1760,23.75
629173,AJA,الدور السوفيتي.. الزواج المحرم,8,2770,23.75
817726,Originals,نصرة أهل غزة,177,3222,23.7430167597765
806363,AJD,القهوة في إثيوبيا,14,2712,23.7199747155499
734964,AJA,جبهة الإنقاذ ومحمد مرسي,1,1518,23.7154150197628
631115,AJA,اللوبي اليهودي في فرنسا,2,3047,23.7118477190679
629180,AJA,الحاج أمين الحسيني.. البدايات,15,2999,23.7101255974214
683715,AJA,لا زحف للصحراء بعد اليوم,3,1292,23.7100103199174
834497,AJD,المغرب,5,3152,23.6865482233503
696393,AJD,تمثيل الواقع,10,1598,23.6733416770964
839755,AJA,غابات بابوا غينيا الجديدة.. بؤرة صراع,7,1611,23.6676421033963
628843,AJA,ثورة رشيد عالي الكيلاني.. المواجهة,2,2844,23.6638537271449
681003,AJA,هجرة غيرت التاريخ.. جزء 1,15,3055,23.6246590289143
678134,AJA,فض اعتصام رابعة,5,2944,23.6141304347826
631180,AJA,النفط ومصير العالم بعد نضوبه,1,2948,23.5753052917232
720370,AJD,تشي غيفارا,9,3200,23.5729166666667
629849,AJA,سربرنيتسا.. شهادات تأبى النسيان,3,1407,23.5726131248519
626094,AJA,عيد الحب واجتياح سهام كيوبيد,6,4235,23.5537190082645
725004,AJA,الدولة الكردية.. أحلام الحاضر وأمل المستقبل,2,6096,23.5400262467192
817164,AJD,وداعا بوسنة,1,2637,23.5115661736822
629581,AJA,موسوعة اليهود واليهودية والصهيونية,12,1406,23.5064011379801
803035,AJA,ذهب وملايين الجنيهات.. سرقة منزل سيدة مصرية,3,254,23.490813648294
749403,Other,اللانهائية,170,1589,23.4768444822863
627890,AJA,فقه الخلاف وآدابه,47,2839,23.4642105026493
628205,AJA,بعد فوز أردوغان.. ماذا ينتظر تركيا؟,6,2672,23.4530938123752
658044,AJA,السينما وصراع الروايات التاريخية,2,1639,23.39841366687
685722,AJA,قضية الصحراء الغربية.. هل من حل؟,6,2955,23.395375070502
815749,AJA,ما قبل الهجوم الأميركي على العراق,10,3921,23.3919918388166
766711,AJD,لورد رحمة الله الفاروق هيدلي,18,1715,23.3884029802397
667823,AJA,إيران وسباق الرئاسة,24,899,23.3870967741935
725005,AJA,حصار العراق.. الكويت في الواجهة من جديد,9,6005,23.2824498103432
630168,AJA,"""باريس الجزائر"".. الحياة الباريسية لسياسيي الجزائر",1,1431,23.2704402515723
627891,AJA,فرنسا وروسيا.. صراع خفي في أفريقيا,2,2845,23.2688927943761
742807,Originals,"⁠""النتن"" في أكاديمية فبركة الانتصارات",98,2222,23.259519829534
658336,AJA,"""الكردية"" في الإعلام التركي",5,1372,23.1924198250729
802103,AJA,أطفال الحقول,5,1414,23.1683168316832
630094,AJA,وائل حلاق.. نظرية التقدم,3,3106,23.1487443657437
751088,AJA,الحرب الإسرائيلية على لبنان,2,2745,23.1147540983607
711874,AJA,محاولات إزاحة البعثيين,3,2702,23.0940044411547
839842,AJA,أفغانستان.. اقتتال من الداخل,6,2791,23.0502806640392
626364,AJA,الفتيات بين العولمة والمجتمع المحافظ,11,4269,23.0456355544198
709043,AJA,صناعة رئيس,4,2904,23.0027548209366
628685,AJA,نجاح جبهة التحرير الوطني,6,2669,22.9611589858873
823130,AJA,غزة.. أكياس الطحين الملطخة بالدم!,473,1772,22.951336028138
667135,AJA,النخبة السعودية.. دراسة في التحولات والإخفاقات,2,1620,22.9320987654321
735302,AJA,أخلاقيات مهنة الطب,2,4293,22.8860936408106
683012,AJA,الصراع في الجزائر.. من المسؤول؟,1,4404,22.8655767484105
815174,AJA,ألكسندر لوكاشينكو.. السياسة البيلاروسية,2,1549,22.8534538411879
725030,AJA,العرب والديمقراطية,8,5788,22.827401520387
833823,AJA,الإنجازات العلمية في عصور المسلمين الذهبية,3,2705,22.8096118299445
811253,AJA,بـ 4000 دولار... شال يمني يثير الجدل,3,340,22.7450980392157
817977,AJA,جنوب السودان والاستفتاء المصيري,3,2968,22.7313566936208
627896,AJA,احتجاجات السويداء.. ثورة أم فقاعة؟,35,2728,22.7241307080017
765089,AJD,الصوفية في الجزائر.. عبادة وسياسة,12,1505,22.6965669988926
843756,AJA,السياسي البعثي الجسور,1,2984,22.6876675603217
665938,AJA,انهيار مفاوضات القاهرة,2,3273,22.685609532539
684189,AJA,العفو ومعركة الكرامة,6,3041,22.6679820234572
849750,AJA,غزة بين سندان المجاعة ومطرقة القصف,261,3089,22.657458364807
687045,AJA,مقصلة الحبس الاحتياطي,1,2959,22.6427847245691
665308,AJA,المقاومة الإيطالية المسلحة,2,2935,22.6405451448041
776425,Atheer,صوت الكويت في ساحات الجامع الأموي,20,5312,22.6270707831325
696383,AJA,جرائم بلا عقاب,198,2912,22.6244241869242
848699,Originals,غزة.. أين الأمة؟,4049,2857,22.6241838147724
719013,AJA,فهمي هويدي.. الصحفي المفكر,5,5400,22.6222222222222
729473,AJA,السجون العربية وانتهاكات حقوق الإنسان,1,2828,22.5954738330976
690239,Other,حرب البيجر,2,1120,22.5892857142857
792391,AJA,الأنظمة العربية بين السيادة والتبعية,6,4019,22.5885377788836
831415,Atheer,الدروز بين جبل العرب والجيش الإسرائيلي,787,26791,22.5427264945173
687706,AJA,محمد سليم العوا الجزء 1.. التجربة والعصور,110,2971,22.5158348887733
687160,AJA,سيارات ذاتية القيادة,2,1559,22.5144323284157
686975,AJA,الإسلام والسياسة بين النجاح والفشل,14,3725,22.496644295302
629103,AJA,اللغة العربية والعولمة,1,3070,22.4755700325733
628713,AJA,الإخوان المسلمون.. نغمة محظورة في لحن مستمر ج1,12,2928,22.4726775956284
806321,AJA,هجمات 11 سبتمبر والحرب على أفغانستان,1,5367,22.396124464319
688785,AJD,فيلم جزائري - الجزء 1,17,2728,22.3844229774021
629817,AJA,دليل الشراء الذكي,2,1481,22.3835246455098
668347,AJA,التغريدة المصرية,1,2910,22.3367697594502
815707,AJA,التدين بين الغلو والتحلل,2,4171,22.3207863821626
630415,AJD,الحرية,5,1590,22.314465408805
739364,AJD,كنبة على التلّة,87,5479,22.3111021601811
683772,AJA,خطة الضم.. الأبعاد والتداعيات,1,3030,22.2772277227723
815178,AJA,إريتريا وأزمات إفريقيا,5,2831,22.2465559872836
754218,AJA,علي عبد الله صالح والتمسك بالسلطة,13,2951,22.2375726611579
817972,AJA,محاربة داعش وانتهاكات المليشيات,2,1493,22.2371064969859
668380,AJA,خلاف فعلي أم مفتعل؟,2,2901,22.2337125129266
760575,AJA,فرنسا وغرب أفريقيا.. فك الارتباط,2,2004,22.2305389221557
807225,LIVE,ماليزيا - الجزء 2,5,2240,22.2232142857143
668269,AJD,فرح,24,5082,22.1590909090909
848664,AJA,اللغة العربية ومستقبل الهوية,2,4099,22.1517443278848
683861,Originals,جلعود على الحدود,14,1923,22.1454572468613
708010,AJA,تداعيات انقلاب القذافي 1969,6,2625,22.1396825396825
763860,AJA,"تاريخ ساعة ""بيغ بن"" وحقيقة توقفها",2,1358,22.1281296023564
765979,LIVE,عمران من أرض السودان,15,1668,22.1262989608313
637902,AJA,الاجتياح الإسرائيلي للبنان,9,2952,22.1130683529058
628689,AJA,بانرمان بئر الحرمان.. الهروب إلى الأمام,3,2705,22.1072088724584
692803,AJA,توقعات صحفية باغتيال نصر الله,1,1665,22.1021021021021
628266,AJA,بلوش باكستان ومطالب الانفصال,3,3075,22.0921409214092
631222,AJA,مائة عام على سايكس بيكو - الجزء 2,9,2984,22.0918975275544
629490,AJA,مذبحة رابعة.. الذكرى العاشرة,13,1525,22.0882723833544
813696,Other,دعم أوكرانيا يهدد صناعة السيارات الألمانية,2,1167,22.0651242502142
657893,AJA,المناخ الدولي للربيع العربي - الجزء 1,3,3003,22.044622044622
718118,Originals,الإسلاموفوبيا,9,2842,22.0071936820705
726514,Atheer,الحرب بين فكرتين,82,15824,21.9821234802338
683797,AJA,سوريا.. عشر سنوات على الثورة,3,2989,21.969443515111
823724,AJA,عمران خان.. من الكريكيت إلى السياسة,6,1281,21.9620088472548
632152,AJA,سليمان الديكان .. الموسيقار الخليجي بالأوبرا,7,2895,21.939304219097
629843,AJA,التنمر على النساء في الوطن العربي,2,1509,21.9350563286945
630043,AJA,سحر في أفريقيا,42,2742,21.9052829009065
814142,AJA,المجلس العسكري المصري واستكمال أهداف الثورة,1,2825,21.8761061946903
723276,AJD,جذور العلاقة بين العرب والأتراك,4,3052,21.8627129750983
688482,Atheer,أسرار الخلاوي.. كيف يتعلم السودانيون القرآن؟,21,4821,21.8498434428739
760127,AJD,أفيش الزمن الجميل,1,1538,21.8465539661899
665259,AJA,الصين.. الإنتاج الغزير,2,2843,21.8431234611326
818715,AJD,فاني بلانكرز.. أم من ذهب,3,748,21.8360071301248
630547,Other,هل للعقل بوابة سرية؟,6,998,21.8269873079492
629291,AJA,الارتهان المالي العالمي: ديون وتبعات لا تنتهي,1,3003,21.7782217782218
818019,AJA,عبد المنعم الزين.. خليفة شيعي في السنغال,1,3097,21.7629964481757
668598,AJA,حوار الأديان.. جدل الدين والسياسة,1,2901,21.7511203033437
658511,AJA,ما جرى.. وما المنتظر,16,2849,21.7466654966655
665944,AJA,حرب غزة.. نذير شؤم على إسرائيل,2,2474,21.7461600646726
632118,AJA,الحريم السياسي.. المرأة في الإسلام,2,1447,21.7346233586731
837304,Other,خيال أمـ ـجد؟.. قريبا على الجزيرة 360,7583,95,21.7342115674257
630390,AJA,أحمد السعدون.. تحولات السياسة الكويتية,3,3040,21.7214912280702
665819,AJA,هل تهدد الصين عرش أميركا؟,2,1469,21.715452688904
683770,AJA,فرنسا والجزائر.. ملفات تاريخية عالقة,1,2998,21.714476317545
658371,AJA,"إذاعات ""أف إم"" بالعالم العربي وتأثيراتها",1,1134,21.6931216931217
827232,AJA,الحياة السياسية السورية في عهد الأسد,5,4299,21.6561991160735
668171,AJD,الفن في زمن الحرب,1,2855,21.6112084063047
647984,AJA,مسائل فقهية في حياة المسلم,6,2881,21.6012958463496
738682,AJA,الشباب العربي وحلم ريادة الأعمال,1,1482,21.5924426450742
766618,AJD,نزار قباني.. العشق الدمشقي,2,1676,21.5692124105012
625943,AJD,ماسح الأحذية,41,2971,21.5350009440855
703210,AJD,فيلم جزائري.. الجزء 2,2,2557,21.5291357059054
688486,Atheer,الكرة المصرية والسياسة.. سر النشأة,23,7579,21.4884377312597
738541,AJA,شتاء غزة: بين القصف والتهجير والخيام المتهالكة,2,1740,21.4367816091954
777163,Originals,استقبال العيد,20,1455,21.4364261168385
668553,AJA,سوريا والعراق.. محاولات فض الاشتباك,40,2498,21.3901120896717
629292,AJA,عام من حكم طالبان,2,3034,21.3414634146341
630011,AJA,رياض حجاب.. في صفوف المعارضة,1,3065,21.3376835236542
806026,Atheer,جبريل إبراهيم.. مسيرة متقلبة بين التمرد والتصالح,150,7035,21.3007344231225
678094,AJA,كواليس مصالحة فتح وحماس,2,2985,21.2395309882747
723235,AJA,قمة العشرين.. بين المجاعة عالميا والتجويع في غزة,30,3253,21.238856440209
746607,AJA,مواجهات الجيش الباكستاني في وزيرستان,2,2592,21.2384259259259
629641,AJA,المنصف المرزوقي.. درب الإصلاح,1,2962,21.2356515867657
683013,AJA,إسرائيل في الدوحة: تنازل أم ضرورة إستراتيجية؟,10,6112,21.2352748691099
630583,Other,خمس خطوات لتسويق ناجح,3,524,21.1832061068702
716963,Other,قيد اختباري للحلقات,4,39,21.1538461538462
677594,Originals,حقوق الإنسان بين المنظورين الإسلامي والدولي,5,3330,21.1531531531532
738987,AJA,الحسن الثاني يستلم الحكم,15,3098,21.1448246180331
682991,AJA,الاستثمار في العالم العربي.. واقعه ومستقبله,1,4635,21.143473570658
761456,AJD,الكتاتيب,1,3046,21.1424819435325
716709,AJA,أزمة رهائن مدرسة بيسلان,3,4240,21.1320754716981
637927,AJA,محنة الإخوان الثانية,6,2908,21.11989912884
787018,AJA,بن لادن والقضية الفلسطينية,37,5140,21.1121043222211
696317,AJA,صفقات الرهائن,3,2842,21.064977715224
629220,AJA,مسلمو الهند,3,3032,21.0532102022867
837286,AJD,عبور تحت السن,419,3196,21.0397991522816
657788,AJA,الفلك,4,1458,21.0390946502058
691708,AJA,بين فقه الإصلاح الشيعي وولاية الفقيه,2,711,21.0267229254571
851560,AJA,خطاب الأسد.. دليل قوة أم يأس؟,2,2932,21.0266030013643
773288,AJA,دور الجيوش العربية في حرب 1948,3,2903,21.0242278103112
830533,AJA,قوى الممانعة والوصاية الأميركية,5,2653,21.0101771579344
630368,AJA,سير الشعراء مع الرشيد والحجاج بن يوسف,2,1221,21.007371007371
668242,AJA,لماذا يخشى نظام مبارك الإخوان المسلمين؟,2,2923,21.0058159425248
689413,Originals,الهوية,18,2806,21.0026134473747
736976,Atheer,قصة علم الحديث,103,10434,20.9806067170248
805973,AJD,سيلَما,99,5352,20.9509142244568
690675,AJA,عين على شمال غزة,3,1889,20.9458267160755
831396,AJA,الصين.. الانهيار العقاري,3,1507,20.9245742092457
806398,Atheer,دور الوسيط في النزاعات بين الفشل والنجاح,67,9938,20.9145958675129
683648,AJA,حكايات من انتفاضة الحجارة - الجزء 2,2,2883,20.8983697537288
765078,AJD,عمر الخيام.. حجة الرياضيين,2,1458,20.8847736625514
629700,AJA,"أشعار مهدي الجواهري ""خالع العمامة""",1,1456,20.8791208791209
665857,AJA,كيف نجحت حركة مقاطعة إسرائيل؟,1,1507,20.836098208361
744656,AJA,الأمر بالمعروف والنهي عن المنكر,6,3074,20.8306224246367
630389,AJA,ديسالين.. التحول الاقتصادي لإثيوبيا,5,2999,20.8269423141047
734982,AJA,مصر.. أسرار ما قبل الانقلاب,3,1367,20.8241892221409
629644,AJA,"""المواطن مصري"".. حرب أكتوبر بقراءة جديدة",15,1344,20.8184523809524
738690,AJA,تداعيات رفض تركيا استقبال قوات أميركية,5,3625,20.8110344827586
721983,AJA,مؤتمر الوفاق الوطني لدعم الوحدة,5,1485,20.8080808080808
683256,AJA,المكسيك.. حضارة العلم والفن والعمارة,3,1497,20.7748830995324
655508,AJA,الطبيب الداعية.. من النجف إلى أميركا الشمالية,3,1548,20.7579672695952
678366,AJA,تفجيرات لندن.. من المسؤول؟,6,2992,20.7386363636364
823637,AJA,العراق والتحديات الأمنية,2,1536,20.7356770833333
630095,AJA,سلجوق بيرقدار .. مهندس المسيّرات التركية,8,3045,20.7224958949097
705424,AJA,لويس أوكامبو.. رؤيته لجرائم الحرب في غزة,95,5076,20.6965700302766
823646,AJA,الشيخ حمد بن جاسم.. العرب وحرب تموز,7,3005,20.694081293083
667236,AJA,تبعات هجمات سبتمبر,1,2781,20.6040992448759
627528,AJD,نكبة المناهج,15,3123,20.591311772868
672551,AJA,في باطن الكوكب.. الزلازل والبراكين,7,2787,20.5904966938336
629336,AJA,سوريا بعد الهدنة,1,2948,20.5902306648575
732695,AJA,علاقات قطر بدول الربيع العربي,2,1693,20.584760779681
696404,AJD,المختار.. نحات مصر,8,1413,20.567940552017
798762,AJA,العشرية السوداء في الجزائر ومستقبل جبهة الإنقاذ,6,5122,20.5486138227255
691802,AJA,كيف نفهم المسألة الطائفية في لبنان؟,10,2799,20.5394783851375
815160,AJA,التجربة الانتخابية في العراق,3,907,20.5071664829107
683730,AJA,الاتحاد الأوروبي والبلقان,14,2976,20.4949116743472
764725,AJA,معتقلات في سجون السيسي,1,3006,20.4923486360612
667318,AJA,نفق سراييفو,41,3060,20.4814283436952
626101,AJA,حقيقة الأغذية المعدلة وراثيا,9,4263,20.460291396252
814487,AJA,26 عامًا على استقلال زيمبابوي,4,1551,20.4545454545455
735545,AJA,إعادة قراءة التاريخ الإسلامي,13,3054,20.4473326280792
637904,AJA,محاكمات الإخوان واستعادة القوة,3,2942,20.4396102424654
766619,AJD,بداه ولد البوصيري.. قصة الفقيه والدولة,4,1446,20.4356846473029
631081,AJA,التنظيمات الفلسطينية,5,2938,20.4084411164057
726866,AJD,اثنا عشر سريرا.. الجزء الأول,32,3032,20.4011378627968
632080,AJA,الكوميديا السوداء.. ليلة سقوط بغداد,3,1336,20.3842315369261
631539,AJA,فيروز زياني,1,1474,20.3527815468114
701615,AJA,الأخطل.. شاعر مسيحي يقتحم البلاط الأموي,3,1226,20.3371397498641
830519,AJA,فوز الإسلاميين في الانتخابات.. الأسباب والتداعيات,2,2847,20.3196347031963
626261,AJA,تقاليد الزواج وطقوسه في العالم العربي,4,4186,20.3057811753464
630059,AJA,"قانون ""نوبك"" وتجاذبات السياسة والاقتصاد",5,2951,20.291426635039
837650,Other,حفر الحجر,1,301,20.265780730897
703223,AJA,جوكو ويدودو.. رئيس من خارج الدوائر التقليدية,11,2875,20.2529644268775
722909,AJA,ما بعد جمعة التنحي,1,2938,20.2518720217835
652637,Originals,الغربة الداخلية,29,3431,20.2383943557222
683189,AJA,مواكبة اليمن من الانفصال إلى الوحدة,6,2752,20.233769379845
814480,AJA,الشيخة موزة والنهضة التعليمية في قطر,8,2468,20.2188006482982
790129,AJA,وزير خارجية موريتانيا يزور إسرائيل,3,5458,20.2088677171125
628143,AJA,الأنظمة العربية والثورات الشعبية.. من المنتصر؟,3,2964,20.1641925326136
835033,Atheer,شهادة طبيبة عائدة من غزة,1279,11197,20.1366067351756
667240,AJA,ما بعد اتفاقية أوسلو,8,2790,20.1344086021505
628284,AJA,رواية لبنانية.. الأكثر مبيعا في كندا,1,1545,20.1294498381877
658302,AJA,اقتصاد قطر الصناعي,2,1404,20.1210826210826
657923,AJA,الأذن,3,856,20.0934579439252
843384,AJA,بين صراع الحضارات والحملة ضد الإسلام,4,2868,20.0575313807531
818076,AJA,خفايا اتفاقية السلام بين مصر وإسرائيل,6,4512,20.0465425531915
753649,AJA,المغرب والتميز السياحي,2,1510,20.0331125827815
625941,AJD,الرحالة الأندلسي.. حسن بن محمد الوزان,10,5108,20.0234925606891
665299,AJA,باولو كويلو.. الأسطورة الشخصية,6,2949,20.0180852266305
630542,AJA,علوم الطاقة بين الحقيقة والوهم,16,3073,20.0170842824601
808804,Atheer,"حصار حلب وقصة فيلم ""من أجل سما""",60,9938,20.0060374320789
627551,AJD,كرة من رمل,9,3280,19.9728997289973
765174,AJD,رمضان في طرابلس - ليبيا,4,2976,19.9680779569892
728369,AJA,كيف انتقل الثوار إلى حمل السلاح؟,6,3236,19.9629171817058
683758,AJA,تجارب لا تعاش إلا في المالديف,1,1499,19.9466310873916
677886,AJA,أسباب تراجع الليرة التركية,27,3091,19.9444025066801
697783,AJD,أرامل البحر,27,3026,19.9028175564858
851641,Other,كورونا (كوفيد-19),3,1369,19.8685171658145
637825,AJA,الصدام بين الإخوان وجمال عبد الناصر,12,2968,19.8534366576819
667210,AJA,سادة الرعب.. القاعدة في قلب أميركا,28,2748,19.8274069453109
630063,AJA,الحكومة الإسرائيلية والمخاوف المنتظرة,49,2985,19.8181383106006
629154,AJA,أطفال منسيون في الشوارع,4,2922,19.7895277207392
678064,AJA,التحولات السياسية والاجتماعية في السعودية,1,2994,19.7728790915164
694020,AJA,الجدل حول سلاح حزب الله,3,4248,19.7504708097928
803556,AJA,الثورات العربية وحقوق الإنسان,1,1409,19.7303051809794
818135,AJA,روسيا البيضاء.. السير إلى الوراء,2,1668,19.7242206235012
658291,AJA,رمضان.. موسم العطاء الخليجي,1,1423,19.6767392832045
817955,AJA,تفاصيل حادثة القنصلية الأميركية في بنغازي,4,1450,19.6724137931034
815750,AJA,تغيير مناهج التعليم العربية والإسلامية,2,4040,19.6410891089109
814432,AJA,تونس.. هواجس اليوم التالي,1,1346,19.6136701337296
677626,AJA,منازل عتيقة,2,1431,19.5667365478686
629609,AJA,تاب.. إبداع في خدمات الدفع الإلكتروني,1,1493,19.5579370395177
665327,AJA,فالنتينا ورامان وذكريات الحرب,3,2810,19.5017793594306
825904,AJA,سياسات المرحلة الانتقالية في ليبيا,1,1452,19.4903581267218
767746,AJD,قلب أميرة,1,1432,19.4832402234637
677977,AJA,التجسس السيبراني,2,2831,19.4807488519958
843334,AJA,الحرب الأميركية على أفغانستان,1,4878,19.4751947519475
657746,AJD,ليبيا,3,1445,19.4694348327566
637844,AJA,الخلاف مع الرئيس اليمني والتدخل المصري,3,3071,19.4616303050038
630285,AJA,مؤسس الدولة العباسية أبو جعفر المنصور,12,1434,19.4502556950256
722896,AJA,آثار الثورة على النظام,1,2518,19.4201747418586
683807,AJA,العلاقات التركية الأميركية.. المسارات المحتملة,3,2981,19.4006485519401
667206,AJA,لبنان.. حيرة بين فرنسا والعرب,2,2699,19.3590218599481
815815,AJD,إلى أي تراب أعود؟,393,3249,19.3458625358987
770370,AJA,سفن كسر الحصار,17,3022,19.3307898937206
818016,AJA,تركيا والملف السوري,2,2778,19.3124550035997
830438,AJA,موقف روسيا من العراق وعلاقتها بإيران,1,1530,19.281045751634
849730,Originals,"الحوثي ""خرم"" القبة.. وعزرا ""تاه"" في غزة",1,1665,19.2792792792793
720637,AJA,جهود السلام في اليمن والحرب على غزة,1,3365,19.2570579494799
722961,AJA,دول الحصار ودعوات قطر للحوار,1,2929,19.2557186753158
668225,AJD,معجم البلدان.. القسطنطينية,17,3022,19.2470899676879
701560,AJA,أشباح التزوير: حقيقة أم خيال؟,8,2883,19.233437391606
629901,AJA,فرانسوا بورغا.. المسلمون في فرنسا,9,3023,19.1972654096372
657739,AJA,كوريا الجنوبية.. نهضة تحتذى,8,3029,19.1936282601519
763935,AJA,أوباما الخط الأحمر,1,3019,19.1785359390527
683893,AJD,الحرب المنسيّة,35,3003,19.1741591741592
665885,AJD,الشيخ عكرمة صبري,62,1624,19.1552121404735
765075,AJD,محي الدين بن عربي.. الشيخ الأكبر,6,1781,19.1465468837732
696400,AJD,اللاعب رقم 12,8,3020,19.1432119205298
815121,AJA,لماذا لا يسلح العربُ الفلسطينيين؟,12,3964,19.141019172553
630026,AJA,المنصف المرزوقي.. بين المنفى والقصر,11,3106,19.1389100275127
629683,AJA,المسافة صفر,15,1844,19.1214750542299
629635,AJA,"""يعالون"" يطالب باغتيال قائد حماس",1,1501,19.1205862758161
843693,AJA,ديوان الزكاة السوداني,4,1547,19.1176470588235
688801,AJD,الفسيخ - مصر,2,760,19.0789473684211
628099,AJA,وُلد ميّتا,1,3087,19.047619047619
629527,AJA,السنوار وموعد في الأقصى,11,1510,19.0006020469597
830433,AJA,تحديات تشكيل حكومة فلسطينية موحدة,4,1389,18.9884809215263
670128,AJA,قطر.. عام على الحصار,6,1572,18.9779474130619
718190,AJA,أطفال غزة يختمون القرآن تحت القصف,2,1442,18.9667128987517
706258,AJA,أكراد سوريا.. السياسة الأميركية والحكم الذاتي,2,2787,18.9451022604952
629797,AJA,الطلاق في المهجر,7,1373,18.9158256164811
658388,AJA,الاستثمار في العقارات اليابانية: عبء أم فرصة؟,1,1455,18.9003436426117
735483,AJA,شهادة أحمد بن بلة.. ردود الفعل,14,4169,18.8414487886783
629273,AJA,عدسات لاصقة ذكية بميزات خيالية,3,1336,18.812375249501
796844,AJA,سوريا.. المهمة الأخيرة,4,2841,18.7961985216473
805867,AJD,محبة بلا حدود.. جود ليفي- رواندا,3,1733,18.7920753991152
630604,AJD,مالمو.. وطن في المنفى,4,1678,18.7872467222884
630462,AJD,هواري بومدين.. ثائر يبني دولة.. الجزء 1,14,3450,18.7867494824017
637723,AJD,اقتلوه خارج دمشق,32,3099,18.75
792811,AJA,هوشيار زيباري.. بين تمثيل العراق وكردستان,238,3053,18.7499827969183
725737,AJA,الباقوري.. الشيخ السياسي,1,1483,18.745785569791
667201,Atheer,من المسيحية إلى الإسلام.. إريتري في نجد,32,8359,18.7365414523268
629436,AJA,كمالا إسحاق.. ترسم كأنها تبصم,1,1535,18.6970684039088
726930,AJA,الخوذ البيضاء,1,1397,18.6828919112384
698617,AJD,محمد عبد الوهاب.. صانع موسيقى القرن - الجزء 1,5,2665,18.656660412758
697137,AJD,في مهب الريح,2,2708,18.6299852289513
629998,AJA,أبو عبيدة سيد الرجال,126,1802,18.6221658474711
705994,AJA,إدلب.. ومشروع تقسيم سوريا,5,2865,18.6178010471204
830975,AJD,الرحل الأحرار,16,1643,18.6130553864881
652628,Originals,استقبال رمضان,96,2791,18.6033231816553
641017,AJA,أشهر ديكورات الأفلام,1,1512,18.5846560846561
706236,AJA,قضية خاشقجي وصورة السعودية,3,3014,18.568900685689
628152,AJA,مقتل خاشقجي في خضم الإعلام الأميركي,1,3039,18.5587364264561
790494,AJA,"سقوط جزء من ""شجرة الغريب"" في اليمن",1,291,18.5567010309278
719362,AJA,مكانة القدس والمسجد الأقصى في الإسلام,13,3782,18.5331326526461
683616,AJA,ميخائيل نعيمة.. أديب المهجر,1,1236,18.4466019417476
657855,AJA,التدوين الإلكتروني والثورة التونسية,1,2765,18.4448462929476
716174,AJA,تكساس تاون هول.. مخاوف الهجرة وتحيّزاتها,1,3009,18.444666001994
716395,AJA,العلاقات العربية الأوروبية في ظل الربيع العربي,1,2837,18.4349665139232
756122,AJA,قيصر سوريا يتحدث,1498,3062,18.4256561546464
726867,AJD,اثنا عشر سريرا.. الجزء الثاني,7,2989,18.419920661473
836834,AJA,الإسكندرية.. ثورة الموج,7,2737,18.3830053760635
627892,AJA,مسلمو أوروبا.. بين الاندماج وهاجس الهوية,3,2872,18.3611884865367
630393,AJA,محمود حسين.. الصحافة ليست جريمة,4,2671,18.3451890677649
770982,AJA,المسلمون الجدد في الغرب.. الواقع والتحديات,3,3156,18.3354457118716
658326,AJA,كنوز السودان الساحلية,1,1491,18.242790073776
848272,Other,أنهار العنصرة - Animated Hero,4296,121,18.2129830555427
691700,AJA,الحكمة.. وكيف نتعلمها؟,3,2872,18.1987000928505
629795,AJA,الباب العالي,1,3022,18.1667769688948
849262,AJA,مخطط تقسيم العراق,1,2753,18.1256810751907
766583,AJA,خرجت ولم تعد,1,3007,18.1243764549385
665888,AJA,الحراك الدبلوماسي.. إلى أين؟,5,2866,18.1228192602931
743151,Originals,حفيدة مانديلا تلاحق مجرمي الإبادة الجماعية,119,1378,18.1105243258406
814175,AJA,النسوية الإسلامية,1,4239,18.0938900684124
764620,Originals,حراس الأمازون,31,2052,18.0783499968559
833481,AJD,أنا أستطيع,2,1575,18.0634920634921
670755,AJD,فلسطين.. الجزء 3,6,1705,18.0547409579668
749467,AJA,عند مطلع الشمس,5,2868,18.047419804742
665814,AJA,"حملة بريطانية تطالب بوقف ""البريكست""",2,1440,18.0208333333333
843765,AJD,لطفي بوشناق- الجزء 2,1,1606,17.9950186799502
626145,AJA,فضيلة الصبر.. رافعة الإنسان وخلاصه,1,2989,17.96587487454
814132,AJA,شباب إندونيسيا يقاطع سوهارتو,1,1592,17.964824120603
629580,AJA,في أيدي العسكر.. أحداث يناير,3,1444,17.9362880886427
627994,AJA,وحدة الأمة بين الفكر والواقع,10,2852,17.9102384291725
657976,Originals,الأطفال,4,493,17.9006085192698
803422,AJD,لبنان,1,598,17.8929765886288
725060,Atheer,الصوفية وأثرها في مصر,160,10109,17.8759644870907
683720,AJA,عالم جديد,3,2881,17.8178873076478
721910,Other,"""زوكربيرغ روسيا"" في مرمى الاتهامات",1,1190,17.8151260504202
631027,AJA,جمال ريان,3,1606,17.8082191780822
823305,AJD,أحلام الدراجات السوداء,135,6316,17.7958389041353
678256,AJA,واقع الحرب الأخيرة على غزة,8,2972,17.7868438761777
805864,AJD,صديق الفقراء مارتن كاريونجي- تنزانيا,7,1869,17.7711534051823
724867,AJA,غزة تحت وطأة المجاعة والأمراض,19,1978,17.7691448033633
692162,AJA,كوبا.. سانتا كلارا قبلة ثوار العالم,5,1502,17.762982689747
685687,Atheer,هل تنازل العرب والمسلمون عن الأقصى؟,110,5327,17.760465552844
799717,AJA,موقف حماس من المقاومة والنضال السياسي,2,5404,17.7553663952628
695053,AJD,يلّا غزة,88,5806,17.7159991231641
668363,AJA,غزة في العهد العثماني,4,2881,17.6935091981951
711871,AJA,المخابرات تهيمن على حكومة الوحدة,5,2950,17.6610169491525
627369,AJD,صيد الخريف في واحة الفيوم,4,2584,17.5890092879257
629541,AJA,الدولة والكنيسة.. أيهما يبتلع الآخر؟,1,1514,17.5693527080581
752562,AJD,هنا حي القيمرية,3,1588,17.5482787573468
765214,AJD,روبرت رشيد ستانلي,38,1673,17.5323245351873
749450,AJA,لماذا الاستعجال أيها السوريون؟,1467,3312,17.5310329668158
657921,AJA,العقل سلطان الجسم,3,761,17.4770039421813
631093,AJA,القضاء العربي.. ما له وما عليه,3,2976,17.461917562724
629830,AJA,البريكس.. الرهان الصعب,2,3004,17.4434087882823
802933,AJA,علاقة أنظمة عربية بظهور التطرف,5,5519,17.4343178111977
787903,AJD,كايا.. صوت خارج الحدود,9,2881,17.4206486945119
687043,AJA,مصر والأحلام المهاجرة,7,3006,17.4127934606977
845647,AJD,المحاكمة 2.0,2,3131,17.4065793676142
809136,AJA,فلسطين تكسر حاجز الخوف,1,4023,17.3502361421824
648016,Originals,المسالمون,1,617,17.3419773095624
640967,AJA,سينما وودي آلن,2,1436,17.3398328690808
821936,AJA,دور إسرائيل في العراق بعد الغزو الأميركي,5,4008,17.3303393213573
630465,AJD,قبائل السورما,3,3246,17.3136167590881
847207,Originals,أنهار العنصرة,20999,1420,17.287238359439
691734,AJA,صناعة الخبر,2,730,17.2602739726027
703213,AJA,بيروت بعد عام,5,3007,17.2597273029598
686015,Other,كلفة الدفاع عن إسرائيل,4,1563,17.1625079974408
678063,AJA,مأساة مسلمي بورما,2,2964,17.1558704453441
836825,AJA,أوضاع الصومال السياسية والأمنية,1,1516,17.1503957783641
648036,Originals,المنافقون,3,646,17.1310629514964
630052,AJA,قصة اختبار علماء بغداد للبخاري,1,1401,17.1306209850107
637767,AJA,صعوبات الاستمرار واللقاء العاصف,9,2548,17.1114599686028
665946,AJA,استئناف العمليات العسكرية,1,3179,17.0808430324001
670762,AJA,ناجي العلي.. عندما تحكي الريشة,1,2910,17.0790378006873
697793,AJD,الرافعي.. وحي القلم,1,3000,17.0666666666667
701611,AJD,التغريبة المقدسية,1,1606,17.0610211706102
630778,AJD,يا المنفي.. الجزائر,1,809,17.0580964153276
657841,AJA,ميدان التحرير ولحظة تنحي مبارك,6,3012,17.0540061974325
630728,AJD,زليخة عدي.. أم الشهداء,2,786,17.0483460559796
716091,AJA,قناة السويس.. محور الجدل في مصر,1,2893,17.0065675769098
765034,AJD,دوري رمضان - مصر,1,2738,16.9831994156318
717698,AJA,فرنسا- الجزائر.. ملفات عالقة,2,2983,16.9795507877975
813688,AJA,حوار المذاهب الإسلامية,1,4179,16.9418521177315
818617,AJA,حرب العراق والقلق العربي,1,4080,16.9117647058824
682992,AJA,العمليات الفدائية بين الإرهاب والمقاومة,10,4655,16.8979591836735
714408,AJA,الذكاء الاصطناعي: قوة تحول في الطب والتكنولوجيا,5,1385,16.8664259927798
815706,AJA,المسلمون في روسيا,1,4211,16.860603182142
843348,AJD,الأميرة بوبا ديفي,10,1623,16.8207024029575
627910,AJA,القيادة السياسية للرسول صلى الله عليه وسلم,2,2810,16.8149466192171
630628,AJD,وراء الكواليس,22,3341,16.8022638839759
629375,AJA,المالكي: داعش صنيعة أنظمة دولية لمعاقبتي,4,1456,16.7410714285714
819123,AJA,الموقف التركي من الثورة السورية,3,1531,16.7210973220118
684298,AJA,المهمشون في السودان,1,2781,16.7206040992449
637768,AJA,احتجاجات حماة,1,2549,16.7124362495096
763853,AJA,فن تدوير إطارات السيارات في فلسطين,2,1347,16.7037861915368
632089,AJA,ضواحي باريس,8,3046,16.59963887065
695901,Other,تحت النيران العسكرية والسياسية,1,217,16.5898617511521
766890,AJD,الديانة الكاكائية,3,1532,16.579634464752
739336,Other,استئصال نتنياهو,7,470,16.5653495440729
678047,AJA,حرب تجارية بين واشنطن وبكين,1,2803,16.5536924723511
628134,AJA,فقه الائتلاف,2,2883,16.5452653485952
678050,AJA,ليبيا في ظل الفوضى الأمنية,2,2759,16.5096049293222
696318,AJA,الإبادة المبيتة,2,2887,16.5050225147212
629825,AJA,الفن الفلسطيني المقاوم,1,3059,16.4759725400458
628921,AJA,تداعيات قضية الوثائق السرية في أميركا,1,2942,16.4513936097893
677866,AJA,تايلند.. مملكة الأحرار,15,1486,16.4333781965007
851638,AJA,نوري المالكي والثورة السورية,2,2871,16.3706025774991
628761,AJA,موت تحت الأقدام,2,3005,16.3560732113145
657678,AJA,النفوذ الفرنسي والثورة الجزائرية,1,2611,16.3155878973573
735517,AJA,سياسة التعذيب في السجون الأميركية,2,1472,16.304347826087
630498,AJD,سسيس وتارتو وتالين,2,1406,16.2873399715505
716421,Other,الناجي الوحيد,2,249,16.2650602409639
665877,AJA,فشل محاولة اغتيال الضيف,17,2935,16.2601463072452
729468,AJA,الدور البريطاني بين الأمس واليوم,1,2833,16.2019061066008
814098,AJA,أطفال الحرب,4,1568,16.1989795918367
629149,AJA,فرنسا والصراع الإسرائيلي العربي.. من رحم الإرهاب,2,2785,16.1759425493716
630215,AJA,عبد الرزاق التكريتي.. شغف التأريخ,2,3047,16.163439448638
657912,AJA,الأعشاب البحرية,1,712,16.1516853932584
632155,AJA,رسوم متحركة أكثر واقعية,3,1175,16.1418439716312
667254,AJA,القومية العربية.. رحلة لم تكتمل,1,2770,16.1371841155235
668151,AJD,هنا أم درمان,3,3210,16.1370716510903
630489,AJD,العائلة,2,1689,16.1338069863825
818012,AJA,أحمد عبد الكريم.. رجل الدولة السوري,8,3011,16.1117568913982
840131,AJA,الصحراوي,2,2991,16.098294884654
845655,AJA,المرأة العربية والإبداع الفني,4,1632,16.0845588235294
766580,AJA,جورج نادر,2,2873,16.0807518273582
630975,AJA,العد العكسي,11,3094,16.0721631309867
728373,AJA,نظام فاشل.. ومعارضة فاشلة؟,2,3177,16.0686181932641
705978,AJA,أزمة اللاجئين السوريين في لبنان,4,2887,16.0374090751645
626084,AJA,فقه النوازل,6,2939,16.0088465464444
722995,AJA,ولاية المتغلب.. بين صيانة الدماء وتمكين الاستبداد,1,2930,16.0068259385666
677982,AJA,الواقع العربي بعد الثورات والانقلابات,2,2893,15.9695817490494
818654,AJA,المحامية والثعلب كارلوس,1,2987,15.9691998660864
682968,AJA,دور منظمة العفو الدولية,3,3675,15.9183673469388
691684,AJA,القرآن.. وقراءاته,3,2877,15.9077743019349
702318,AJA,بين غزة ولبنان.. اغتيال شهود الصورة,2,2129,15.8994833255049
815771,AJA,مدى إمكانية سقوط النظام السوري,1,2829,15.8713326263697
686982,AJA,محاكمة بشار الأسد بين الواقع والوثائق,3,2868,15.8647140864714
658416,AJA,الصحف القومية في مصر,1,1554,15.8301158301158
749499,AJA,كولومبيا.. نهاية مرحلة,1,2856,15.8263305322129
737353,AJA,هجوم نيو أورليانز: حصيلة القتلى ترتفع لـ 15,1,291,15.807560137457
765153,AJA,المدونون الأردنيون.. كسر الخطوط الحمراء,2,1408,15.8025568181818
629909,AJA,أنور إبراهيم .. سجين يترأس الوزراء,1,3052,15.7929226736566
637912,AJA,عهد جديد بقيادة الحزب الواحد,2,2946,15.7841140529532
691690,AJA,هيئات حقوق الإنسان,7,4472,15.7775364170713
750519,AJA,التصعيد الطائفي بين السنة والشيعة,1,2821,15.7745480326125
836826,AJA,تحت المنصة,8,1833,15.7733224222586
658463,Other,حبل سُرّي,2,1257,15.7517899761337
698984,Originals,عام على طوفان الأقصى بين الصمت والتواطؤ,20,1292,15.750773993808
764716,AJA,واقع الحرس الجامعي في ظل الثورة,1,2921,15.748031496063
630711,AJD,الطيب ود ضحوية.. السودان,1,804,15.6716417910448
683101,AJA,الدرج المفتوح (الرشوة),1,2856,15.6512605042017
630823,Other,مشاريع جريئة.. الطعام الصحي والعضوي,3,661,15.6328794755421
845596,AJA,كيف كشف مهرجان قرطاج أزمة المسرح العربي؟,1,1551,15.6028368794326
732644,AJA,خطة محمد علي.. مصر ما بعد السيسي,2,1576,15.5456852791878
630167,AJA,السودان.. سقوط الأقنعة,2,1403,15.5381325730577
798067,AJA,"قصة ألبوم ""صوت المقاومة""",2,132,15.530303030303
803426,AJD,الكويت,1,793,15.5107187894073
851069,Other,"برومو خيال أمـ ـجد؟ | ""الخواجة"" وعنق الزجاجة",34939,60,15.4852266330843
837285,AJD,ألبانيا المسلمة.. الدائرة المغلقة,1,3101,15.4788777813609
733013,AJA,موقف قطر من فض اعتصامي رابعة والنهضة,2,1213,15.4575432811212
657773,AJA,محامي صدام حسين,5,2886,15.4469854469854
716412,AJA,ما الأسباب التي قادت لانقلاب 3 يوليو؟,1,2894,15.411195577056
632110,AJA,كيف نشأت القرية البيئية في إسبانيا؟,1,1372,15.3790087463557
657901,AJA,الربيع العربي.. دوافع سياسية وتأثيرات إقليمية - الجزء 2,2,3035,15.3706754530478
657987,AJA,شجرة المسكيت في السودان.. نعمة أم نقمة؟,1,1439,15.3578874218207
630065,AJA,الجيل الجديد للمقاومة الفلسطينية,10,3000,15.3466666666667
702133,AJA,الأقصى.. قلب المواجهة,7,3712,15.3440578817734
697128,Other,فلسطين في الحرم الجامعي,12,1500,15.3388888888889
825892,AJA,حقيقة الانسحاب الأميركي من العراق,1,1304,15.3374233128834
626169,AJA,العنوسة في الخليج,5,4133,15.3351076699734
690214,AJD,ذاكرة في خطر,5,3161,15.2863018032268
700002,Originals,الخصوصية والتواصل الاجتماعي,7,3293,15.2791635937703
683055,AJA,جراح غائرة,2,2881,15.2724748351267
815161,AJA,موقف روسيا من القضايا العربية,12,2523,15.2629145197516
706996,AJA,أصوات السويداء والهم الاقتصادي,8,2987,15.2410445262805
837634,Other,صناعات بحرية,1,322,15.2173913043478
686985,AJA,تايلند.. جزء 1,1,1387,15.21268925739
717043,AJD,بديع الزمان سعيد النورسي - الجزء 1,3,3211,15.1458527976747
837585,AJA,الأزمة الدستورية ورئاسة الوزراء,1,2620,15.1145038167939
657879,AJA,ملحمة كوبري قصر النيل,1,3051,15.1098000655523
724688,AJD,البوسطة رحلة القبر المتحرك,8,2883,15.0971210544572
831796,AJA,هل يحق لثوار سوريا طلب الدعم الأجنبي؟,1,2817,15.0869719559815
630450,AJA,فرانسوا بورغا.. مستشرق ببلاد العرب,4,2975,15.0756302521008
733023,AJA,العلاقات الدولية الإيرانية,1,1441,15.058986814712
678254,AJA,سوريا ما بعد الانتخابات الرئاسية,3,2821,15.0537634408602
629874,AJA,غسان كنفاني.. استنطاق الذاكرة الفلسطينية,6,1475,15.0508474576271
733207,AJA,هل ضحي النظام السوري برجاله؟,10,2900,15.0241379310345
657990,AJA,الحرف اليابانية بين الأصالة والحداثة,3,1428,14.9859943977591
628859,AJA,دروس من العدوان على غزة,3,2892,14.9723374827109
665288,AJA,مهاجرو شمال أفريقيا والتحديات الأوروبية,2,1611,14.95965238982
733020,AJA,القضية الفلسطينية وآفاق الحل,1,1384,14.9566473988439
767441,AJA,غضب إسرائيلي بعد فوز فيلم بالأوسكار!,4,286,14.9475524475524
630918,AJA,سيرة الشاعر والأديب نسيب عريضة,1,1272,14.937106918239
684327,AJA,تطورات الأزمة اليمنية بعد إعلان جون كيري,1,2981,14.9278765514928
632079,AJA,سورية الدولة المتوحشة.. الممارسات الخارجية,2,1270,14.9212598425197
629391,AJA,تصالحت السعودية وإيران فهل تُصفَّد الفتنة؟,1,1523,14.9047931713723
743732,AJA,خطة لحرب أهلية بين الفلسطينيين,2,2810,14.8754448398576
630055,AJA,اقتحامات الأقصى ومخاطر التصعيد,4,2880,14.8611111111111
630974,AJA,عاصفة الحزم ومستقبل المنطقة,2,2942,14.8028552005438
668161,AJD,أعراس قابس وقبلي.. تونس,1,1703,14.7974163241339
626237,AJA,المال في الحياة.. نعمة أم نقمة؟,1,3001,14.7617460846385
798767,AJA,هل الطب البديل وسيلة ممكنة للشفاء؟,10,5352,14.7608370702541
834578,AJA,تونس.. مخاض الجمهورية الثانية,1,3063,14.7567744041789
657914,AJA,اليد رمز العطاء والأخذ,4,892,14.7141255605381
667731,AJA,طارق البشري.. فهم الذات والوعي بالعالم,3,2864,14.7113594040968
737674,AJA,حسام أبو صفية يمشي درب الجُلجُلة,24,2128,14.7008145363409
763894,LIVE,سمك مسلالة وفلفل متبل والعصيدة,1,1965,14.6564885496183
657894,AJA,الإمبراطورية الأميركية والشرق الأوسط,11,6105,14.6392673665401
815637,AJA,علي البيانوني.. مواجهة النظام السوري والغربة,3,2867,14.6029531449831
706247,AJA,حصانة المجلس العسكري في السودان,2,2893,14.569650881438
678309,AJA,التفاسير القرآنية المعاصرة,1,2956,14.5466847090663
667243,AJA,بناء الدولة الحديثة في اليمن,3,2725,14.4831804281346
758921,AJD,الشيخ فاتح تشولاك - تركيا,1,810,14.4444444444444
629666,AJA,الرسالة الثانية من الإسلام,1,1482,14.4399460188934
716420,Other,كيف تصنع الترند؟,6,1399,14.4269716464141
628188,AJA,السودان بين فكي كمّاشة,45,1443,14.4205744205744
851969,Other,برومو - الجهبذ - عن الفاشية,114,73,14.4075943282865
677966,AJA,أزمة السجون في مصر تتفاقم,1,2972,14.4010767160162
630210,AJD,المغرب,4,2975,14.3949579831933
682994,AJA,أبعاد السلام العربي مع إسرائيل,5,4578,14.3774574049803
683716,AJA,الأفلاج,2,1488,14.3481182795699
657898,AJA,حصاد 2004,7,3074,14.3321870062273
637792,AJA,تعزيز السلام مع إسرائيل,5,2575,14.2990291262136
814495,AJA,جيمي كارتر.. فلسطين السلام لا الفصل العنصري,4,1593,14.2969240426868
668188,AJD,ذاكرة باللون الخاكي,2,6417,14.2901667445847
630381,AJA,مصنع الابتكار.. اصنع فكرتك الآن,1,1484,14.2857142857143
766477,Other,علامات الترقيم والإيموجيز,9,1198,14.1903171953255
763877,AJA,حصار قطر,1,2992,14.1711229946524
683713,AJA,العمارة,7,1448,14.1673243883189
760690,AJA,تحديات تشكيل حكومة التوافق الوطني الفلسطينية,1,1554,14.1570141570142
779052,AJA,منهج الإسلام في بناء الأسرة,121,3047,14.1453319482379
628625,AJA,تداعيات اغتيال قاسم سليماني على واشنطن,1,2997,14.1141141141141
667814,AJD,العيد فرحة,2,2650,14.0754716981132
794068,AJA,هل تنفع العقوبات على سوريا واشنطن أم تضرها؟,1,3644,14.0230515916575
814481,AJA,انقلاب باكستان 1999,113,2524,13.9075494719717
629041,AJA,الصحراء الغربية وآفاق الحل,4,2930,13.8993174061433
667327,AJA,جنوب السودان.. بلد الأحلام - الجزء 2,2,1469,13.8189244383935
749496,AJA,مسعفون تحت النار,3,1450,13.816091954023
677124,AJA,عالم الرئيس الأميركي الجديد - الجزء 1,2,2935,13.8160136286201
821497,AJA,تعدد الزوجات في الشريعة الإسلامية,2,4199,13.8128125744225
678279,AJA,ربيع الشباب العربي,1,2853,13.8100245355766
840087,AJD,صارورة.. قصة صمود,1625,3136,13.7913461538462
629629,AJA,الأزهر يقاطع بيت العائلة الإبراهيمية,3,1521,13.7847907078676
628303,AJA,أبارتهايد.. إسرائيل وجنوب أفريقيا,1,2752,13.7718023255814
805865,AJD,نصيرة الفقراء.. جين ويرو- كينيا,3,1784,13.7518684603886
631926,AJA,نار اليمن,34,2965,13.7367324670172
630591,Other,"عقيدة الصدمة.. ""رأسمالية جديدة""؟",3,939,13.7025204117856
752977,AJA,لاجئون عند حدود فلسطين,1,1490,13.6912751677852
626139,AJA,القدوة وصياغة المستقبل,1,2990,13.6789297658863
818645,AJA,شكل الحكومة الليبية الانتقالية,3,1567,13.677940863646
626060,AJA,الثقافة الجنسية عند الأطفال,11,4212,13.6557886557887
665264,AJA,موريتانيا.. نشأة الدولة,4,2838,13.6451726568006
668289,AJA,جمال الترك.. خطاط عربي عالمي,3,710,13.6150234741784
657713,AJA,قيادي إسلامي يدعو لدولة مدنية,1,2821,13.6121942573555
668139,AJA,أباجورات من الليف,1,1536,13.6067708333333
764326,LIVE,آلية المنافسة في المسابقة,10,1649,13.5839902971498
851130,AJA,المخطط الأميركي في السودان,2,2754,13.5802469135802
683042,AJA,أيام بلون الورد,2,2962,13.5381498987171
691731,AJA,"""الخوف الأصولي"".. صعود الحركات الإسلامية",4,704,13.5298295454545
630249,AJA,شيء من الخوف.. واقع عربي,1,1486,13.5262449528937
629996,AJA,يوسف القرضاوي.. حقيقة الربيع العربي,10,2993,13.4948212495824
764260,AJA,ما زالت للقصة بقية,30,2920,13.4691780821918
710637,Originals,حمزة.. النكبة بالوراثة,2,1627,13.3988936693301
805871,AJD,قلوب البهجة.. إريك أوبكو- غانا,3,1750,13.352380952381
726924,AJA,لاعب كرة قدم.. تلاحقه البحرين,1,1380,13.3333333333333
629156,AJA,واحة سيوة.. لقاء الطبيعة والثقافة,1,2893,13.3079847908745
632115,AJA,فنون طي الورق في اليابان,2,1402,13.30242510699
743690,AJA,النفط العراقي في ظل الاحتلال الأميركي,3,4059,13.2791327913279
627867,AJA,أحداث مالي والعالم الإسلامي,3,2878,13.273106323836
721582,AJA,ديفيد ميلر.. الصهيونية وصناعة الإسلاموفوبيا,2,5026,13.2610425785913
677611,AJA,مغامرات مائية,1,1448,13.2596685082873
626264,AJA,عارضات الأزياء.. احتفاء بالجمال أم امتهان للجسد؟,4,4253,13.2435927580531
672109,AJA,الموقف الإيراني من طوفان الأقصى,2,1920,13.2291666666667
834476,AJA,الصين.. انتقاء غير طبيعي,1,1438,13.2127955493741
765179,AJD,رمضان في الجزائر,2,3141,13.2123527539
628971,AJA,الخليج في ظل المتغيرات الإقليمية,11,2873,13.2044426162073
852253,Other,852253,2,250,13.2
760418,LIVE,مضروبة ورق العنب وطاجن اللحم,2,1371,13.1655725747629
632015,AJA,مبادرة سلام لأطفال عرب وإسرائيليين,1,2561,13.1589222959781
818601,AJA,محاكمة باموك.. أهو اختبار أوروبي لتركيا؟,8,1344,13.1510416666667
677595,AJD,رحلتي إلى الحج - الجزء 1,1,2711,13.1316857248248
658458,AJA,فرنسي يحرس آثار مصر الفرعونية,1,1539,13.1254061078622
627535,AJD,لحن بليغ,12,3085,13.1145326850351
788465,AJD,الخازني.. خازن المعرفة,1,1572,13.1043256997455
626255,AJA,الحمية والرشاقة.. ضرورة أم مبالغة؟,5,4184,13.0544933078394
683268,AJA,أسباب الاعتقال وظروفه,11,2853,13.0197877831947
831397,AJA,السينما والتاريخ,4,3082,12.9623621025308
667215,AJA,تنظيم القاعدة.. سؤال الحداثة والإسلام,1,2725,12.954128440367
668125,AJD,لبنان.. أحداث 1958,1,811,12.9469790382244
658430,AJA,مجازر صبرا وشاتيلا بعيون هولندية,1,1569,12.9381771829191
629353,AJA,رجل أعمال فلسطيني بـ800 براءة اختراع,1,1481,12.896691424713
804024,Other,أميركا تستعد للحرب!,5,928,12.8879310344828
725003,AJA,الليبرالية الغربية,4,4681,12.8551591540269
777861,AJD,فريد الأطرش.. لحن الخلود,13,3150,12.8522588522589
814096,AJA,إيطاليا تحت الخطر,1,1471,12.8484024473148
763868,AJA,إمارات الخوف,2,2966,12.8287255563048
667807,AJD,القصة الخامسة,16,5133,12.8190142217027
766710,AJD,ليدي زينب كوبولد,9,1659,12.8122697742951
762440,AJA,أميركي يهودي ينضم إلى حماس بالخطأ,6,1944,12.7829218106996
834498,AJD,السودان,4,3185,12.7708006279435
843713,AJA,أطفال المضيق,1,1575,12.7619047619048
850104,Originals,"""الخواجة"" وعنق الزجاجة",23666,1364,12.7513814564517
695080,AJA,الجنرال,10,2976,12.7184139784946
729964,Atheer,صانعة السينما القطرية,41,2908,12.7025530915557
677999,AJA,وثيقة الإعلان الدستوري ومطالب الثورة السودانية,2,2956,12.6860622462788
753573,AJA,المغرب والحرب الإسرائيلية على لبنان,3,2813,12.679227396611
738417,AJA,شهادة معتقلة سابقة في سجون سوريا,3,1439,12.6708362288626
764609,AJD,نساء يرفضن الموت,3,2674,12.652705061082
629749,AJA,الكرنك.. الحقبة الناصرية في فيلم,3,1443,12.6357126357126
628910,AJA,مخيم اليرموك,1,2793,12.6029359112066
721964,Other,حماستردام,1,857,12.6021003500583
715009,AJD,سيارة من تحت الركام,1,1554,12.5482625482625
630779,AJD,أغنية الساقية... السودان,1,822,12.5304136253041
687149,AJA,التقنيات تتسلل إلى المستديرة الساحرة,1,1376,12.5
627834,AJA,العلاقة بين الإسلام والغرب,1,3956,12.4873609706775
628508,AJA,سوداني يدرس الحضارات وعلاقتها بالإسلام,1,1483,12.4747134187458
630935,AJA,أماني جمال .. المسيرة التعليمية والأكاديمية,3,2893,12.4553519990782
787644,AJD,حكاية أسير ورحلة عذاب – الجزء 1,5,2708,12.4519940915805
716058,Other,أغرب هدف في كأس العالم,2,197,12.4365482233503
630639,AJD,إيران,2,3219,12.4106865486176
687150,AJA,السيارات المستقبلية.. من الخيال إلى الواقع,5,1363,12.3550990462216
665319,AJA,المصور المحارب,1,2826,12.3496107572541
629396,AJA,الإمارات تكرّم بشار الأسد,2,1523,12.3112278397899
668586,AJA,احتجاجات إيران.. مواجهة النظام أم مصالح غربية؟,1,2940,12.2789115646259
626150,AJA,المرأة الخليجية في الحياة السياسية,3,3894,12.2752953261428
817965,AJA,أبعاد المساعدات لجزر القمر,3,1546,12.2682190599396
657692,AJA,تيري ميسان.. ما وراء هجمات سبتمبر؟,1,2660,12.2556390977444
682987,AJA,التطبيع الثقافي مع إسرائيل,2,3661,12.250751160885
683133,AJA,نوال السعداوي.. الدفاع عن المرأة ونقد الدين,7,2889,12.2434851406814
682908,AJD,"""رغبي"".. ظننت الأمر سهلا",6,3190,12.2152560083595
684301,AJA,جيل الكراهية - الحلقة الأولى,7,3038,12.2072792250541
764657,AJA,مسجد القبلتين,1,623,12.199036918138
697817,AJA,لبنان.. الخروج عن السيطرة,2,3041,12.1834922722789
763870,AJA,يحدث في العراق,1,2915,12.1440823327616
665309,AJA,الامتحان - 2,1,3044,12.1222076215506
725007,AJA,الإعلام العربي وثقافة التطبيع,4,4292,12.0922646784716
727938,AJA,محاولة أفغانية للمصالحة مع طالبان,2,2825,12.070796460177
797242,Atheer,المرأة السورية.. من الثورة إلى ما بعد الأسد,56,6600,12.0508658008658
630080,AJD,سيرة عنترة بن شداد,1,814,12.039312039312
761462,AJA,الطاهر بن عاشور وثنائية التغريب والاستبداد,6,3124,12.0251813913786
630084,AJD,الرحيل,2,1499,12.0080053368913
694021,AJA,حزب الله.. مقاومة مثيرة للجدل,6,5801,12.0036775268632
725025,AJA,خلاف في ظل قانون التعريب,4,5775,11.995670995671
630775,AJD,سيرة سيف بن ذي يزن,3,799,11.9732999582812
632163,AJA,"""كنت في ولاته"".. معاناة الاعتقال",1,1516,11.9393139841689
725027,AJA,حرب 1967 والحقبة الناصرية,15,5526,11.9278561949572
686323,AJA,تاريخ لبنان: من الإمارة إلى اتفاق الطائف,2,688,11.9186046511628
631175,AJA,العقيدة اليهودية والسياسة الإسرائيلية,1,2878,11.9179986101459
668257,AJD,العروس الهاربة موريتانيا,1,1585,11.8611987381703
732734,AJA,قانون العدالة الانتقالية في اليمن,2,1536,11.8489583333333
766509,AJD,بلاط الشهداء,4,4067,11.8268994344726
667411,AJA,المستعبدون في باكستان,1,1489,11.8200134318334
727268,AJA,نحن بنينا المدن,1,1467,11.7927743694615
688221,AJA,الدور السياسي للكنيسة المارونية,2,2930,11.7747440273038
696375,AJD,الحفلة.. عروض الفرجة في تونس,2,3125,11.76
778225,AJD,من الغرانا إلى تل أبيب - الجزء 2,2,2632,11.7591185410334
629699,AJA,"""الشتا اللي فات"" فيلم حاربه العسكر",1,1455,11.7525773195876
821960,AJA,شاهد للثورة الإيرانية,1,2869,11.7462530498432
667319,AJA,عن الحرية والمنفى والوجع,2,2653,11.7414248021108
631057,AJA,الخروج الأمريكي من ليبيا.. الأخطاء والخطايا ج2,2,2999,11.7372457485829
849661,AJA,دور الإخوان بعد انتخابات 2005,1,2764,11.7221418234443
678289,AJA,حكم الإسلاميين ومصلحة الشعوب,2,2801,11.710103534452
668177,AJD,القاهرة - الجزء 1,1,2888,11.6689750692521
630261,AJA,عثمان بن جني.. إمام اللغة,1,1457,11.6678105696637
668261,AJD,روك غزاوي,3,3028,11.6578599735799
629661,AJA,تاريخية الفكر العربي الإسلامي,4,1305,11.6475095785441
658030,AJA,برنامج ساخر يُغضب مؤيدي حسن نصر الله,4,1633,11.6197183098592
687170,AJA,عملة فيسبوك الرقمية تثير الجدل,1,1415,11.5901060070671
698621,AJA,دارفور.. البحث عن السلام,2,3027,11.5626032375289
775641,Atheer,كيف تنقذنا السيرة النبوية اليوم؟,17,6552,11.5537240537241
626093,AJA,تحديات النساء ذوات الاحتياجات الخاصة,7,3952,11.5059282822441
684195,AJA,إرث التاريخ,3,2846,11.4663855703912
696363,AJD,عقول مبتكرة,1,1815,11.4600550964187
836830,AJA,وثائق البنتاغون.. حقائق مسربة,7,1499,11.4171352330125
836843,AJA,معتقلات في سجن ذهبان,1,2865,11.413612565445
678188,AJA,هل يتحكم حزب الله بقرار لبنان؟,2,2953,11.4121232644768
818021,AJA,أول وزيرة في تاريخ الجزائر,7,2996,11.4056837688346
630103,AJD,أبو سيفين,1,842,11.4014251781473
667398,AJA,منال الشيخ,1,1486,11.3728129205922
817921,AJA,النزاع الحدودي بين السودان وجنوب السودان,6,1378,11.3570391872279
753646,AJA,اقتصاد تركيا في مواجهة الأزمات,1,1492,11.3270777479893
787007,AJA,وثائق استخبارية فلسطينية بحوزة حماس,2,2923,11.3068764967499
818106,AJA,إندونيسيا على حافة الانهيار وسط القمع,1,1637,11.3011606597434
626086,AJA,الإسلام في الهند.. البدايات التاريخية,1,2996,11.2817089452603
667279,AJA,من الشعر إلى الرواية,2,1535,11.2703583061889
843666,AJA,قصف حلب وحرب القرد,1,1505,11.2292358803987
627380,AJD,قطار الحياة,4,3189,11.2260896832863
665880,AJA,حماس وإعلان انتصارها على إسرائيل,3,3280,11.219512195122
630787,Other,القشرة الدماغية وتحكمها بالتصرفات,1,535,11.214953271028
701525,AJA,أوباما.. بداية النهاية,3,2952,11.1788617886179
628649,AJA,كوبا.. سيجار وقهوة عربي,1,2830,11.1660777385159
683724,AJA,منازل صديقة للبيئة,2,1375,11.1636363636364
695040,AJA,مافيا العقار,4,2660,11.1466165413534
697136,AJA,إريك برنس.. وسيط الحرب,1,2738,11.1395178962747
701544,AJA,محمد علي في حلبة الوعي الأميركي,4,2944,11.1158288043478
823701,AJA,ميشال عون.. تأثيرات اغتيال بيار الجميل,2,1372,11.1151603498542
760133,AJD,حلو ومالح,1,1557,11.1111111111111
668382,AJA,جدوى مقاطعة إسرائيل أكاديميا,1,2938,11.0619469026549
851095,AJA,إعدام صدام حسين,3,2776,11.0590778097983
627376,AJD,تهريب الحياة,31,4280,10.9941211938499
627534,AJD,صوت البحر,2,3051,10.9800065552278
629604,AJA,شيفرة دافنشي: المواجهة مع الكنيسة,6,1460,10.9703196347032
696412,AJD,شغف الملاعب,1,3216,10.9452736318408
629900,AJA,حسن أوريد.. عالم بلا معالم,1,2915,10.9433962264151
683878,AJA,الهادي آدم.. شاعر السودان والنيل,4,1280,10.91796875
825916,AJA,انعكاسات هجمات سبتمبر على دول الخليج,5,5634,10.9158679446219
655522,AJA,يغادر دمشق.. ليحمّص القهوة ببلد الشاي,1,1605,10.9034267912773
696343,AJA,في سبع سنين,6,3247,10.8561749307053
678242,AJA,إدارة بايدن وإعادة تحديد الأولويات,5,2929,10.8364629566405
750524,AJA,الهيمنة الصهيونية على الإدارة الأميركية,2,2778,10.7991360691145
668427,AJA,أثاث شرقي بلمسة عربية,1,1482,10.7962213225371
730958,AJA,مهام الحكومة السورية المؤقتة وأولوياتها,3,1264,10.7331223628692
629140,AJA,فرنسا والصراع الإسرائيلي العربي..بداية القطيعة,2,2810,10.729537366548
797245,AJD,المغرب,3,3214,10.7135449076955
678170,AJA,حقائق حول نشأة الحوثيين في اليمن,1,2982,10.6975184439973
851960,AJA,استخدام السلاح الكيميائي في سوريا,1,2758,10.6961566352429
628126,AJA,عالم مصري في وكالة ناسا,2,1459,10.6237148732008
628673,AJA,الأحزاب الشيوعية العربية.. العلاقات الخارجية,1,2797,10.6185198426886
696378,AJD,عباس 36,2,3129,10.6104186641099
723144,Other,بطاقة الائتمان.. هل هي خطر؟,1,1368,10.5994152046784
750532,AJA,أوضاع حقوق الإنسان في مصر,1,2880,10.5902777777778
632095,AJA,ابتكارات شركة أمازون الحديثة,1,1323,10.5820105820106
626138,AJA,فقه الأولويات,1,2985,10.5527638190955
797249,AJD,الهند,3,3126,10.5139688632971
758910,AJD,الشيخ عبد الرحمن بن موسى - المغرب,1,790,10.506329113924
658395,AJA,الصحافة تحت التهديد,4,1556,10.4916452442159
667166,AJA,سبب تراجع الحضارات التقليدية,1,1519,10.4674127715602
815772,AJA,النظام اليمني.. مطالبات بالرحيل,2,2858,10.444366689993
683270,AJA,شرارة مقاومة الاحتلال الفرنسي,10,2997,10.4437771104438
760382,AJA,أوضاع الناس الاقتصادية خلال رمضان,2,1475,10.4406779661017
673643,AJD,القرآن بأصواتهن,9,3008,10.4203605200946
665849,AJA,صراع القوى العظمى بين أميركا والصين,1,1574,10.4193138500635
677603,AJA,طوفان الأقصى يجتاح العالم,2,2733,10.4098060739115
629870,AJA,النزعات المادية ونشأة الفلسفة,1,1482,10.391363022942
818067,AJA,حقيبة سفر تحملك أنت وأغراضك,1,1205,10.3734439834025
802110,AJD,البراعم.. نصف قرن من الغياب,3,3142,10.3437301082113
627980,AJA,الطغيان وعاقبة الطغاة,1,2874,10.3340292275574
753585,AJA,أثر السياسة الغربية في مسلمي البوسنة,1,2919,10.3117505995204
630106,AJA,كيميائي مغربي واكتشافات لبطاريات الليثيوم,1,1542,10.3112840466926
629405,AJA,انتقادات للسيارات الذاتية القيادة,1,1525,10.2950819672131
667249,AJA,البرابرة والحضارة في العلاقات الدولية,3,2712,10.287610619469
683015,AJA,العراق وأزمة فرق التفتيش الدولية,1,4591,10.2809845349597
825928,AJA,وقع الثورة السورية في لبنان,2,1425,10.280701754386
697816,AJA,أفغانستان في ظل طالبان,2,3020,10.2649006622517
686322,AJA,"""الفن الجديد للحرب"".. امتداد الاستعمار",1,734,10.2179836512262
739326,AJA,الحكيم,4,3044,10.2168199737188
665840,AJA,"المغرب ومحاولات الانضمام إلى مجموعة ""إيكواس""",2,1416,10.204802259887
830965,AJA,مجلس شورى المجاهدين ومعركة الفلوجة,2,2984,10.1876675603217
715293,AJA,هل هي مسرحية إسرائيلية في إيران,7,2133,10.1868595539482
629576,AJA,المصالحة الخليجية بين الترحيب والاعتراض,1,1506,10.1593625498008
778224,AJD,من الغرانا إلى تل أبيب - الجزء 1,7,2795,10.150779453105
629598,AJA,جزائري يتقن الفيزياء ويتألق مع ناسا,4,1483,10.1483479433581
749477,AJD,طرائد لحظة الصفر,3,1828,10.1203501094092
750526,AJA,مستقبل لبنان في ظل الأزمات المتتالية,1,2759,10.1123595505618
681008,AJD,متحف الحضارات.. تراث الإنسانية,2,1622,10.0801479654747
815119,Other,بين الوهم والحقيقة,5,3114,10.0770712909441
629208,AJA,هجمات الحوثيين والاستنكار العالمي,5,1470,10.0680272108844
627883,AJA,الاستقامة.. وتطبيقاتها,1,2970,10.0673400673401
826672,AJA,انعكاسات التحقيق في اغتيال الحريري,1,2888,10.0415512465374
626120,AJA,الضغط النفسي السام على الأطفال,5,4208,10.0380228136882
626331,AJA,الإسلام وأحوال الناس في أفريقيا,2,2999,10.0366788929643
719359,AJA,الإسلام والغرب,3,3798,9.98771283131473
691698,AJA,"""حدائق الأحزان"".. نشأة ولاية الفقيه التاريخية",1,721,9.98613037447989
815640,AJA,علي البيانوني.. حوار الإخوان والنظام السوري,1,2969,9.96968676321994
626017,AJA,الحب والزواج.. هل هما مقترنان؟,8,4193,9.96899594562366
658404,AJA,العودة إلى أوروبا,4,2884,9.96879334257975
648962,Atheer,مع وائل الدحدوح.. كواليس وتفاصيل لم تُرو من قبل,6,6011,9.96506404924305
630324,AJA,الاستيطان.. القضاء على حل الدولتين,2,2956,9.96278755074425
826704,AJA,الصمت والصدى,4,3165,9.92890995260663
626268,AJA,مؤتمر نيويورك وحقوق المرأة,7,4286,9.92267182187854
657741,AJA,صحفي فرنسي يكشف كواليس أحداث عربية,11,3224,9.90300022558087
678062,AJA,الأردن بين فلسطين وواشنطن,1,2849,9.8982098982099
628507,AJA,طبيب أردني يتفوق في اليونان,2,1452,9.88292011019284
630706,AJA,"سيرة الشاعر الأموي ""جرير"" وقصته مع الفرزدق",1,1299,9.85373364126251
752599,AJD,أشجان غرناطة,1,2914,9.81468771448181
824952,Other,كنت أعرف الخميني,28746,1341,9.80485927478261
629349,AJA,من عامل مصنع لرجل أعمال بأستراليا,2,1464,9.80191256830601
845595,AJA,الشعر محاصر في بغداد,1,1604,9.78802992518703
688774,AJD,نايا - الأردن,1,1618,9.76514215080346
678318,AJA,السودان وتداعيات أزمة دارفور,1,2952,9.75609756097561
669044,AJA,جلادون وضحايا.. زعماء المشانق والبنادق - 2,1,3038,9.7432521395655
678312,AJA,انتخابات موريتانيا بعد الإطاحة بولد الطايع,1,2969,9.73391714381947
825893,AJA,مستقبل مسار الاحتجاجات السورية,1,1409,9.72320794889993
678109,AJA,شيخ الأقصى.. قصص العزل الانفرادي,2,2962,9.72316002700878
657943,AJA,الإعلامي العربي.. بين الرسالة والرقابة,4,2827,9.68340997523877
630548,Other,هل توجد حرب على الإسلام؟,2,976,9.68237704918033
833445,AJA,مستقبل التغيير في مصر,1,1530,9.67320261437908
830515,AJA,تحالف المعارضة الباكستانية لإسقاط النظام,1,1660,9.63855421686747
729474,AJA,محكمة الجنايات الدولية والزعماء العرب,4,2774,9.61607786589762
746683,AJA,هاني البنا.. من الطب إلى العمل الإغاثي,6,4167,9.61123110151188
626345,AJA,قضايا شرعية تهم المسلمين في أوروبا,1,3009,9.6045197740113
732689,AJA,قصة معتقل سابق في حلب,1,1314,9.58904109589041
834480,AJA,عقدة الخواجة,2,2993,9.57233544938189
683195,AJA,هزيمة 1967 وتداعياتها,6,2925,9.54415954415954
691722,AJA,إحياء علوم الدين في القرن الواحد والعشرين,1,714,9.52380952380952
658313,AJA,سوريا.. من الكماليات إلى الأساسيات,2,1437,9.49895615866388
683602,AJA,شاعر الياسمين نزار قباني,1,1415,9.46996466431095
670753,Atheer,قصة الغاز القطري.. من الفقر للتنمية,5,7385,9.43263371699391
629215,AJA,شبكة إنترنت لا تنقطع,1,1315,9.42965779467681
749390,AJA,حديث القرآن عن التاريخ,1,2885,9.42807625649913
764720,AJA,ماذا تبقى من القدس؟,3,3116,9.4137783483098
629725,AJA,ليبيا وآفاق الحراك الشعبي,1,3072,9.40755208333333
629092,AJA,اليهود العرب في إسرائيل,2,3010,9.38538205980066
667109,AJA,المشكلات العملية التي تواجهها الترجمة,2,1598,9.35544430538173
668571,AJA,لندن تغازل العالم الإسلامي.. ما الدوافع؟,1,2807,9.29818311364446
629100,AJA,الإسلام في أفريقيا,3,2904,9.29752066115702
665829,AJA,غضب باكستاني من سياسة ترامب بأفغانستان,1,1434,9.27475592747559
630299,Other,فك رموز أنماط الشخصية,1,541,9.24214417744917
682989,AJA,الجزائر.. عنف وانقسام واضطراب,5,4266,9.21706516643225
631052,AJA,حزب الله وأهدافه في لبنان,2,2957,9.2154210348326
629727,AJA,رواية 67 وتحدي الرقابة,1,1401,9.20770877944326
682995,AJA,اتفاقية الخرطوم ووحدة السودان,2,4567,9.19640902123933
697141,AJD,الصومال.. مهنة الموت,1,2615,9.17782026768642
815813,AJA,"حرب إسرائيل ضد إيران وشعار ""أمريكا أولا""",5,2974,9.17283120376597
667759,AJA,لسان الضاد يجمعنا,1,2778,9.14326853851692
703220,Other,الرياضة.. قوة قطر الناعمة,2,439,9.11161731207289
629018,AJA,تدريب المكفوفين على استخدام الحاسوب,1,1460,9.10958904109589
629151,AJA,الحضن القارئ.. مبادرة عائلية لمستقبل واع,1,1217,9.03861955628595
833138,AJA,المذبحة الخفية في الفلوجة,5,2804,9.02282453637661
626412,AJA,رفقاء درب الرسول,2,2832,9.00423728813559
629429,AJA,وائل الدحدوح.. جبل غزة وأبو الشهداء,4,1752,9.00399543378995
771029,AJA,باب المندب,3,2984,8.99240393208222
665929,AJA,حماس والاعترافات الدولية,3,2941,8.98787260568968
668211,AJD,تلمسان.. الجزائر,3,3230,8.94736842105263
668152,AJD,بعلبك,1,2922,8.93223819301848
630603,AJD,مصوّر غزة الأول.. كيغام,1,1650,8.90909090909091
717036,Other,ما قصة الإسلاموفوبيا في الغرب؟,1,1134,8.90652557319224
678148,AJA,مستجدات الأوضاع في جزيرة قبرص,1,2556,8.8810641627543
787003,AJA,انتهاكات الطفولة في الحرب السورية,2,1567,8.87045309508615
678349,AJA,تداعيات الاضطرابات في ضواحي فرنسا,2,2902,8.85596140592695
667321,AJA,الهوية المغاربية.. بين العربية والفرنسية,5,2713,8.84629561371176
683843,AJA,أمير الشعراء وهجاؤه لأحمد عرابي,1,1306,8.80551301684533
628563,AJA,الذكاء الاصطناعي والعلاقة الأميركية الإسرائيلية,4,2976,8.80376344086022
743714,AJA,المشهد السياسي اللبناني وشبح الحرب الأهلية,1,2727,8.76420975430876
630446,AJD,شاهد على النكسة.. سيناء,1,836,8.73205741626794
814150,AJA,مظاهرات البحرين.. بين الإصلاح والطائفية,2,2770,8.70036101083032
629819,AJA,مقابر الأرقام,1,3024,8.69708994708995
774730,AJD,صوفيا وسوزين.. قصة البقاء,6,3249,8.6847235046681
808475,AJA,إستراتيجية أميركا في العراق,2,4107,8.68030192354517
667371,AJA,كاتب يهودي يتوقع عملية طوفان الأقصى,1,1441,8.67453157529493
701040,AJA,الشرعية السياسية,1,2902,8.64920744314266
833150,AJA,صراع ما بعد الانتخابات العراقية,1,2801,8.63977151017494
736459,AJA,قمع مظاهرات الدار البيضاء,12,3022,8.63390690491948
715043,Other,أميركا وأوروبا.. حلفاء العلن وخصوم الخفاء,5,860,8.62790697674419
684289,AJD,المسرح الكويتي,1,3667,8.61739841832561
688802,AJD,كفتة داوود باشا.. مصر,1,732,8.60655737704918
669037,Other,الطريق,2,1176,8.58843537414966
626130,AJA,الاستغلال الجنسي للأطفال,11,4234,8.58633572379439
738685,AJA,المخطط الأميركي ضد العراق والهيمنة على العالم,10,4080,8.56862745098039
625945,AJD,إمام تونس,3,4307,8.55970900085133
817978,AJA,منصف المرزوقي: لا عودة إلى حكم الفرد,3,1554,8.53710853710854
760732,LIVE,كسكسي حادق مع لحم الضأن,1,1524,8.53018372703412
648022,Originals,النابغون,1,411,8.51581508515815
839751,AJA,أن تكون رئيسا بعد مانديلا,2,1621,8.48241826033313
628043,AJA,النجاح على الطريقة اليابانية,1,1593,8.47457627118644
825885,AJA,ألمانيا والثورات العربية,1,1074,8.47299813780261
665831,AJA,التدخلات الأجنبية لإفشال الربيع العربي,2,1471,8.46363018354861
683600,AJA,أحمد أمين مؤلف فجر الإسلام,1,1505,8.43853820598007
631041,AJA,مبادرات الاستثمار في الإنسان,2,1329,8.42738901429646
737278,AJD,ياسين براهيمي,1,1570,8.34394904458599
665321,AJA,تشكل هوية مصر تاريخيا,1,1506,8.30013280212483
806320,AJA,الاختلافات الفقهية والعملية الاجتهادية,1,5051,8.2953870520689
719671,AJA,أكراد سوريا.. خيارات صعبة,1,2971,8.28004039044093
627824,AJA,المسلمون في الغرب- الجزء 1,1,3724,8.27067669172932
814166,AJA,الانتخابات العربية.. بين الاستبداد والحرية,1,3855,8.24902723735408
628114,AJA,الصالح العام والمصلحة الشخصية,2,2984,8.24396782841823
842665,AJA,توني بلير.. الوساطة بين فلسطين وإسرائيل,1,1026,8.18713450292398
628291,AJA,حكايات من انتفاضة الحجارة - الجزء 1,1,2884,8.18307905686546
849729,Originals,الحلم العربي.. النسخة الحقيقية,2,1675,8.17910447761194
743682,AJA,الإنذار الأميركي البريطاني الأخير للعراق,4,4348,8.14167433302668
630195,AJD,أقدم شعوب الأرض.. قبائل النانتيس- الجزء 2,1,1565,8.11501597444089
626129,AJA,صدمة ما بعد الكارثة,27,4227,8.11012100342595
728371,AJA,الثورة السورية.. مسار الصراع وحصاد ثلاث سنوات,1,3219,8.10810810810811
665268,AJA,فنانة القضية الفلسطينية - الجزء 1,2,2718,8.05739514348786
749480,AJA,سبل نجاح الربيع العربي,1,2944,8.01630434782609
738680,AJA,التحقيق في مشاركة بريطانيا في حرب العراق,1,4204,7.9686013320647
631545,AJA,محمد كريشان,2,1679,7.95116140559857
626212,AJA,صورة المرأة العربية في الفضائيات الغنائية,5,4285,7.92532088681447
708007,AJA,رجل أعمال مصري واتهامات بالتخابر,1,2560,7.890625
825911,AJA,أزمة دارفور.. السلام يقترب,1,1474,7.86974219810041
758630,AJA,الحداثة والإسلام.. التقاء أم افتراق؟,4,3101,7.85230570783618
629274,AJA,آخر التسريبات حول جهاز آيفون 14 المنتظر,1,1427,7.84863349684653
696377,AJD,رحلة الشتاء والصيف.. قبيلة صاري كتشلي,7,2866,7.84069384906789
629294,AJA,تطبيقات الذكاء الاصطناعي.. سؤال الخصوصية,3,1336,7.83433133732535
668252,AJD,الغابة المقدّسة,8,3049,7.83043620859298
680603,Originals,"عالم بوشين""",2,2185,7.82608695652174
629816,AJA,تكنولوجيا تربية النحل,3,1494,7.80901383311022
796457,AJA,أمراض العصر.. صراع الوقاية والعلاج,2,4391,7.78865861990435
627919,AJA,العالم الافتراضي.. من الشاشات إلى ميادين مصر,1,2681,7.75829914211115
670758,AJA,حرب لبنان 2006,20,3033,7.74151005605012
667232,AJA,الهوية الوطنية الأردنية,1,2702,7.73501110288675
627912,AJA,العرب بين الغرب والروس,2,2918,7.72789581905415
632007,AJA,تاريخ تجارة العبيد في غوري السنغالية,2,1387,7.71449170872386
706317,AJA,مدينة الخليل.. تدابير مشددة بحق المواطنين,2,3002,7.6782145236509
815111,AJA,الشارع الإسلامي وضرب أفغانستان,1,5345,7.61459307764266
665928,AJA,مبادرة تهدئة تثير الجدل,2,4625,7.58918918918919
630868,Other,أسرار النجاح في تنظيم الفعاليات,3,655,7.58269720101781
778238,AJD,تأثير بلباو.. قصة إحياء مدينة,20,3241,7.57636531934588
761434,AJA,ازدواجية معايير الغرب في سوريا,1,1431,7.54716981132075
640945,AJA,السيارات في السينما,3,1196,7.52508361204013
665273,AJA,سعاد الصباح.. شاعرة العروبة والنساء,1,3057,7.5237160614982
657702,AJA,شاعر النضال الفلسطيني,5,2996,7.52336448598131
630606,AJD,الزعماء,1,1689,7.51924215512137
719611,Other,الصين تقتحم عالم السيارات الفارهة,1,869,7.47986191024166
665807,AJA,أوروبا ووقف الهجرة من ليبيا,1,1447,7.46371803731859
627844,AJA,المسلمون والتطور العلمي,3,4563,7.44393308495873
630259,AJA,أحمد محمد شاكر.. محدّث العصر,1,1384,7.44219653179191
630476,AJD,سيرة الظاهر بيبرس,3,803,7.43046907430469
767739,AJD,ملائكة الأرخبيل,1,3129,7.41450942793225
684304,AJA,الأسرى الفلسطينيون ومستقبل قضيتهم,4,2971,7.41332884550656
628038,AJA,شارل العشي.. رحلة ملهمة نحو النجوم,1,1567,7.40268028079132
691766,AJA,قيمة القيم,1,541,7.39371534195933
667682,AJA,كل شيء حي - الجزء 1,6,2818,7.39295008280104
632117,AJA,دوائر حاسوبية تحاكي الدماغ البشري,1,1408,7.38636363636364
627984,AJA,نظام الأسد.. بين استعادة الاستقرار وتخريب البلاد,3,2854,7.38145293155805
849681,AJA,اليونان وأزمة تنظيم الألعاب الأولمبية,1,1710,7.36842105263158
818652,AJA,عرّاب الاعتراف الأممي بالجمهورية اليمنية,3,3023,7.36575146102106
833028,AJA,انعكاسات أحداث 11 سبتمبر على العرب والغرب,2,2900,7.36206896551724
811788,AJA,تأصيل المفاهيم الشرعية عمليات المقاومة,5,3923,7.35661483558501
630743,AJD,سزيجيد,1,1419,7.32910500352361
721901,AJA,استعداد السيسي للمواجهة الدولية,1,2966,7.31625084288604
722967,AJA,خاشقجي.. اغتيال الحقيقة,1,2981,7.3129822207313
677909,AJA,آثار الملء الثاني لسد النهضة,1,2852,7.29312762973352
758911,AJD,الشيخ إسماعيل بيتشار - تركيا,3,841,7.29290527150218
842985,AJA,صراع القوى السياسية في انتخابات اليمن,1,5537,7.27830955391006
758136,AJA,"ترامب يتوعد حماس بفتح ""أبواب الجحيم""",2,276,7.2463768115942
817917,AJA,ردة الفعل الإسلامية على حرب العراق,1,4259,7.20826485090397
632037,AJA,المسجد الأقصى والحفريات الإسرائيلية,2,2460,7.19512195121951
745460,AJA,الانتهاكات في الانتخابات المصرية,2,2700,7.18518518518519
757914,AJA,نهاية الشاهد الأخير,2,1902,7.17665615141956
796460,AJA,أسرار استبعاد أربكان من الحياة السياسية,3,4064,7.16043307086614
629947,AJA,عبد اللطيف رشيد.. الدور العراقي بالمنطقة,1,1343,7.1481757259866
821482,AJA,لبنان بعيون ناشط شيوعي,2,2925,7.14529914529915
631223,AJA,قضايا الإرهاب في الإعلام الغربي,3,2940,7.14285714285714
629286,AJA,النظارات الذكية,2,1274,7.14285714285714
698123,AJA,طوفان الأقصى.. حرب السرديات,3,3080,7.14285714285714
630574,Other,العقل السليم في البطن السليم,2,379,7.12401055408971
685778,AJA,الانتخابات العربية.. عمل ديمقراطي أم عرض مسرحي؟,3,2902,7.1215253847921
745092,AJA,"شهداء بعملية ""السور الحديدي"" الإسرائيلية بجنين",1,225,7.11111111111111
665881,AJA,هل حققت الحرب أهداف إسرائيل في غزة؟,1,3335,7.10644677661169
626171,AJA,العرافة في المجتمعات العربية,5,4214,7.10488846701471
843758,AJA,قمة البحر الميت,1,1495,7.09030100334448
684338,Other,شيك لكل مواطن,2,882,7.08616780045351
845646,AJD,مقعد خال,1,2965,7.08263069139966
683001,AJA,اللغة العربية والعلم,3,4392,7.07346690953248
628269,AJA,جراحة سودانية تحارب الختان في لندن,1,1592,7.03517587939699
668184,AJD,إنجي أفلاطون.. ريشة الكادحين,2,3327,7.03336339044184
626400,AJA,نعمة الابتلاء للمسلم,5,2963,7.02666216672292
723279,AJD,رؤية تركية جديدة إلى العلاقات مع العرب,1,3023,7.01290109163083
834547,AJA,أميركا وتعطيل قرارات إدانة إسرائيل,1,1329,6.99774266365688
821501,AJA,دروس من السيرة النبوية,1,5294,6.97015489233094
628513,AJA,لبنانية تحارب مشاعر الغربة بالفن,1,1494,6.9611780455154
684143,AJA,أفق تسوية الأزمة الأفغانية,1,1207,6.95940347970174
736965,AJA,ابن زمرك.. الشاعر الوشاح,2,1190,6.9327731092437
667382,AJD,الأغاني القبائلية - الجزء 2,1,2632,6.91489361702128
686004,AJD,لجوء,2,1482,6.81511470985155
627817,AJA,حرب المصطلحات عند الغرب,6,3759,6.81475569743726
805688,AJD,بناء الكعبة,5,1340,6.80597014925373
764693,AJA,مدرسة تركية تعيد إحياء الفن القديم,1,1412,6.79886685552408
665763,AJA,دير الزور.. احتدام الصراع بين النظام والمعارضة,1,1590,6.79245283018868
665936,AJA,تقييم لنتائج العدوان على غزة,1,3255,6.78955453149002
632113,AJA,في البدء كان الكاريكاتير.. فلسطين,3,1327,6.78221552373775
706984,AJA,وباء كورونا بين الحقيقة والمؤامرة,1,2951,6.77736360555744
629670,AJA,أردوغان.. خفايا وأسرار المحاولة الانقلابية,2,2178,6.74931129476584
658457,AJA,تركية تقع في غرام الثقافة الأردنية,1,1603,6.73736743605739
687177,AJA,الحرب التكنولوجية بين أميركا والصين,4,1232,6.73701298701299
629708,AJA,ناسا تدرس ظاهرة الأجسام الغريبة الطائرة,1,1385,6.71480144404332
716663,AJA,الإخوان والجيش بعد انقلاب 3 يوليو,1,2909,6.70333447920247
667846,AJD,باب النهر,4,6540,6.66284403669725
657927,AJA,الأنف بوابة الجسم,7,853,6.63205493217217
798070,AJA,سحر رمضان نابلس,1,228,6.57894736842105
665930,AJA,الأغنية الوطنية.. وقود المقاومة في غزة,1,2938,6.56909462219197
667856,AJD,شكيب أرسلان.. أمير البيان,4,3100,6.56451612903226
745458,AJA,أسرار الصلاة,2,2597,6.546014632268
631068,AJA,الإسلاميون والانتخابات المغربية,1,2906,6.53819683413627
630713,AJD,الطريق إلى شاريتيه,2,1562,6.53008962868118
836882,AJA,موسيقى السالسا ومحمية ضانا,2,1586,6.52585119798235
631171,AJA,أدونيس.. حاضنا سنبلة الوقت,1,1352,6.50887573964497
667803,AJD,سميحة خليل.. سنديانة فلسطين,1,1798,6.50723025583982
836838,AJA,أول انتخابات عراقية بعد الاحتلال الأميركي,1,1461,6.50239561943874
826711,AJA,جِمال أستراليا.. إبادة معلنة,1,2815,6.50088809946714
629298,AJA,أغرب صيحات هوليود,1,1447,6.496199032481
665323,AJA,ميراث النزاعات,1,3142,6.49267982176957
667727,AJA,الحافلات البيضاء,4,2862,6.49021663172607
632162,AJA,شنقيط .. مخطوط بين دفــّتيْ كثيب,1,1542,6.48508430609598
665870,AJD,السينما والمسرح,3,3023,6.47259896350204
683841,AJA,الزير سالم يثأر من قاتليه بعد موته,2,1395,6.45161290322581
657734,AJA,المختطفون.. رهينة الحرب الأهلية اللبنانية,1,2874,6.43702157272095
629997,AJA,أهل غزة يتحولون إلى رمز للصمود,1,1726,6.43105446118192
627602,AJD,مدارس التحدي,2,3017,6.43022870401061
683318,AJA,الأرجنتين.. بلاد الفضة والطبيعة الساحرة,3,1476,6.41373080397471
630074,AJA,سعد الصويان.. جوهر الهوية الخليجية,1,3026,6.41110376734964
629247,AJA,خديجة بن قنة,4,1264,6.40822784810127
631984,AJA,جمال الصحراء التونسية وثقافات أهلها,1,2842,6.36875439831105
818046,AJA,عباسي المدني.. من الاستعمار إلى الاستقلال,1,3118,6.35022450288647
836836,AJA,"علي عبد الله صالح.. قضية المدمرة ""كول""",4,5442,6.33958103638368
738409,AJA,تعز.. مدينة تحت النار,1,1375,6.32727272727273
667817,AJD,علي.. من الصومال إلى أميركا,1,4760,6.32352941176471
736777,AJA,التنمر الإلكتروني,5,3787,6.30578294164246
683095,AJA,اغتيال حلب,1,2921,6.2992125984252
627885,AJA,"إصرار إيراني على سلمية ""النووي""",1,1429,6.29811056682995
817945,AJA,أميركا والنزاع بين بغداد وأربيل,1,1541,6.29461388708631
630508,Other,الاستثمار في سوق العملات الأجنبية,2,629,6.27980922098569
836900,AJA,جاكرتا.. إني أغرق!,1,1525,6.22950819672131
764608,AJA,دولة سيادة المخلّص,1,2909,6.22206943966999
657829,AJA,الانقلاب على الديمقراطية في الجزائر - الجزء 2,1,2594,6.20663068619892
719613,AJA,اليمن.. مآلات الصراع بعد مقتل صالح,2,2991,6.20193915078569
790685,Other,أصول كتابة الدستور,1,1166,6.17495711835334
630236,AJA,الإبراهيمية والتوظيف السياسي,1,2856,6.1624649859944
627825,AJA,الوسطية والاعتدال في الإسلام,3,3727,6.16223951346033
678140,AJA,صورة الإسلام والمسلمين في الغرب,2,3120,6.15384615384615
684145,AJA,قطر.. دبلوماسية الإصلاح,1,1124,6.13879003558719
761487,LIVE,طاجين اللحم بالسفرجل,1,1733,6.11656087709175
629658,AJA,عبد المجيد تبون.. الحراك الشعبي بالجزائر,2,1612,6.11042183622829
683851,AJA,الجواهري.. متنبي العصر,3,1279,6.09851446442533
626267,AJA,المرأة وعالم الشعوذة والدجل,5,4250,5.98588235294118
665683,AJA,الإعلام العربي في عصر المعلومات,2,1622,5.98027127003699
628858,AJA,اليمن.. حافة الثورة,1,2882,5.96807772380291
760425,LIVE,أجنحة الدجاج بدبس الرمان وفيليه ستراجانوف,1,1493,5.96115204286671
683666,AJA,لاجئون داخل الوطن,1,2876,5.94575799721836
802491,AJA,سفينة مرمرة.. والسياسة التركية تجاه فلسطين,4,2860,5.94405594405594
630173,AJA,في ليبيا.. انقلاب بقيادة مخبر,1,1484,5.92991913746631
667265,AJA,مركز تكوين للفِكر أَم تزيين للكُفر,2,1750,5.91428571428571
814491,AJA,القذافي وعملية الصاعقة,2,2014,5.88381330685204
657747,AJA,مصر في الزمان والمكان: طبائع الاستبداد,2,2894,5.87422252937111
743719,AJA,تأثير اللوبي اليهودي في السياسة الأميركية,1,2861,5.8720727018525
629857,AJA,جهاد عبدو.. في طريق الشهرة,1,3025,5.85123966942149
670154,AJA,حرب لبنان 2006 والنتائج غير المؤكدة,6,3021,5.84243627937769
826436,AJA,حريق سنترال رمسيس: كيف أثر على مصر؟,1,240,5.83333333333333
657745,AJD,السودان,3,1441,5.8292852185982
667947,AJD,تونس.. المدينة العتيقة,3,1741,5.82040972621099
766555,AJA,المؤتمر الشعبي العام بعد صالح,3,2939,5.78428036747193
833195,AJA,النظام السوري.. بين الممانعة والتخاذل,3,2843,5.78027904795404
628536,AJA,هلسنكي.. ماذا زرع ترامب وبوتين وماذا حصدا؟,3,2938,5.77490356251418
625940,AJD,صانع الكرامة: مشهور حديثة الجازي,2,3228,5.71561338289963
658343,AJA,نهار الشباب,2,2917,5.69077819677751
760731,LIVE,معكرونة الطيبين,1,1496,5.68181818181818
657918,AJA,القدم,3,839,5.6813667063965
760423,LIVE,طاجن ميكس سي فود بالزبدة,1,1461,5.68104038329911
683708,AJA,أختام دلمون,1,1451,5.6512749827705
837644,Other,صناعة العرائس,1,301,5.64784053156146
839762,AJA,مقابر جماعية تكشف إبادة المايا في غواتيمالا,2,1638,5.64713064713065
742231,AJA,فقه الخطأ,1,2803,5.63681769532644
823610,AJA,هجمات طالبان ضد القوات الأميركية,1,1325,5.58490566037736
630722,AJD,قولوا لعين الشمس.. مصر,2,843,5.57532621589561
629472,AJA,الدولة الإسلامية.. رؤية مغايرة,2,1474,5.56309362279512
716049,Other,معركة الجوع,1,270,5.55555555555556
834493,AJD,لبنان - الجزء 1,3,2856,5.54388422035481
678009,AJA,الانتهاكات ضد الصحفيين في العالم,1,2869,5.54200069710701
667230,AJA,التحول الديمقراطي في الجزائر,1,2600,5.53846153846154
657790,AJA,الهندسة,2,1469,5.51395507147719
760743,AJA,الفن والسياسية,3,3019,5.50955062382687
665311,AJA,حزيران 67: الجرح المفتوح الجزء 2,3,3292,5.50830295666262
839790,AJA,البورصة وموجات الصعود والهبوط,1,1544,5.50518134715026
735432,AJA,اللغة العربية ودورها في خدمة الإسلام,1,4250,5.48235294117647
632075,AJA,تقنية الانتقال الكمي اللحظي,1,1424,5.47752808988764
658029,AJA,حقوق بث كأس العالم 2006,4,1644,5.47445255474453
722904,AJA,الذكاء الاصطناعي ومستقبل غرف الأخبار,1,1466,5.45702592087312
830447,AJA,خالد مشعل.. حماس والمشاركة السياسية,1,4061,5.44200935730116
658335,AJA,"""حليف الظلم""",1,1658,5.42822677925211
790208,AJA,نصف قرن على الحرب الأهلية اللبنانية,2,1503,5.42248835662009
787014,AJA,نذير رشيد وتساؤلات عن شهادته على العصر,1,2823,5.41976620616366
657995,AJA,العملة الموريتانية الجديدة.. إصلاح أم ضغط دولي؟,1,1293,5.4137664346481
629520,AJA,رياض حجاب.. المعارضة السورية والمجتمع الدولي,2,1574,5.4002541296061
817934,AJA,الثورة اليمنية في عامها الخامس,1,1557,5.39499036608863
630531,AJD,قبائل الباجاو,12,3341,5.39259702683827
628142,AJA,تحديات الأحزاب الإسلامية بعد الثورات,3,2910,5.37227949599084
815634,AJA,وليد جنبلاط.. إرث الأب ونداء العروبة,2,2784,5.36997126436782
632116,AJA,الصمت والصخب.. قوة الثورة,1,1492,5.36193029490617
821969,AJA,أحمد المرزوقي.. 18 عاما في سجن تزمامارت,2,2916,5.33264746227709
678037,AJA,احتجاجات الأردن السلمية.. أسبابها وتداعياتها,1,2832,5.3319209039548
657926,AJA,الصيف,1,700,5.28571428571429
631062,AJA,العلاقات التركية الإسرائيلية,10,2865,5.2739965095986
667217,AJA,القبيلة في الشرق الأوسط,2,2393,5.26535729210196
665808,AJA,تداعيات استقالة رئيس وزراء إثيوبيا ديسيلين,1,1463,5.26315789473684
683289,AJA,إرهاصات حرب 1967,3,2752,5.25678294573643
630597,AJD,أسرار حضارة الإنكا - الجزء 3,1,1580,5.25316455696202
744178,AJA,السلطة الفلسطينية والانتخابات التشريعية,1,4189,5.25185008355216
764699,AJA,إيراسموس والدبلوماسية الثقافية,1,1562,5.24967989756722
815823,AJA,الاختراق الصهيوني للمسيحية,5,4031,5.21954849913173
630251,AJA,محمد رشيد رضا.. مؤسس مجلة المنار,1,1419,5.21494009866103
843753,AJA,رأي ترامب في الأسد,1,1518,5.20421607378129
630535,AJD,أسرار حضارة الإنكا- الجزء 2,2,1509,5.20212060967528
683082,AJA,أزمة أثينا - الجزء 1,1,2792,5.19340974212034
658341,AJA,الفلان,2,2883,5.16822754075616
628022,AJA,الدانمارك من محطة عبور إلى مستقر,1,1491,5.16431924882629
842986,AJA,إسرائيل تشارك في مشروع غاليليو,1,1538,5.13654096228869
691772,AJA,سياسات الفوضى في الشرق الأوسط,1,489,5.11247443762781
817968,AJA,الأزمة السورية والأوضاع في فلسطين,2,1465,5.08532423208191
629496,AJA,غوغل.. من مشروع طلابي لعملاق إلكتروني,4,1234,5.08508914100486
673644,AJD,النجاشي.. أصحمة بن أبجر,2,2837,5.07578427916814
629267,AJA,روبوت شبيه بالإنسان,5,1226,5.07340946166395
706983,AJA,سوريا.. تسع سنوات على الثورة,2,2803,5.06600071352123
683213,AJA,الحياة بين السياسة والمجتمع,2,2794,5.06442376521117
788113,Other,معركة نارية على الجليد,2,1092,5.03663003663004
803653,AJA,أساليب ترامب والشرق الأوسط,1,3105,5.02415458937198
628828,AJA,تونس.. انتفاضة الشباب,1,2881,4.99826449149601
738975,AJA,هاتف آيفون القابل للطي.. ومفاجآت قادمة,2,1362,4.99265785609398
722005,AJA,المصير القانوني لمنتظر الزيدي,2,1434,4.9860529986053
803243,Other,وداعا للعقوبات,5,1192,4.9496644295302
764268,AJA,المثلث الأسود,1,1577,4.94610019023462
629746,AJA,الزعيم يحلق شعره.. رواية أغضبت القذافي,1,1418,4.93653032440056
628016,AJA,فلسطينية تكشف أكاذيب إسرائيل في بريطانيا,1,1480,4.93243243243243
821481,AJA,أسباب عودة الروس إلى غزو الشيشان,3,5197,4.91309088576743
818657,AJA,قطر والربيع العربي,6,1210,4.90358126721763
628264,AJA,إسرائيل وصناعة العلم,2,2911,4.89522500858811
704014,AJA,آفاق وقف العدوان الإسرائيلي على لبنان,2,1070,4.85981308411215
816085,AJA,بن غفير: يجب اعتقال المتعاونين مع الجزيرة,1,371,4.85175202156334
665889,AJA,مآلات الحرب على غزة فلسطينيا وإسرائيليا,1,2889,4.81135340948425
691744,AJA,الفكر العربي الديني المسيحي,2,655,4.80916030534351
790680,AJA,خرجت ولم تعد,1,1483,4.7875927174646
629134,AJA,غزة تكتب.. الرواية في مواجهة الاحتلال,1,1465,4.77815699658703
629721,AJA,البريء.. حكاية القمع والظلم,1,1532,4.76501305483029
629655,AJA,أمينة فقيم.. مسلمة تحكم موريشيوس,1,1370,4.74452554744526
696374,AJD,درجة ثالثة,1,3107,4.73125201158674
843333,AJA,مستقبل المنطقة العربية بعد هجمات سبتمبر,1,5231,4.7218505065953
818113,AJA,التجربة الرومانية في المرحلة الانتقالية,2,1283,4.71551052221356
672110,AJA,أول عربي بمنصب الرئيس التنفيذي لشركة شِل,1,1360,4.70588235294118
834574,AJA,المسلمون في الجيش الأميركي,1,2940,4.69387755102041
657933,AJA,العين سراج الجسد,3,804,4.6849087893864
834489,AJD,الأردن,3,2969,4.67048388907601
691735,AJA,الجينوم البشري وأخلاقياته,1,643,4.6656298600311
815762,AJA,تسليح الثورة السورية,2,2821,4.66146756469337
657922,AJA,الشتاء,5,727,4.64924346629986
630257,AJA,يوسف القرضاوي.. سيرة العلم ومسيرة العطاء,3,2783,4.64726314528686
686314,AJA,"""الطريق إلى فلسطين"".. استعادة القدس",1,690,4.63768115942029
629876,AJA,حجر فلسفي في كل مدرسة,2,1548,4.61886304909561
629575,AJA,معرض إيفا برلين,1,1324,4.60725075528701
678172,AJA,الصومال.. القصة المنسية - الجزء 2,1,2810,4.59074733096085
632106,AJA,كيف تصنع الموريتانيات السجاد التقليدي؟,1,1310,4.58015267175572
691679,AJA,مقاصد القرآن الكريم,1,2801,4.56979650124955
734963,AJA,تحديات العمل الإنساني في المنطقة العربية,1,1532,4.56919060052219
833147,AJA,شاه محمود قريشي.. كارثة فيضانات باكستان,3,1481,4.5464776052217
849257,AJA,قضية الصحراء الغربية.. ما الحل؟,1,2769,4.51426507764536
631049,AJA,مبادرات اجتماعية لتنمية مهارات الأطفال,1,1352,4.51183431952663
665304,AJA,نهاية السيطرة,3,3133,4.51111820406426
728422,AJA,الحد من تعدد الزوجات عربيا,2,2889,4.49982692973347
626063,AJA,مشاركة المرأة السعودية بالانتخابات البلدية,5,4251,4.49776523171019
668632,AJA,الانتخابات الإسرائيلية.. بين الدماء والسلام,5,2684,4.48584202682563
836837,AJA,ويكيليكس تختبر العلاقات الأميركية الإيطالية,1,1383,4.48300795372379
683291,AJA,بداية التحرك العسكري,2,2977,4.4507893852872
834495,AJD,فلسطين,6,2755,4.4464609800363
684158,AJA,انتهاكات إسرائيل والقانون الدولي,2,1463,4.44292549555708
811787,AJA,أميركا والربيع العربي,1,699,4.43490701001431
830514,AJA,توجهات السلفادور نحو الشرق,1,1402,4.42225392296719
769657,AJD,"ختيار أفريقيا ""تاتامكولو أفريقيا""",2,2876,4.38108484005563
626200,AJA,الخيانة الزوجية.. هل التعدد هو الحل؟,5,4218,4.36225699383594
627828,AJA,الدولة في الإسلام.. دينية أم مدنية؟,1,4016,4.35756972111554
749503,AJA,جورجيا.. دهاليز السلطة,1,1448,4.35082872928177
630801,AJD,الحروب,2,1598,4.34918648310388
760114,AJA,الصمغ العربي في تشاد,1,1452,4.33884297520661
631914,AJA,الإكوادور.. نساء وجذور,3,2682,4.33755903554561
764696,AJA,اختراق طالبان المخابرات الأميركية,1,2975,4.33613445378151
817936,AJA,قراءة في واقع الاتفاق النووي الإيراني,1,1455,4.32989690721649
631967,AJA,فنون صناعة الشرفيات في سوريا,1,1527,4.32220039292731
658461,AJA,مطعم فرنسي في ربوع المغرب,1,1552,4.31701030927835
818078,AJA,أهداف الناتو في يوغوسلافيا,3,4328,4.31300061614295
734990,AJA,مستجدات الحرب في اليمن,1,1531,4.31090790333116
629054,AJA,مستقبل العلاقات السعودية الأميركية,1,2900,4.31034482758621
765171,AJD,رمضان في جزيرة القمر الكبرى,1,2883,4.3010752688172
749487,AJA,رغبة المصريين في الانتخابات الرئاسية,3,3057,4.29615091047868
728434,AJA,"حركة ""أحرار الشام"".. من الألف إلى الياء",2,2910,4.29553264604811
632036,AJA,حطام أسطول نابليون,1,2496,4.28685897435897
803264,AJA,العراق بعد الاستقلال,1,1447,4.28472702142364
678330,AJA,أزمة دارفور وتعثر المفاوضات,1,2942,4.28280081577158
670203,AJD,حكايات من صوري مع النميري,1,1569,4.27023581899299
629082,AJA,معتقل الخيام,8,2925,4.22649572649573
764259,AJA,أهداف التحالف العربي في اليمن,1,2984,4.22252010723861
627894,AJA,قوى السيطرة العالمية.. كر وفر,2,2924,4.20656634746922
716661,AJA,هل تفوق سلاح الجو السوري على إسرائيل؟,3,3045,4.19266557197592
752973,AJA,خلاصة شهادة مؤسس ماليزيا الحديثة,1,4128,4.16666666666667
722007,AJA,العراق في دائرة العنف مجددا,1,1539,4.1585445094217
665316,AJA,الفرد والجماعة في الشرق الأوسط,2,2690,4.12639405204461
817973,AJA,حلف الناتو والثورات العربية,1,1480,4.12162162162162
628360,AJA,اليمن .. أصبحت بلا عنوان,2,3002,4.11392405063291
631201,AJA,الريع النفطي والتنمية والإصلاح السياسي,1,2917,4.11381556393555
806377,AJA,رؤية إلى مستقبل الوحدة الوطنية في العراق,1,4196,4.09914204003813
821523,AJA,دولة الخلافة.. في القرن الحادي والعشرين,2,4249,4.0833137208755
629940,AJA,السيسي يطلب المليارات ليسمح بالتظاهر,1,1519,4.08163265306122
836820,AJA,حظر النقاب في فرنسا,1,1499,4.06937958639093
818663,AJA,ضابط بريطاني يقود جيشًا عربيًّا,2,2983,4.05631914180355
627864,AJA,القوة في الإسلام.. المفهوم والأهمية,1,5402,4.05405405405405
701924,AJA,الطائرات المسيرة.. من التصوير إلى سلاح خطر,4,1377,4.04865649963689
630642,AJD,غانا,1,3308,4.02055622732769
778244,AJD,تغاريد عرس فلسطيني,1,2914,4.01509951956074
632135,AJA,تاريخ جسر زاخو الأثري بكردستان العراق,2,1334,4.01049475262369
697305,AJA,الإعلام الإسرائيلي أسير البروباغندا والرقابة,2,2133,3.98499765588373
817961,AJA,مستقبل تونس بعد حكومة الجبالي,1,1532,3.98172323759791
713122,AJA,كوسوفو.. صراع مستمر في أرض البلقان,1,4431,3.97201534642293
735458,AJA,العراق في دائرة الاستهداف الأميركي,1,4211,3.96580384706721
667354,AJD,الأغاني القبائلية,2,2610,3.96551724137931
667932,AJD,ابن بطوطة.. الجزء - 2,1,1678,3.93325387365912
665278,AJA,غانا: بركة من الذهب أم لعنة؟,1,1475,3.93220338983051
630356,AJA,الشاعر محمود شاكر وقصته مع طه حسين,1,1376,3.92441860465116
760112,AJA,ما قصة مملكة بهاولبور؟,1,1427,3.92431674842327
630400,AJA,من سليانة إلى الثورة,1,3044,3.90932982917214
814113,AJA,حرية التعبير وتطبيقاتها,2,4223,3.90717499408004
702725,AJA,أميركا وايران: إلى أين؟,1,2951,3.89698407319553
667386,AJD,انتقام عكسي,3,2712,3.88397246804326
627893,AJA,القرآن.. بين القراءة والتدبر والعمل,1,2860,3.88111888111888
749377,AJA,فطرة الله في خلقه,2,2839,3.87460373370905
849674,AJA,مأساة فلاديفوستوك وموسيقى آلات المطبخ الكورية,1,1637,3.84850335980452
776769,AJA,السنة والخلافات الطائفية في لبنان,2,2843,3.81639113612381
667227,AJA,الإرهاب والإرهاب المقابل,1,2735,3.80255941499086
657925,AJA,البشرة والوجه مرآة النفس,4,909,3.7953795379538
852212,Other,852212,13,73,3.79346680716544
717051,AJD,خيوط من ذهب,1,3123,3.77841818764009
629164,AJA,العلاقات الإسرائيلية الأفريقية,1,2917,3.77099760027425
683638,AJA,الجذري والمنقوص في حق العودة,1,2988,3.714859437751
845851,AJA,الديون.. حمل الشعوب الثقيل.. الجزء 1,5,2907,3.70829033367733
627866,AJA,حدود الله,2,2824,3.70042492917847
631124,AJA,علي شمو.. أوَل الأخبار.. آخر الأنباء,2,1536,3.67838541666667
834223,AJA,انهيار التعايش في أمبون الإندونيسية,1,1632,3.67647058823529
657945,AJA,مؤتمر البناء المتكامل للجيل القيادي - الجزء 1,1,2971,3.66879838438236
637874,AJA,محنة الإخوان بعد حل الجماعة,2,2971,3.66879838438236
696389,AJD,دارفور.. أمل من رماد,1,1502,3.66178428761651
821490,AJA,عبد الله جاب الله.. رأب الصدع الجزائري,1,2879,3.64709968739146
815632,AJA,تاريخ قيادي لبناني في الحرب الأهلية اللبنانية,1,2828,3.64214992927864
697150,AJD,سبع صنايع,2,2653,3.63739163211459
732727,AJA,مقبـرة المتوســط,3,4072,3.63457760314342
629656,AJA,إلهام علييف.. أبعاد الأزمة الأرمينية الأذربيجانية,1,1462,3.62517099863201
630987,AJA,في ظلمة الحرب تُضاء شمعة المبادرات,1,1300,3.61538461538462
630502,Other,أساليب تجارية جديدة,1,582,3.60824742268041
637871,AJA,صفقة النظام التعاضدي,1,2978,3.59301544660846
630260,AJA,قصة المثل.. الموضوع فيه إنّ,1,1488,3.56182795698925
657909,AJA,البقوليات,1,732,3.55191256830601
682999,AJA,لماذا تشتري دول الخليج الكثير من الأسلحة؟,3,4525,3.55064456721915
629949,AJA,جاريد كوشنر.. ورشة المنامة وصفقة القرن,3,1422,3.53961556493202
665960,AJA,الرياضة في غزة بعد الحرب,1,3088,3.52979274611399
834485,AJA,الأخوان فليفل,1,2892,3.52697095435685
705848,AJD,العميد.. الخصم - الجزء 2,1,3435,3.52256186317322
630172,AJA,"""المتمردون"".. وطن في المصحة",1,1477,3.5206499661476
626118,AJA,المسلمات الغربيات.. مشكلات وتحديات,5,4092,3.50439882697947
774729,AJA,تساؤلات عن شهادة حامد الجبوري,1,2835,3.45679012345679
702780,AJA,الطائرات الآلية,1,1360,3.45588235294118
630712,AJD,قبائل ورغمة,1,811,3.45252774352651
630637,AJD,حليم.. حكاية شعب,1,3187,3.45152180734233
629693,AJA,توماس فريدمان .. الصحفي الداعم لإسرائيل,1,2978,3.42511752854265
760758,AJA,"ما وراء عملية ""درع الفرات""",1,1437,3.40988169798191
673649,AJD,الأنامل الذهبية.. سعيد الشرايبي,1,1618,3.39925834363412
691824,AJD,نهر الزرقاء,1,1620,3.39506172839506
763876,AJA,صناعة الوهم,1,2950,3.35593220338983
815047,AJA,روبيرت بير.. مذكرات جاسوس أميركي في الشرق الأوسط,2,3146,3.3375715193897
777819,AJA,القذافي يستشرف مستقبل العرب بعد أحداث سبتمبر,3,5248,3.33460365853659
668398,AJA,أزياء من وحي الخيال,1,1500,3.33333333333333
685826,AJA,الثورة المصرية.. هل ضاعت الفرصة؟,3,2984,3.32886505808758
630258,AJA,مايتريبالا سيريسينا.. خلفيات تفجيرات سريلانكا,1,935,3.31550802139037
825878,AJA,وليد الرشودي.. نشأة الوهابية وأسسها,1,1585,3.2807570977918
658318,AJA,الأمازيغ.. نضال من أجل الهوية,1,2962,3.27481431465226
629090,AJA,"سقوط الأندلس.. ""الموريسكيون"" الطرد النهائي",5,2715,3.25598526703499
722226,AJA,العرب ونظام دمشق.. تعويم يسبق الترميم؟,1,2902,3.23914541695382
668258,AJD,قبل الجدار,4,2865,3.19371727748691
630973,AJA,القبيلة العربية والسياسة,1,2949,3.18752119362496
658039,AJA,حدود الباباراتزي,1,1509,3.18091451292247
680524,AJA,إعلان مبادئ على ضفاف النيل,1,2940,3.16326530612245
630114,AJA,السلفية بين الفكر والتجربة الحركية,2,2978,3.15648085963734
757808,AJA,"أذربيجان وأزمة ""ناغورني قره باغ""",1,1404,3.13390313390313
658442,AJA,الشرق الأوسط والأجندات الإمبريالية,1,1470,3.12925170068027
626413,AJA,العلم والعلماء في الإسلام,2,2990,3.12709030100334
687066,AJA,السودان.. فيضان القرن,3,3049,3.12670821034219
814120,AJA,جزر فاسدة,1,1671,3.11190903650509
701614,AJD,تكلم حتى أراك,3,3133,3.0960740504309
694022,AJA,حلف الممانعة وإسرائيل.. عداوة أم مصالح مشتركة؟,8,2904,3.09486914600551
628592,AJA,الدروع البشرية,1,2849,3.08880308880309
811766,AJA,شبح التدخل الأميركي,1,975,3.07692307692308
631996,AJA,مدارس المتفوقين.. خطة ألمانيا لدعم الأذكياء,2,2368,3.06165540540541
683649,AJA,قطار التطبيع,1,2880,3.05555555555556
626175,AJA,زوجات الأسرى.. تضحيات منسية,3,4257,3.05379375146817
749489,AJA,مال ودولة– الجزء 1,1,1349,3.03928836174944
823638,AJA,طالبان والتصعيد العسكري,4,1545,3.02588996763754
723226,AJA,القبلية والقومية,3,6071,3.01982100697304
630268,AJA,"حسن شيخ محمود.. إضعاف حركة ""الشباب""",1,1361,3.01249081557678
629617,AJA,أفغانستان.. معركة الأفيون,5,2911,3.00240467193404
683635,AJA,القدس.. الجغرافيا المستحيلة,3,3000,3.0
627907,AJA,الإسلاميون بين الدين والسياسة,1,2800,3.0
667767,AJA,النووي العربي,1,2991,2.97559344700769
826725,AJD,إسبانيو المغرب بين الذاكرة والحاضر,1,5017,2.96990233207096
670201,AJA,شروق ماليزيا,1,1619,2.96479308214948
824049,AJA,محادثات بريطانيا مع سوريا وإيران,1,1013,2.96150049358342
743684,AJA,ملامح علاقات العراق الخارجية بعد صدام,1,4264,2.95497185741088
681002,AJA,هجرة غيرت التاريخ.. جزء 2,1,2915,2.95025728987993
628251,AJA,موسيقي لبناني.. الشرق في أمريكا,1,1602,2.93383270911361
764387,LIVE,محمد أهيب النقشبندي ومعاذ أبيتان – نهاية المرحلة 1,1,2115,2.93144208037825
766612,AJD,الحاج الحسين التولالي,3,1513,2.93016082837629
733062,AJA,مستقبل التفاوض مع إسرائيل,1,2942,2.92318150917743
629057,AJA,الإكوادور.. المحطة,1,2841,2.92150651179162
629654,AJA,رانيل ويكر مسنغه.. تفجيرات سريلانكا الدامية,1,1273,2.90652003142184
698866,AJA,النووي الإيراني ومستقبل المفاوضات,1,2736,2.8874269005848
825930,AJA,قراءة في ملابسات مقتل القذافي,2,1455,2.88659793814433
818112,AJA,السياسة الخارجية السنغالية,2,1559,2.88646568313021
825894,AJA,تركيا ومتغيرات الربيع العربي,1,1356,2.87610619469027
678238,AJA,مستقبل الأكراد في سوريا,1,2901,2.86108238538435
628950,AJA,سجل أنا عربي,1,2882,2.84524635669674
743689,AJA,المسلمون في الغرب بعد أحداث 11 سبتمبر,2,4091,2.83549254461012
658454,AJA,قصة أول مطعم صيني في عمّان,1,1565,2.81150159744409
630388,AJA,ماذا يعني العيش في خيمة؟,1,1459,2.81014393420151
811774,AJA,سقوط شرعية نظام القذافي دوليا,1,1139,2.80948200175593
831409,AJA,بيليه.. أسطورة كرة القدم والجوهرة السوداء,2,1480,2.80405405405405
631925,AJA,الوحدة والاتحاد.. وحدات غلبها غلاب,1,2723,2.79103929489534
688788,AJD,الضربة القاضية,1,1507,2.78699402786994
665959,AJA,جدل حول أسباب حرب إسرائيل على غزة,3,3332,2.78111244497799
768126,AJD,لماذا لم أتزوج؟,2,1440,2.77777777777778
725006,AJA,الوحدة اليمنية المنقسمة,2,5626,2.77284038393175
823699,AJA,مطالب الماويين النيباليين,1,1082,2.77264325323475
697144,AJD,البحث عن جحا,1,3141,2.76981852913085
658036,AJA,الصحفيون الألمان تحت عين المخابرات,2,1516,2.73746701846966
716038,Other,دونالد ترامب.. السياسي العنيد,1,551,2.72232304900181
629833,AJA,شريحة إلكترونية في الدماغ البشري,1,1249,2.72217774219376
696358,AJA,صفقات الموت,1,2794,2.72011453113815
629653,AJA,نيكولاس مادورو.. الأزمة الفنزويلية,1,1181,2.70956816257409
752620,AJA,الاحتكار في مصر واليمن,1,1371,2.69876002917578
737275,AJD,علي الحبسي,3,1706,2.69636576787808
630245,AJA,"""قلب الليل"" والبحث في الوجود",1,1422,2.67229254571027
705982,AJA,من يعرقل الاستفتاء الدستوري في ليبيا؟,1,2888,2.66620498614958
686251,AJD,مدن الموتى,1,2799,2.64380135762772
657726,AJA,مطران مسيحي يقرأ القرآن والأحاديث,2,2844,2.61954992967651
626074,AJA,المرأة العراقية في السجون الأميركية,6,4201,2.61445687534714
815169,AJA,حماس بعد تشكيل حكومة الوحدة,4,1608,2.61194029850746
760755,AJA,المغرب ومكافحة الإرهاب,1,1499,2.60173448965977
665876,AJA,تقييم الربح والخسارة في حرب غزة,3,3025,2.60055096418733
719358,AJA,رمضان.. وحدة في الصيام وفُرقة في الرؤية,6,3852,2.56143994461751
764669,AJA,المسجد النبوي في عهود عثمان والوليد والمهدي,1,626,2.55591054313099
845599,AJA,قرن جديد.. هموم ثقافية متجددة,2,1624,2.55541871921182
817958,AJA,الصليب الأحمر وصعوبات عمله في سوريا,1,1186,2.52951096121417
667163,AJA,حرب اللغات.. العربية ولهجاتها,3,1544,2.52590673575129
821976,AJA,واقع جزر القمر سياسيا واقتصاديا,2,1548,2.51937984496124
629946,AJA,نيكول باشينيان.. تنازلات أرمينيا لوقف الحرب,1,1271,2.5177025963808
629902,AJA,أرمين سركيسيان.. مستقبل القوقاز,1,1235,2.51012145748988
665292,AJA,البرازيل.. انتصار على الجوع,2,2894,2.50518313752592
813618,AJA,أناس متنفذون.. الأخوان كوك,1,1440,2.5
629364,AJA,لخضر حمينة.. من الثورة إلى الصورة,1,1560,2.5
817982,AJA,أفغانستان والحوار بين واشنطن وطالبان,2,1631,2.48313917841815
786989,AJA,الانشقاق عن نظام الأسد,1,1537,2.47234873129473
689431,AJA,غزة بعد القصف,1,3042,2.465483234714
760116,AJA,تقنيات صناعة السجاد الإيراني,1,1301,2.45964642582629
722898,AJA,المافيا الإيطالية.. من السرية إلى العلانية,3,1454,2.45300320953691
760687,AJA,الفوضى في العراق والمسؤولية الأميركية,1,1431,2.44584206848358
629786,AJA,عبد الله حمدوك.. واقع ومستقبل السودان,1,1923,2.44409776391056
804988,AJD,أنظر خلف اللوحة,2,4905,2.43628950050968
632001,AJA,مأساة المغاربة في سعيهم للهجرة,1,2556,2.42566510172144
629905,AJA,حسين دهقان.. إيران وتهديدات ترامب,1,1361,2.42468772961058
629758,AJA,جاسيندا أرديرن.. هجوم المسجدين بنيوزيلندا,1,1280,2.421875
683246,AJA,مواجهة التاريخ,1,2851,2.42020343739039
629276,AJA,بطارية من السيليكون والكربون,1,1199,2.418682235196
625948,AJD,عجلات الحرب,1,3393,2.41674034777483
668554,AJA,مبادرة السلام العربية.. أين السلام؟,1,2954,2.40352064996615
825889,AJA,وانغاري ماثاي... أول أفريقية تحصد جائزة نوبل,1,1251,2.39808153477218
836816,AJA,الإمام والعقيد,1,3121,2.37103492470362
719615,AJA,احتجاجات إيران.. المآلات والتأثيرات المحتملة,1,2911,2.37031947784267
761432,AJA,طالب تركي في معتقلات مصر السياسية,1,1267,2.36779794790845
627358,AJD,مدن من قلق,2,3466,2.36583958453549
668561,AJA,الصراع الإيراني الغربي,1,2633,2.35472844663881
764692,AJA,ضحايا حلبجة في العراق وأمل لمّ الشمل,1,1402,2.35378031383738
817979,AJA,جيبوتي وخطر دول الجوار,1,1373,2.3306627822287
648021,Originals,هكذا نبذ النبي التعصّب,1,515,2.33009708737864
814119,AJA,الموقف الصيني من القضايا العربية,1,1504,2.32712765957447
764691,AJA,أزهار الساكورا في اليابان وسر البدايات,1,1379,2.32052211747643
817924,AJA,عرّاب الثورة البولندية,1,1340,2.3134328358209
629525,AJA,أول إذن ملاحة رسمي لسيارة كهربائية طائرة,1,1303,2.30237912509593
836810,AJA,القناع,1,1435,2.29965156794425
668579,AJA,لقاء حماس مع برلمانيين أوربيين,2,2962,2.29574611748818
817913,AJA,تونس.. من الدبلوماسية إلى المشكلات الداخلية,1,1485,2.28956228956229
811772,AJA,واشنطن وثورات الربيع العربي,1,1529,2.28907782864617
760113,AJA,جامع القرويين في فاس المغربية,1,1399,2.28734810578985
818080,AJA,قبرص وتحديات استخراج الغاز,2,1511,2.28325612177366
836827,AJA,التعديلات الدستورية التركية,1,1314,2.28310502283105
843352,AJD,آي تي أرياراتني,1,1446,2.28215767634855
629914,AJA,محمد إيسوفو.. النيجر وسط التوترات,1,1359,2.28108903605592
825890,AJA,أوضاع النساء في العالم,1,1318,2.27617602427921
629512,AJA,بيترو بوروشينكو.. علاقات أوكرانيا الخارجية,1,1450,2.27586206896552
764717,AJA,مصير معادلة الجيش والسلطة في مصر,2,2823,2.26709174636911
730167,AJA,الجهاز العسكري للإخوان في سوريا,1,2873,2.26244343891403
811790,AJA,الأوضاع الأمنية في اليمن,1,1327,2.26073850791258
760527,Other,جنوب أفريقيا تتحدى ترامب,1,1239,2.25988700564972
818624,AJA,كذبة أسلحة الدمار الشامل,3,5644,2.25608315615403
825880,AJA,ميشال أليو ماري.. فرنسا واليونيفيل,1,1332,2.25225225225225
818134,AJA,كوريون شماليون في اليابان,1,1644,2.25060827250608
629519,AJA,مهاتير محمد.. العودة إلى السياسة,1,1511,2.25016545334216
763854,AJA,مراحل اعتماد الخط العربي وتطوره في تركيا,1,1423,2.2487702037948
685802,AJA,الهند وباكستان.. والعلاقة مع واشنطن,1,2806,2.24518888096935
630278,AJA,جوزيني كونتي.. إيطاليا في مواجهة كورونا,1,1472,2.24184782608696
805689,AJD,معالم المسجد الحرام,1,1339,2.24047796863331
667258,AJA,عقوبات ثم غزو,1,2725,2.23853211009174
637836,AJA,كمين نكسة 67,3,2637,2.23739097459234
632091,AJA,حاسب محمول وهواتف ذكية شاشاتها تطوى,1,1166,2.22984562607204
677941,AJA,هجرة العقول العربية,1,2917,2.22831676379842
817976,AJA,بان كي مون.. الحظر الجوي على ليبيا,2,749,2.20293724966622
786988,AJA,الانتخابات المصرية والتشكيك في الشرعية,1,1453,2.20233998623537
817969,AJA,حرية الرأي والتعبير في العالم,1,1363,2.20102714600147
817920,AJA,موقف المغرب من الأزمتين السورية والليبية,1,1365,2.1978021978022
814099,AJA,ألمانيا وخطة عنان لوقف القتال في سوريا,1,1411,2.19702338766832
754902,AJA,مصر: الثورة والثورة المضادة,1,2778,2.19582433405328
627920,AJA,قزوين.. بحر النفط والأطماع,19,1684,2.19089886235779
763929,AJA,فتح من الداخل,1,3015,2.18905472636816
665313,AJA,المحاربون القدامى في أوكرانيا,2,2902,2.1881461061337
631989,AJA,كيف يعيش البدو في موريتانيا؟,1,1418,2.18617771509168
668272,AJD,الغياب,3,5310,2.18455743879473
818073,AJA,سيدة تنافس الرجال على رئاسة الجزائر,7,4447,2.1844582222365
631004,AJA,الكفاح من أجل الاستقلال,9,2770,2.17408744484557
629510,AJA,فايز السراج.. أبعاد المشهد السياسي الليبي,1,1474,2.17096336499322
808455,AJA,رئيس الصدفة,1,3047,2.16606498194946
629763,AJA,روك كابوري.. بوركينا فاسو والتحديات الصعبة,1,1526,2.16251638269987
631913,AJA,الحاج أمين الحسيني.. دعم فلسطين,3,2920,2.15753424657534
834209,AJA,يوليا تيموشينكو: استقلال أوكرانيا في خطر,1,1392,2.1551724137931
627909,AJA,التكفير والتكفيريون,1,2831,2.15471564818085
667151,AJA,العرب والمطالعة,1,1625,2.15384615384615
830432,AJA,واقع الاتجار بالبشر عالميا,1,1393,2.15362526920316
658370,AJA,11 سبتمبر.. مهنية الصحافة الأميركية,1,1627,2.15119852489244
790712,AJA,إجراءات مواجهة تغير المناخ,1,1444,2.14681440443213
733012,AJA,جهود قطر للتسوية بعد انقلاب 3 يوليو,1,1449,2.13940648723257
817930,AJA,مسلمو أميركا بعد أحداث سبتمبر,1,1407,2.13219616204691
753521,AJA,ثبوت القرآن الكريم,2,2768,2.13150289017341
735478,AJA,الأحزاب الليبية ما بعد الثورة,1,1456,2.12912087912088
836832,AJA,دور الإنتربول في مكافحة الجريمة,1,1410,2.12765957446809
735447,AJA,عملية السلام في الشرق الأوسط,1,1458,2.12620027434842
818114,AJA,جنوب السودان بعد محاولة الانقلاب,2,1489,2.11551376762928
789663,AJA,الرئاسة المصرية وسيادة القانون,1,1515,2.11221122112211
817932,AJA,مستجدات أسواق النفط والغاز,1,1468,2.11171662125341
678013,AJA,مصر ومخططات تعديل الدستور,1,2890,2.11072664359862
627530,AJD,يومياتي في المخيم,1,3127,2.11064918452191
817948,AJA,حمدين صباحي.. الرؤية السياسية والبرنامج الانتخابي,1,1469,2.11027910142954
760754,AJA,أشجع امرأة في العالم,1,1429,2.09937018894332
839757,AJA,تايلند وحرب المخدر المجنون,1,1620,2.09876543209877
628548,AJA,السودان.. ما بين الاحتقان والتفاوض,1,3002,2.09860093271153
833148,AJA,مستقبل التعايش السلمي بين الأديان,1,1478,2.09742895805142
657791,AJA,الطب,1,1478,2.09742895805142
817971,AJA,خريطة الجزائر السياسية في عهد بوتفليقة,1,1482,2.09176788124157
826282,AJA,الجدل الانتخابي في تركيا,1,1486,2.08613728129206
667332,AJA,ازدواجية المعايير الغربية,1,1681,2.08209399167162
657786,AJA,سبع سنوات في السجن,2,2859,2.08114725428471
817912,AJA,تركيا والربيع العربي,1,1498,2.0694259012016
795431,AJA,مستجدات الأوضاع في ليبيا,1,1452,2.06611570247934
833149,AJA,رئاسة إسبانيا للاتحاد الأوروبي,1,1455,2.06185567010309
684331,Other,حرب السيارات الكهربائية,1,1116,2.06093189964158
825901,AJA,التخلي عن القذافي والانضمام إلى الثورة,1,1555,2.05787781350482
811765,AJA,تأثير مقتل القذافي في الثورة السورية,1,1507,2.05706702057067
825905,AJA,موقف العراق من جدية الانسحاب الأميركي,1,1508,2.05570291777188
836818,AJA,آفاق السلام بين سوريا وإسرائيل,1,1511,2.05162144275314
818623,AJA,علي عبد الله صالح.. مواقف وسياسات,5,5749,2.04905200904505
823620,AJA,روبرت مردوخ.. إمبراطور الإعلام العالمي,1,1514,2.04755614266843
831817,AJA,هل إسرائيل فوق الأمم المتحدة؟,1,1470,2.04081632653061
825906,AJA,مستقبل النفط العراقي,1,1470,2.04081632653061
754226,AJA,أبعاد التهديدات الأميركية المستمرة ضد إيران,1,2058,2.04081632653061
814157,AJA,العلاقة بين واشنطن والخرطوم,1,1475,2.03389830508475
628640,AJA,أزمة بين نهرين,1,3002,2.03197868087941
824038,AJA,فولفغانغ شويبله.. مؤتمر الإسلام في ألمانيا,1,1478,2.0297699594046
682993,AJA,الإعلام الغربي بين الحيادية والانحياز,1,4686,2.0273154075971
836829,AJA,إنجازات الصليب الأحمر وتحدياته,1,1480,2.02702702702703
714222,AJA,الحركة الإسلامية في المغرب,1,3060,2.02614379084967
657689,AJA,جزر القمر.. عربية رغم تجاهل العرب,2,3011,2.0259050149452
814118,AJA,القضاء العراقي واتهامات التسييس,1,1481,2.02565833896016
735494,AJA,مصير الحوار الوطني في البحرين,1,1533,2.0221787345075
830431,AJA,الانتخابات الرئاسية الفرنسية,1,1484,2.02156334231806
817914,AJA,السياسية البريطانية تجاه الثورة السورية,1,1534,2.02086049543677
657727,AJA,تاريخ مع النضال والعمل الفدائي,12,3020,2.01434878587196
814477,AJA,موقف لبنان من الثورة السورية,1,1541,2.01168072680078
833134,AJA,برنامج الحكومة لإقامة الدولة الفلسطينية,1,1492,2.01072386058981
677613,AJA,دولة الشريعة اليهودية ورهبان الحريديم,1,1543,2.00907323395982
834546,AJA,آليات التغيير في الجزائر,1,1497,2.00400801603206
817922,AJA,النفوذ الأميركي والأزمة السورية,1,1497,2.00400801603206
740566,AJD,تحت السور,1,2952,1.99864498644986
830434,AJA,الانتخابات النيابية البحرينية الثانية,1,1502,1.99733688415446
811825,AJA,الثورات تحاصر حلفاء الولايات المتحدة,1,1502,1.99733688415446
703529,AJA,"الصين تحتضن التجار العرب في ""يي وو""",1,1358,1.98821796759941
817919,AJA,أكراد سورية وحقيقة موالاة النظام,1,1562,1.98463508322663
852237,Other,852237,3,84,1.98412698412698
834211,AJA,أزمة مياه نهر النيل,1,1513,1.98281559814937
790980,AJA,أبعاد الأزمة المالية الفلسطينية,1,1515,1.98019801980198
749442,AJA,القدس.. تاريخًا وثقافةً,1,2781,1.97770586120101
719624,AJA,عفرين.. المسارات المحتملة,1,2985,1.97654941373534
629921,AJA,تصاعد النسوية الإسلامية: دوافع ومحفزات,1,2893,1.97027307293467
825888,AJA,الحطام العربي والمشروع النهضوي,1,1579,1.9632678910703
667262,AJA,رصيف بحري على شاطئ غزة,1,1635,1.95718654434251
629908,AJA,أنطونيو غوتيرش.. جهود الحل بسوريا واليمن,1,1637,1.95479535736103
823614,AJA,قضايا عالمية من وجهة نظر فرنسية,1,1537,1.95185426154847
786990,AJA,ما بعد الثورة الليبية,1,1640,1.95121951219512
701608,AJD,شابلن كابول,2,5407,1.94192713149621
672860,AJD,الأخطل الصغير.. بشارة الخوري,2,2834,1.94071983062809
830963,AJA,يوسي بيلين.. المبادرة العربية وعملية السلام,1,1550,1.93548387096774
658337,AJA,الإعلام في إندونيسيا.. بين الحرية والتقييد,1,1654,1.93470374848851
814116,AJA,النظام السوري واستغلال القضية الفلسطينية,1,1552,1.93298969072165
817981,AJA,العلاقات التونسية المصرية,1,1604,1.93266832917706
693154,AJA,زارا محمد.. مكافحة الإسلاموفوبيا ببريطانيا,3,2915,1.9325328759291
830964,AJA,أبعاد مشكلة كشمير ومستقبلها,1,1564,1.91815856777494
787004,AJA,أزمة الدستور تضع مصر على صفيح ساخن,1,1619,1.9147621988882
823703,AJA,فؤاد السنيورة.. الحكومة واحتجاجات المعارضة,1,1573,1.90718372536554
823629,AJA,لام أكول.. موقف السودان من القوات الأممية,1,1626,1.90651906519065
766893,AJA,الباقورة والغمر,1,3095,1.90630048465267
629907,AJA,إبراهيم رئيسي.. إيران وقضايا المنطقة,1,1522,1.9053876478318
836841,AJA,فاروق القدومي.. لانتفاضة ثالثة في فلسطين,1,1577,1.90234622701332
830442,AJA,مستقبل الإصلاح في ليبيا,1,1580,1.89873417721519
790597,AJA,التوتر السياسي والأمني في لبنان,1,1580,1.89873417721519
626095,AJA,الفتيات الجانحات بين فخ الظروف وتأثير المجتمع,1,4108,1.89873417721519
629765,AJA,عمر البشير.. علاقات متوترة مع مصر,1,1633,1.89834660134721
629659,AJA,نيكولاس مادورو.. فنزويلا وقضايا العالم,1,1633,1.89834660134721
630499,AJD,شوقا للركن الخامس,2,3161,1.89813350205631
836821,AJA,المشهد السياسي التونسي بعد انتخابات الرئاسة,1,1588,1.88916876574307
814476,AJA,منظمة التعاون الإسلامي والربيع العربي,1,1595,1.88087774294671
735480,AJA,مستقبل أوبك بعد الحرب على العراق,2,4125,1.87878787878788
819124,AJA,تونس بعد الثورة,1,1652,1.87651331719128
825902,AJA,تركيا وثورات الربيع العربي وإسرائيل,1,1599,1.87617260787993
817935,AJA,آفاق التغيير في قرغيزستان,1,1605,1.86915887850467
628805,AJA,مبادرات عربية للتعليم,1,1289,1.86190845616757
826723,AJD,أنامل الزمان,1,1773,1.86125211505922
830430,AJA,الفن الحقيقي كما يراه مارسيل خليفة,1,1617,1.85528756957328
629171,AJA,سوريا وقوى 14 آذار,3,2936,1.85059037238874
789665,AJA,فتح ضريح ياسر عرفات لكشف لغز وفاته,2,1572,1.84478371501272
629677,AJA,محمد آل ثاني.. الدوحة وقمّتا مكة,2,3097,1.82434614142719
658431,AJA,اليوغا .. طريقة لتخفيف مآسي الحرب,1,1539,1.81936322287199
830436,AJA,استعدادات الإمارات لأول انتخابات في تاريخها,1,1653,1.81488203266788
818660,AJA,تطورات المشهد الفلسطيني,5,1587,1.81474480151229
839154,AJA,جزر فوكلاند ومقهى كازبلانكا,1,1602,1.81023720349563
770178,AJA,ترامب وحرب الرسوم الجمركية,2,1909,1.80722891566265
665874,AJD,قلب فلسطين,2,1555,1.80064308681672
657770,AJA,اليمن بعد الاستقلال,6,2699,1.79696183771767
823702,AJA,القوات الدولية في دارفور,1,1675,1.7910447761194
628740,AJA,أسرار أيلول.. هل آن أوان إسرائيل؟,1,2743,1.7863652934743
727956,AJA,أزمات لبنان من منظور حزب الله,1,1516,1.78100263852243
773301,AJA,"قافلة ""شريان الحياة"" والاعتداء المصري",2,3009,1.77799933532735
823635,AJA,عام على تفجيرات لندن,1,1700,1.76470588235294
629910,AJA,ميشال عون.. الأزمة اللبنانية الخليجية,1,1768,1.75339366515837
851913,AJD,1450 AM راديو التعايش,1,3081,1.75267770204479
707008,AJA,مبادرة ماكرون.. إنقاذ للبنان أم عودة للاستعمار؟,1,2856,1.75070028011204
629636,AJD,الطريق إلى دكار,2,3149,1.74658621784694
665898,AJA,مجزرة الشجاعية والأبعاد الإنسانية بغزة,1,2921,1.74597740499829
658423,AJA,مخاطر الإعلام في العراق,2,1671,1.73548773189707
628687,AJA,الفتن منذ التكوين,2,2703,1.72031076581576
629577,AJA,قصة إنشاء رابطة يهود الخليج,1,1517,1.7139090309822
851948,AJA,الربيع العربي والفوضى الإعلامية والسياسية,1,2803,1.71245094541563
667736,AJA,مواطن الدولة المفقودة,1,3039,1.71108917407042
814485,AJA,واقع سيراليون بعد الحرب الأهلية,2,965,1.70984455958549
683207,AJA,الهروب من السجن,1,3109,1.70472820842715
720174,AJA,الباغوز.. المعركة الأخيرة؟,1,2993,1.70397594386903
629549,AJA,انتخابات تركيا.. جولة أخيرة حاسمة,1,1529,1.70045781556573
834496,AJD,اليمن,2,2857,1.69758487924396
668636,AJA,دارفور والبعد الإسرائيلي الجديد,1,2959,1.68976005407232
631076,AJA,اتجاهات السياسة التركية,3,2819,1.66725789286981
626025,AJA,المرأة العربية والمقاطعة الاقتصادية,2,4001,1.64958760309923
678203,AJA,جيش الفتح وتحرير إدلب,1,2732,1.64714494875549
626266,AJA,وحدة الإسلام والمسلمين.. سبيل وغاية,2,2980,1.64429530201342
839701,AJA,حرية الإبداع.. صراع الإسلاميين والعلمانيين,2,5321,1.6350310092088
630149,AJA,حازم صاغية.. رؤيته إلى الواقع,1,3121,1.63409163729574
667367,AJA,رقصة أميرة الطاووس الصينية,1,1594,1.63111668757842
629470,AJA,تأملات في شقاء العرب.. الرفض,2,1503,1.63007318695941
752616,AJA,أزمة السكن والعشوائيات,2,1537,1.62654521795706
670759,AJA,الشيخ إمام.. فكرة مصرية باقية,1,2835,1.62257495590829
819119,AJA,الأمم المتحدة وأزمة سوريا,2,994,1.60965794768612
631025,AJA,التوطين في لبنان,7,2890,1.60652496292635
627822,AJA,إعلاء حقوق العباد في الإسلام,2,5359,1.60477701063631
658394,AJA,الحدث الساخن وتأثيرات التغطية الإعلامية,5,1601,1.57401623985009
749410,AJA,التعليم وإشكالية التنمية,1,2796,1.57367668097282
817980,AJA,أول حكومة انتقالية في سوريا,2,1469,1.56569094622192
667312,AJA,اللاهوت السياسي ومساحات التفكير الجديدة,1,2698,1.55670867309118
683003,AJA,السلطة الفلسطينية ومعاهدة أوسلو,2,4453,1.5495171794296
830978,AJA,أوضاع حركة طالبان ومستقبلها,2,1594,1.53701380175659
686331,AJA,الفلسفة الأميركية,1,721,1.52565880721221
814499,AJA,الغياب الدبلوماسي العربي عن جزر القمر,3,1685,1.52324431256182
627806,AJA,الشريعة وملاءمتها للعصر,3,3784,1.51515151515151
682898,AJA,تايلند.. جزء 2,1,1388,1.51296829971182
632040,AJA,استخراج اللؤلؤ الطبيعي في قطر,1,1264,1.50316455696203
631190,AJA,محمد الصبحي: زيّنا العُماني.. يشبهنا,1,1542,1.49156939040208
683632,AJA,الزيتونة,1,2787,1.47111589522784
744175,AJA,انقلاب الصخيرات وتجربة سجن تازمامارت,1,2788,1.47058823529412
629178,AJA,الانقلابات العربية.. الأدوار الإقليمية,1,2722,1.4695077149155
627556,AJD,مبدعون بألوان مغاربية,1,2817,1.45544905928293
851020,AJA,برويز مشرف بين أميركا وطالبان,1,1654,1.45102781136638
738674,AJA,نحو حلف فضول جديد,1,2895,1.45077720207254
627575,AJD,سندباد السودان,1,3320,1.44578313253012
683609,AJA,أوميكرون والمتحورات الأخرى,2,2940,1.44557823129252
701527,AJA,ميزان التحالف ونيرانه في واشنطن,1,2809,1.42399430402278
818110,AJA,تركيا.. وثورات الشعوب العربية,2,1197,1.42021720969089
826721,AJA,أحزمة الموت,1,3117,1.41161373115175
700987,AJA,تزوير الانتخابات التشريعية التونسية 1981,1,2772,1.40692640692641
826747,AJA,رؤية اليونان للقضايا العربية,2,1209,1.40612076095947
778228,AJA,الانتعاش الهش,1,2782,1.4018691588785
678141,AJA,قرار الانسحاب الروسي من سوريا,1,2956,1.38700947225981
695125,AJA,صدى حرب لبنان في الانتخابات الأمريكية,1,3828,1.38453500522466
629953,AJA,إلهام علييف.. رؤية لمستقبل أذربيجان,1,2528,1.38449367088608
657697,AJA,ثائر ورجل دين شيعي بارز,3,2926,1.37844611528822
629354,AJA,أردنية تُلقّب بامرأة العام بأستراليا,1,1464,1.36612021857923
627881,AJA,العملات العربية.. الانهيار الحاد,3,2907,1.364522417154
658008,AJA,سلطنة عمان.. خطة الوظائف الجديدة,1,1249,1.36108887109688
628730,AJA,واشنطن وعالم ما بعد حرب أوكرانيا,3,2983,1.35210638060118
834216,AJA,الدول الكبرى وصناعة الجوع في الدول الفقيرة,1,2669,1.34881978269015
665804,AJA,أبعاد التوتر في العلاقات بين تركيا وأميركا,3,1420,1.33802816901408
657952,AJA,الموشحات.. من الأندلس إلى العالم العربي,1,3102,1.3217279174726
817940,AJA,مستقبل كوسوفو,2,1330,1.31578947368421
754899,AJA,مصر بعد سقوط نظام مبارك,1,2282,1.31463628396144
630134,AJD,أحلام بيضاء - الجزء 1,2,2870,1.30662020905923
696368,AJA,جريمة ضد التاريخ,1,2837,1.3041945717307
821962,AJA,رؤية جديدة لتركيا,2,3318,1.2959614225437
631941,AJA,"مذكرات ""بوش"" و""بلير"".. كشف الخبايا",2,2947,1.28944689514761
830440,AJA,قصة جائزة نوبل للسلام,2,1168,1.28424657534247
727925,AJA,غوستافو بيترو.. دعم كولومبي قوي لفلسطين,1,1173,1.27877237851662
688193,AJA,حرب تموز ودور الجيش اللبناني,1,1408,1.27840909090909
817941,AJA,الموقف الأممي من المستوطنات الإسرائيلية,2,1381,1.26719768283852
706729,AJA,إمبراطورية ماسك.. مستقبل تتحكم فيه شركة,1,1265,1.26482213438735
668371,AJA,مأكولات بلمسات فنية,1,1504,1.26329787234043
760359,AJA,مصير الإيغور في إقليم شينغيانغ,2,2743,1.25774699234415
697785,AJD,رسائل ثورة.. رسائل حب,1,3119,1.2504007694774
840085,AJA,المورويون في الفلبين,1,1608,1.24378109452736
657960,AJA,تجلّي الحضرة الصوفية في فاس,1,2975,1.2436974789916
716092,AJA,محاولات تهويد الأقصى,2,2818,1.24201561391057
732688,AJA,الفلوجة بين نار الرصاص ونار الفتاوى,1,4214,1.23398196487897
629811,AJA,إبداع الحلول الزراعية,3,1464,1.22950819672131
667334,AJA,المغدور - الجزء 1,2,2969,1.22937015830246
788501,AJA,المفاوضات الأميركية الإيرانية.. هل من جديد؟,1,2940,1.22448979591837
814493,AJA,صربيا وقضية كوسوفو,2,1513,1.22273628552545
628820,AJA,حماس وحزب الله بين المقاومة والسياسة,2,2916,1.21742112482853
629917,AJA,فالح الفياض.. العراق والأزمة الأميركية الإيرانية,1,3049,1.21351262709085
685793,AJA,آفاق المصالحة الوطنية في العراق,1,2902,1.20606478290834
668602,AJA,التحقيق بحرب العراق.. ما وراء الأبواب المغلقة,1,2946,1.18805159538357
658408,AJA,على خط الحدود,1,2953,1.18523535387741
629956,AJA,إيمانويل ماكرون.. فرنسا والرسوم المسيئة للنبي,3,3010,1.17386489479513
735476,AJA,اليمن في ظل عاصفة الحزم,2,1414,1.16690240452617
823626,AJA,الإصلاح الاقتصادي في الإكوادور,2,1378,1.1611030478955
627913,AJA,هل تنفذ تركيا عملية عسكرية في سوريا؟,3,2958,1.16069416272256
836502,AJD,مسلمو كوريا الجنوبية.. البحث عن موطئ قدم,2,2997,1.15115115115115
706233,AJA,اتفاق إدلب.. الرابحون والخاسرون,1,2897,1.13910942354159
626135,AJA,شهر رمضان.. أيامٌ لله,1,2994,1.13560454241817
771030,AJD,شغف عالم وارف ومنير المخرم,2,1684,1.12826603325416
798859,AJD,4 -بين ثورتين,2,3147,1.12805846838259
790972,AJA,عام على عاصفة الحزم,1,1513,1.12359550561798
627979,AJA,الخطاب الإلهي.. بين الأمة والدولة,2,2853,1.12162635821942
728372,AJA,التسويات السياسية.. مآلاتها وآفاقها المستقبلية,1,1606,1.12079701120797
626126,AJA,ثقافة العمل التطوعي,4,4191,1.11548556430446
629605,AJA,مسيرة جراح قلب ليبي في أميركا,2,1481,1.11411208642809
628868,AJA,الليبراليون العرب والديمقراطية,1,2874,1.1134307585247
809126,AJA,الاحتلال الأميركي والأزمة الاقتصادية العراقية,1,3956,1.11223458038423
667406,Other,فيلم وثائقي,2,1037,1.10896817743491
752963,AJA,الفتوى والسياسة,1,2887,1.10841704191202
668634,AJA,الدبلوماسية العربية والغياب عن الساحة العراقية,1,2979,1.10775427995972
730163,AJA,نشأة الإخوان المسلمين في سوريا,7,2929,1.10715505048042
657789,AJA,الكيمياء,2,1452,1.10192837465565
629904,AJA,غزالي عثماني.. إنجازات الاتحاد الأفريقي وطموحاته,1,1281,1.09289617486339
726923,AJA,تطبيع مفاجئ,1,5226,1.09070034443169
629767,AJA,أردوغان.. كواليس فشل الانقلاب,1,2963,1.07998650016875
626134,AJA,المرأة في عالم المال والأعمال,5,4345,1.0771001150748
790981,AJA,سوريا ومنظمة حظر الأسلحة الكيميائية,1,1493,1.07166778298727
683677,AJA,صيدا بين الأمس واليوم,1,1402,1.06990014265335
629104,AJA,الحاج أمين الحسيني.. فاتورة التحالف,1,2907,1.06639146886825
665906,AJA,حملة إعلامية إسرائيلية ضد قطر والجزيرة,1,2910,1.06529209621993
735444,AJA,سد النهضة.. تطورات الأزمة وسيناريوهات الحل,1,1504,1.06382978723404
815155,AJA,تونس تستعد لأول انتخابات بعد الثورة,1,1507,1.06171201061712
760364,AJA,منظومة الرواتب في العالم العربي,1,1417,1.05857445306987
683808,AJA,إيران.. الاختبار الصعب,1,2936,1.0558583106267
668556,AJA,النفط العراقي يشعل الخلاف مع الأكراد,1,2944,1.05298913043478
766578,AJA,المختطفون في اليمن,1,3060,1.04575163398693
658418,AJA,الصحافة الصفراء بين إقبال وإعراض,7,1626,1.04551045510455
819121,AJA,أزمة الإعلان الدستوري في مصر,2,1582,1.04298356510746
823719,AJA,تحديات ليبيا بعد سقوط القذافي,2,1487,1.04236718224613
818059,AJA,محمد القاق.. محكوم بالنضال,1,2891,1.03770321687997
749470,AJA,الغابة الباكية,1,2899,1.03483959986202
628912,AJA,تونس بأعين أميركية,1,3000,1.03333333333333
730164,AJA,شهادة الإخوان على أحداث حماة الأولى,1,2933,1.02284350494374
628887,AJA,القضية الكردية والتحولات الإقليمية,1,2857,1.01505075253763
849728,Originals,"رفع العقوبات وتجاهل الاعتداءات في ""باب الحارة""",1,2074,1.01253616200579
626197,AJA,أزياء المرأة وصيحات الموضة,5,4175,1.01077844311377
814434,AJA,حاضر الثورة الليبية ومستقبلها,1,2972,1.00942126514132
836822,AJA,الجهاد الإسلامي والمفاوضات مع إسرائيل,1,2993,1.00233879051119
761500,LIVE,شيخ المحشي وحمص بالطحينة مع حلوى البركوكش,1,1703,0.998238402818555
737334,AJA,السوريون الأميركيون ودعم الثورة,1,3319,0.994275384151853
680658,AJA,العلاقات التركية الروسية وتطورات الأزمة السورية,2,2933,0.988748721445619
795430,AJA,محددات سياسة جنوب أفريقيا الخارجية,1,1526,0.982961992136304
735253,AJA,علامات الساعة,1,4177,0.981565717021786
629978,AJA,غانم الديكان .. ملحن العائلة الموسيقية,1,2963,0.978737765777928
823621,AJA,قمة القاهرة والانتفاضة الفلسطينية,1,1644,0.97323600973236
626083,AJA,الأحوال الشخصية بين الإسلاميين والعلمانيين,1,3717,0.968523002421308
677883,AJA,التوتر بين مالي والمجتمع الدولي,1,3021,0.959947037404833
626180,AJA,حفظ العلماء لميراث النبوة,1,3031,0.956779940613659
733055,AJA,الإعلام السياسي في الوطن العربي,1,2823,0.956429330499469
714621,AJA,البنوك الإسلامية,1,4517,0.951959264998893
772434,Other,محمد أحمد.. شخصية ثورية سودانية,1,421,0.950118764845606
667760,AJA,ثورة أبريل: ضد حكم العسكر.. ضد نميري,1,2957,0.946905647615827
817983,AJA,الحكومة التونسية والتيّار السلفي,2,1645,0.942249240121581
665326,AJA,الهجرة إلى المجهول,1,2664,0.938438438438438
764742,AJA,جمهورية الضباط,1,3008,0.930851063829787
667248,AJA,اللاجئون الفلسطينيون وحق العودة,1,2708,0.923190546528804
686969,AJA,سوريا بعد مؤتمر حزب البعث,1,4118,0.92277804759592
830443,AJA,الإستراتيجية الأميركية في العراق,2,1627,0.921942224953903
678299,AJA,الإسلاميون.. والإسلام,1,2839,0.915815427967594
759616,AJD,نحن من هناك,3,3286,0.892675999188476
836815,AJA,عيون الحرية,1,2586,0.889404485692189
701592,AJA,ليبيا،. ملف غربي أم أوروبي؟,1,2937,0.885257065032346
677590,AJA,السودان بعد رحيل جون قرنق,1,2937,0.885257065032346
665305,AJA,المرأة في النقابات المهنية,2,4043,0.878060845906505
658410,AJA,مناصرو الحكم العسكري في الأرجنتين,1,2745,0.87431693989071
760129,AJD,سفراء تحت الماء,1,1727,0.868558193398958
629952,AJA,ميشال عون.. لبنان والإقليم المعقد,2,2678,0.858849887976102
629850,AJA,التغيير المناخي والتحديات المستقبلية,1,2942,0.849762066621346
626013,AJA,الزواج المختلط وأثره في المجتمع,1,3888,0.848765432098765
658380,AJA,مسلمو الباليك في الفلبين,1,2949,0.84774499830451
698607,Other,لماذا اختار ترامب فانس نائبا له؟,1,946,0.845665961945032
628638,AJA,تنفيذ ماغنيتسكي بين الإجبارية والمرونة,1,3001,0.833055648117294
814112,AJA,التراث الفقهي وكيفية التعامل معه,3,4057,0.829841426341303
678332,AJA,آفاق السلام بعد مرض شارون,1,2927,0.819952169456782
629066,AJA,سيناريوهات التدخل البري في سوريا,2,2941,0.816048962937776
667855,AJD,نبض الشارع,3,3155,0.813523507659799
722221,AJA,حراك غزة,1,2973,0.807265388496468
701575,AJA,تويتر في يد ترامب: الأهداف والتداعيات,1,2979,0.80563947633434
678135,AJA,ليلة الانقلاب في تركيا.. كواليس وأسرار,1,2979,0.80563947633434
833034,AJA,مصير نظام الأسد مع استمرار الاحتجاجات,1,2004,0.798403193612774
818023,AJA,شاهد على الحرب الأهلية اللبنانية,1,3009,0.797607178464606
677599,AJA,ما بعد مؤتمر السلام السوداني,1,4270,0.796252927400468
840708,AJA,بقايا حلم.. سميح شقير - الجزء 1,2,1572,0.795165394402036
851940,AJA,الجامعات العربية وعوائق تقدمها,1,2773,0.793364587089794
627921,AJA,عندما فر المستوطنون,1,2788,0.78909612625538
626143,AJA,فتن الدنيا.. أشكالها وغاياتها,2,2995,0.784641068447412
665821,AJA,تداعيات الانتخابات التركية المبكرة,1,1534,0.782268578878748
683284,AJA,المتاحف في العالم,3,1458,0.77732053040695
665302,AJA,أول مخرجة عربية للدراما التلفزيونية,1,2965,0.775716694772344
678273,AJA,بين المحنة والمنحة,1,2859,0.769499825113676
802493,AJA,خفايا العدوان الإسرائيلي على أسطول الحرية,1,2863,0.768424729304925
626127,AJA,زواج الخليجية من عربي,6,4227,0.760980995189654
677992,AJA,سيناريوهات مستقبل الصراع باليمن,1,2893,0.760456273764259
678091,AJA,موقف حماس من تهويد القدس,1,2899,0.758882373232149
778208,Other,ورشة بناء سوريا,2,1716,0.757575757575758
698867,AJA,التقية السياسية جنبت طهران عقوبات مجلس الأمن,1,4193,0.739327450512759
683645,AJA,أكذوبة الانصهار,1,2842,0.738916256157635
667821,AJD,مقاييس الجمال عبر العصور,2,3300,0.727272727272727
685806,AJA,اليمن بعد علي عبد الله صالح,1,2897,0.724887814981015
825927,AJA,عين بثينة,1,2218,0.721370604147881
815045,AJA,اختطاف الموساد قياديا لبنانيا,1,3059,0.71918927754168
765138,AJA,العوامة - سوريا,1,140,0.714285714285714
668223,AJA,جاهدة وهبي: كاهنة المسرح وصوت الحق,1,705,0.709219858156028
771031,AJA,رافضون,1,3003,0.699300699300699
683844,AJA,طالبان.. المخاوف والتطمينات,1,3004,0.699067909454061
717030,AJA,تداعيات الانتخابات الرئاسية الأميركية 2004,1,4206,0.689491203043271
682906,AJA,الأزمة الليبية.. مسارات الحل السياسي,1,3054,0.68762278978389
657681,AJA,"قيود على الفكر في ""زمن الذلقراطية""",1,2915,0.686106346483705
630128,AJA,الأزمة الأوكرانية والمسارات المحتملة للحرب,2,3004,0.682423435419441
628423,AJA,الانسحاب من أفغانستان وذكرى هجمات سبتمبر,1,2936,0.681198910081744
722291,AJA,الربيع العربي وتساؤلات الحضور الإسرائيلي,1,2820,0.673758865248227
797250,AJD,أذربيجان,1,3122,0.672645739910314
770378,AJA,غزة.. الرواية الأخرى,1,2996,0.667556742323097
837645,Other,زراعة الزهور,1,301,0.664451827242525
628955,AJA,غزة تعيش,1,2882,0.659264399722415
657854,AJA,من السجن إلى الثورة,1,3062,0.653167864141084
760137,AJA,وثيقة تقييد الفضائيات وحدود الفن الساخر,2,2778,0.647948164146868
831398,AJA,الجنة المسروقة,1,2958,0.642325895875592
702834,Originals,شيماء.. عينٌ على القناص,1,1873,0.640683395621997
665919,AJA,تحديات إعمار غزة,2,3284,0.639464068209501
677994,AJA,المغرب وقضايا المنطقة,1,2357,0.636402206194315
626184,AJA,المسلمون في البلقان.. تعايش وتضييق,1,2991,0.635239050484788
677596,AJA,الاحتفال بالمولد النبوي.. جدل مستمر,2,1504,0.631648936170213
627902,AJA,انهيار إمبراطورية شركات الاستثمار في ألبانيا,1,1598,0.625782227784731
750512,AJA,إستراتيجية أميركا بعد 3 أعوام من غزو العراق,4,2784,0.619612068965517
701062,AJA,تنصيب وسط انقسام,1,2786,0.610193826274228
821977,AJA,ابن سيناء الذي فدى مصر بجسده,1,2625,0.60952380952381
722965,AJA,الحقيقة.. ولا شيء غير الحقيقة,2,2900,0.603448275862069
697818,AJA,اللاجئون في أوروبا,1,3012,0.597609561752988
698609,AJA,العرب وحزام الكوارث,1,3035,0.593080724876441
626015,AJA,عمليات التجميل.. أسبابها ونتائجها,3,4273,0.592869958655121
826708,AJA,ذبح بلا دم,1,1368,0.584795321637427
719325,AJA,تداعيات قرار مجلس الأمن الدولي 1559,1,4289,0.582886453718816
784035,Other,العدالة الانتقالية,2,1377,0.580973129992738
629406,AJA,خط الغاز العربي,1,2957,0.574907000338181
628694,AJA,مفاجأة أكتوبر,1,2963,0.573742828214647
627819,AJA,صلاحية القرآن الكريم لكل العصور,3,4444,0.57005700570057
823623,AJA,الحل العسكري في ليبيا,2,2920,0.565068493150685
628424,AJA,الموقف الأميركي من حرب روسيا وأوكرانيا,1,3017,0.563473649320517
766541,AJA,في بطن الحوت,1,3026,0.561797752808989
631044,AJA,تونس.. سيناريو الحرية,1,2885,0.554592720970537
626252,AJA,الخادمة.. حقوق مهدرة وعجز القوانين,5,4135,0.551390568319226
701594,AJA,أميركا.. لعنة التاريخ والتماثيل,1,2938,0.544588155207624
631939,AJA,كتاب يفشي الأسرار,5,2956,0.54127198917456
630009,AJA,ألغام فرنسا في الجزائر.. قنابل موقوتة,1,1523,0.525279054497702
632084,AJA,الكاريكاتير.. من حنظلة إلى أبي قتادة,1,1532,0.522193211488251
628669,AJA,الانقلابات العربية.. صراع وفساد,1,2702,0.518134715025907
754898,AJA,مصر: مجلس الثورة مقابل الجيش,2,3222,0.512104283054004
792758,AJA,مطاع صفدي.. سبل النهضة العربية,1,1564,0.51150895140665
686014,Other,صراع الفيل والتنين,1,982,0.509164969450102
715011,AJD,ضربة حرة.. فريق جبهة التحرير,1,3158,0.506649778340722
678252,AJA,لقاحات كورونا وحملات التشكيك,3,2844,0.503984997655884
631332,AJA,مبادرات تشجيع القراءة,1,1197,0.50125313283208
701576,AJA,عام 2016: وداعا,2,2937,0.493701055498808
629832,AJA,هل يهدد الذكاء الاصطناعي وظائفنا في المستقبل؟,1,1218,0.492610837438424
628855,AJA,يوم الأرض,1,3051,0.491642084562439
773034,Other,المسجد العمري في غزة,1,408,0.490196078431373
630479,AJD,جزار العيد في تونس,3,824,0.485436893203884
834580,AJA,الأسلحة الكيميائية,1,2488,0.482315112540193
629883,AJA,تحديات الرياضة النسائية,1,1467,0.477164280845262
817949,AJA,"اتفاقية ""أديس أبابا"" بين السودان وجنوبه",1,1490,0.469798657718121
687036,AJA,علاج العقول,1,1497,0.467601870407482
626250,AJA,فقه الضرورة وتطبيقاته المعاصرة,1,3005,0.465890183028286
688822,AJD,النقش على الجلد في غرناطة,1,644,0.46583850931677
717691,AJA,القرار الأميركي وخيارات الرد,1,3027,0.462504129501156
817942,AJA,رؤية الحوثيين السياسية إلى حل الأزمة اليمنية,1,2387,0.460829493087558
685734,AJA,العدالة الدولية بين النسبية والكلية,1,2865,0.453752181500873
665287,AJA,خرافة الهجرة,1,1558,0.449293966623877
630490,AJD,السجن,4,1624,0.446428571428571
818230,AJA,قطر تصد هجمة صاروخية إيرانية على قاعدة العديد,2,337,0.445103857566766
629179,AJA,استهداف الطائرات والسفن.. جبال الأسرار الهائلة,1,2714,0.442151805453206
735481,AJA,تركيا والعرب وأميركا,2,3600,0.430555555555556
814483,AJA,موقف الصومال من التدخلات الإثيوبية والأميركية,1,697,0.430416068866571
626251,AJA,الرجولة بين المظهر والمضمون,3,4284,0.420168067226891
821521,AJA,المراهقة وطريقة التنشئة الإسلامية,2,4287,0.419874037788663
683698,AJA,الحج,1,1438,0.417246175243394
629891,AJA,أنواع الحب عند العرب,1,1439,0.416956219596942
665285,AJA,تنزانيا: لعنة المصابين بالمهق,1,1440,0.416666666666667
677910,AJA,الدور المنشود لمنظمة أطباء بلا حدود,1,2887,0.415656390717007
732710,AJA,كوبا.. بداية جديدة,1,2889,0.415368639667705
683140,AJA,أحمد زكي يماني.. الصراع من أجل النفط,6,2773,0.414713306887847
667205,AJA,الحروب.. صناعة التضليل الإعلامي,3,2356,0.410299943406904
683805,AJA,القدس والمعركة ضد التهويد,1,2992,0.401069518716578
629305,AJA,الضيف يرعب إسرائيل وحماس تشكر طهران,1,1506,0.398406374501992
678107,AJA,أوروبا بعد صعود أحزاب أقصى اليمين,1,2546,0.392772977219167
739325,AJA,صنع في فلسطين,1,1281,0.39032006245121
691823,AJD,نهر النيجر.. نبع الحياة,2,1540,0.38961038961039
802313,AJA,موقف محرج للوفد اليمني في القمة العربية,1,257,0.389105058365759
667286,AJA,صدام الأصوليات.. الإمبريالية أمّ الأصوليات,1,2646,0.377928949357521
627347,AJA,البنوك الإسلامية,3,3723,0.37604082728982
626203,AJA,سن اليأس عند المرأة,4,4256,0.37593984962406
751816,AJA,وزير الخارجية الإيراني.. والعلاقات مع أميركا ترامب,6,1353,0.369549150036955
743691,AJA,إخوان العراق وعهد ما بعد صدام,1,4186,0.358337314859054
628961,AJA,إسرائيل فوق القانون,1,2891,0.345901072293324
716024,AJA,تراجع أسعار الذهب وتزايد مبيعاته,1,1447,0.345542501727713
626128,AJA,عمالة الأطفال.. حاجة ملحة أم استغلال؟,6,4234,0.342465753424658
821431,AJA,"""كوبرا"" يكشف تسجيلات صوتية لصبرا وشاتيلا",4,3140,0.342356687898089
626132,AJA,دخل المرأة العاملة.. كيف تنفقه؟,4,4254,0.340855665256229
626170,AJA,تقارير التنمية الإنسانية.. واقع أم تضليل؟,8,4191,0.340014316392269
678370,AJA,تعديل الدستور المصري 2005,1,4143,0.337919382090273
836895,AJA,إبادة الأرمن.. بين الحقائق والمزاعم,1,1488,0.336021505376344
626051,AJA,اتفاقية سيداو.. بين الشريعة والتطبيق,4,3869,0.336004135435513
683782,AJA,التطبيع مع إسرائيل وأمن الخليج,1,2995,0.333889816360601
711880,AJA,سوريا تدخل مرحلة جديدة,2,2858,0.332400279916025
629643,AJA,سعدون جابر.. إرث العراق الفني,1,3039,0.329055610398157
626254,AJA,الأطفال والنساء ضحايا الحرب في فلسطين,2,4209,0.320741268709907
667427,AJA,2007.. مائة عام من السينما المصرية - 1,1,2814,0.319829424307036
626258,AJA,دور الحوار في الأسرة العربية,4,4261,0.316827035907064
681010,AJD,متحف العامرية.. جوهرة المتاحف,1,1587,0.315059861373661
626079,AJA,الأسرة العربية في الإجازة الصيفية,2,4294,0.314392175128086
626133,AJA,نساء في مواجهة الجلادين,2,4346,0.310630464795214
626253,AJA,صور غير لائقة.. سوء استخدام الجوال,4,4195,0.309892729439809
749411,AJA,العلاقة بين الدين والسياسة - الجزء 2,1,2923,0.307902839548409
716435,AJA,حرب البترودولار - الجزء 2,1,2928,0.307377049180328
626151,AJA,المرأة والكتابة بين الماضي والحاضر,1,3966,0.302571860816944
628812,AJA,إيران والعرب.. عداء أم تنافس؟,2,2825,0.300884955752212
626102,AJA,المرأة العربية والعمل ليلا,5,4281,0.29899556178463
837602,Other,بائع الورد,1,339,0.294985250737463
626019,AJA,عمليات التجميل.. هوس أم احتياج؟,5,4274,0.294805802526907
626096,AJA,الأمية ومستقبل العالم العربي,4,4278,0.292192613370734
691713,AJA,في قلب العاصفة,1,701,0.285306704707561
626075,AJA,المرأة المطلقة في المجتمعات العربية,4,4252,0.282220131702728
706269,AJA,فلسطينيو القدس.. معاناة لا تنتهي,1,1428,0.280112044817927
667429,AJA,2007.. مائة عام من السينما المصرية - 2,1,2892,0.276625172890733
683134,AJA,أحمد زكي يماني.. النشأة والآراء الفكرية,9,2711,0.274601418090905
626199,AJA,التحرش بالمرأة ومضايقتها في العمل,2,4190,0.274463007159905
657857,AJA,"صاحب هتاف ""بن علي هرب""",1,2917,0.274254370929037
682902,AJA,سلطنة عمان.. جزء 2,1,1466,0.272851296043656
626018,AJA,المرأة في الحركات الإسلامية.. ريادة أم تهميش؟,4,4229,0.271931898794041
631940,AJA,الخلافات الإيرانية الخليجية,2,2946,0.271554650373388
630793,AJD,الإمام والحكيم,1,1475,0.271186440677966
665801,AJA,تركيا وإستراتيجيات الموازنة السياسية,1,1479,0.270453008789723
626123,AJA,المخدرات تلاحق الشباب العربي,2,4289,0.268127768710655
629346,AJA,الانسحاب الفرنسي من مالي,1,3029,0.264113568834599
682442,AJA,خطة ترامب للسلام وخيارات الرد الفلسطينية,1,3037,0.263417846559104
626201,AJA,وضع الأسرة العربية في القدس,7,4203,0.26171782060433
686001,AJD,بداية,1,1532,0.261096605744125
626066,AJA,نقاب المرأة العربية.. حرية أم بدعة؟,2,4360,0.252293577981651
626122,AJA,غربة المرأة بين الرفض والقبول,4,4208,0.249524714828897
657677,AJA,مسيرة رئيس أقصى اليمين الفرنسي,2,3013,0.248921340856289
626257,AJA,القوانين الخاصة بالمرأة.. إصلاح أم ضغوط؟,4,4273,0.245728996021531
764272,AJA,الصحافة وسط اتهامات الإرهاب,1,1633,0.244947948560931
626269,AJA,حق المرأة الكويتية في الانتخاب والترشيح,4,4253,0.235128144838937
626064,AJA,معاناة عائلات أسرى سجن غوانتانامو,4,4274,0.233972859148339
806385,AJA,تبعات الحرب الأميركية ضد أفغانستان,1,5137,0.233599377068328
683238,AJA,من صائد للؤلؤ إلى رجل أعمال إماراتي,1,2672,0.224550898203593
626330,AJA,أحوال المسلمين في البرازيل وأميركا اللاتينية,2,3006,0.216234198270126
711879,AJA,النزعة الطائفية وسلسلة الانتهاكات,3,2942,0.215273056877408
839807,AJA,ميتران وحلم العلاقات الدولية المتوازنة,6,3142,0.212179079142797
646264,AJA,قانون الأحوال الشخصية بين الإلغاء والإثبات,4,4243,0.212114070233325
626076,AJA,صلاة النساء في المساجد,4,4246,0.211964201601507
754233,AJA,الفن والواقع العربي,2,2843,0.211044671122054
752132,AJD,البحث عن حريفة الشوارع,1,3321,0.210779885576634
777820,AJA,حمص.. درب الحرية - الجزء 1,2,1452,0.206611570247934
667762,AJA,الطريق إلى تاورغاء,1,2940,0.204081632653061
628790,AJA,تايوان ورقة ضغط أميركية على الصين,1,2992,0.200534759358289
667946,AJA,أزياء متمردة,1,1505,0.199335548172757
631525,AJA,أيباك بين الأمس والغد,1,3020,0.198675496688742
629906,AJA,عبد الفتاح البرهان.. مستقبل السودان والجيش,1,1517,0.1977587343441
685736,AJA,تأسيس الضباط الأحرار بالأردن,1,3039,0.197433366238894
750514,AJA,ملاحقة الحركة الصهيونية الصحفيين العرب,1,4087,0.195742598482995
626073,AJA,ألف امرأة تترشح لجائزة نوبل للسلام,4,4206,0.19020446980504
626205,AJA,صورة المرأة العربية في المناهج التربوية,4,4256,0.18796992481203
626081,AJA,المرأة الريفية العربية.. إجحاف وتهميش,4,4287,0.186610683461628
626020,AJA,المرأة ولعبة الشهرة والنجومية,2,4320,0.185185185185185
764763,AJA,تركيا والاتحاد الأوروبي,1,1644,0.182481751824818
790134,AJA,مذابح الأرمن: القانون الفرنسي والجدل المستمر,1,5557,0.179953212164837
815162,AJA,رسالة حماس إلى الدول العربية,1,2801,0.178507675830061
798858,AJD,3 -إصلاحيون وثوار,1,3365,0.178306092124814
668642,AJA,الأزمة التشادية والاتهامات بدعم المتمردين,1,2865,0.174520069808028
631046,AJA,اتجاهات السياسة الخارجية لدول الخليج,1,2952,0.169376693766938
766614,AJD,سيد درويش,1,1776,0.168918918918919
657737,AJA,ملابسات اختفاء زعيم الشيعة في لبنان,2,3010,0.166112956810631
657956,AJA,وحدة الأمة.. بين الممكن والمستحيل,1,3079,0.16239038648912
629694,AJA,أي كيو.. كاميرا ذكية للسيارة بإمكانيات متعددة,1,1253,0.159616919393456
697806,AJD,أبي.. فيم أفنيت شبابك؟,1,3133,0.1595914458985
781318,AJA,الديمقراطيون: لم الفجوة بين القواعد والزعامات؟,1,3292,0.151883353584447
626125,AJA,دارفور.. انتهاكات أم اتهامات؟,2,3962,0.151438667339727
819116,AJA,أحمدي نجاد.. نصرة غزة ليست سياسة خطأً,1,1363,0.146735143066764
722897,AJA,شرارة الثورة التونسية,1,2731,0.146466495789088
626072,AJA,المرأة العراقية ووعود أميركا بالديمقراطية,2,4173,0.143781452192667
802488,AJD,الحياة حلوة,1,5572,0.143575017946877
626172,AJA,لماذا تتراجع الحركة النسوية العربية؟,2,4182,0.143472022955524
632023,AJA,تاريخ الساحة الحمراء في روسيا,1,1406,0.142247510668563
628834,AJA,وثائق ويكيليكس والأمن القومي العربي,1,2872,0.139275766016713
678214,AJA,أمانة الأحباس.. الأوقاف في تونس,1,2884,0.13869625520111
631056,AJA,مآلات التغيير في المنطقة العربية,3,2942,0.135961930659415
668395,AJA,الخيوط بديلة الأقمشة في الموضة,1,1482,0.134952766531714
763921,AJA,مراحل استخراج الأحافير في لبنان,1,1490,0.134228187919463
629885,AJA,دور المرابطات في حماية المقدسات,1,1497,0.133600534402138
628798,AJA,مبادرة لنشر ثقافة احترام الطريق,2,1125,0.133333333333333
630686,AJD,يونس.. مصر,1,767,0.130378096479791
752108,AJD,باي الشعب - خريف الثورة,2,3132,0.127713920817369
758888,AJD,اغتيال فرحات حشاد,2,3159,0.126622348844571
706562,AJA,قانون قيصر وإنهاء دور الأسد,3,2913,0.125872525460579
796461,AJA,أزمة مسجد الناصرة في القدس,1,4193,0.119246362985929
665267,AJA,الدراما النسائية والأعمال الجريئة,1,4328,0.115526802218115
628748,AJA,الانقلابات العربية.. القوى الكبرى,1,2682,0.111856823266219
697795,AJD,طيبة الطيبة.. مدينة رسول الله,2,2849,0.105300105300105
658379,AJA,الأفريكانز بين الحاضر والماضي,1,2857,0.105005250262513
668582,AJA,مؤتمر للمانحين وانقسام فلسطيني,1,2888,0.10387811634349
629339,AJA,من السودان إلى ليبيا .. رحلة الموت,2,2922,0.102669404517454
630151,AJA,لطفي بوشناق.. الغناء لأجل الشعوب,1,2963,0.10124873439082
665296,AJA,الحصاد - 3,1,2988,0.100401606425703
678155,AJA,كواليس المحاولات الانقلابية في موريتانيا,1,3017,0.0994365263506795
626328,AJA,علوم القرآن الكريم,1,3028,0.0990752972258917
826716,AJA,إعدام بالترحيل,1,3119,0.0961846745751844
678153,AJA,شهادة ولد حننا تواجه انتقادات وشكوكا,2,2902,0.0861474844934528
815159,AJA,سياسة جيبوتي الخارجية,1,1170,0.0854700854700855
670760,AJA,المرأة والطفل في فلسطين وواقع الحقوق,1,3803,0.0788850907178543
765081,AJD,الزهراوي.. حبر الجراحين,3,1709,0.0780183343085625
683817,AJA,خليل السكاكيني.. الداعي لتعريب طقوس الأرثوذوكسية,1,1296,0.0771604938271605
743686,AJA,استخدام اليورانيوم في الحرب على العراق,1,3918,0.0765696784073507
753539,AJA,جرائم إسرائيل ضد الشعب الفلسطيني,1,4087,0.0734034744311231
667233,AJA,المرأة العربية والنظام الأبوي,1,2744,0.0728862973760933
839810,AJA,نازيو إسرائيل الجدد,1,1385,0.0722021660649819
628908,AJA,المنطقة في ضوء تحالفات جديدة,1,2791,0.0716589036187746
753579,AJA,حقيقة اللقاءات السرية بين حماس والإسرائيليين,1,2846,0.0702740688685875
702782,AJA,"""زينبو"".. روبوت منزلي يساعدك في المطبخ",1,1424,0.0702247191011236
678174,AJA,طب للبيع,1,2879,0.069468565474123
701549,AJA,أميركا والانقلاب الفاشل في تركيا,1,2883,0.0693721817551162
818082,AJA,خالد مشعل: انتفاضة القدس وحدت الشعب,1,2938,0.068073519400953
691810,AJD,محمد عبد الوهاب.. صانع موسيقى القرن,1,2964,0.0674763832658569
684303,AJA,جيل الكراهية- الحلقة الثانية,1,2976,0.0672043010752688
628228,AJA,آية خليل.. حياة بين الجينات البشرية,1,1490,0.0671140939597315
701598,AJA,رهان ترامب.. الأتراك أم الأكراد؟,1,2990,0.0668896321070234
683252,AJA,اعتراض على كامب ديفيد,1,2998,0.066711140760507
697780,AJD,الطيب الصديقي.. 1000 حكاية,1,3014,0.06635700066357
819122,AJA,أسباب تدخل النيجر في مالي وأهدافه,1,1512,0.0661375661375661
773325,Other,الساحل السوري,2,756,0.0661375661375661
628309,AJA,غزو أوكرانيا والمنبر الأممي,1,3052,0.0655307994757536
682903,AJA,لبنان.. جزء 2,1,1586,0.0630517023959647
630495,AJD,المحاكمة,1,1591,0.0628535512256442
802702,AJD,نغم الأرواح,1,1658,0.060313630880579
630809,AJD,العلامة والوشم,1,1675,0.0597014925373134
760435,LIVE,فطيرة الراعي بالتوابل المغربية,1,1838,0.0544069640914037
629148,AJA,الإرهاب الصهيوني قبل إسرائيل.. خارج الحدود,2,2799,0.0535905680600214
750533,AJA,مأساة الأسرى الفلسطينيين في سجون إسرائيل,1,3872,0.0516528925619835
752971,AJA,أزمات الكتاب والنشر في العالم العربي,1,4051,0.0493705257960997
626121,AJA,الزواج السري.. بين العرف والخفاء,1,4226,0.0473260766682442
631084,AJA,الدور السياسي لمراكز الأبحاث الغربية,3,2855,0.0467016929363689
851096,AJA,الدكتاتورية والهزائم العربية,1,2287,0.0437254044599913
667270,AJA,مسلمات في الغرب,1,2711,0.0368867576540022
628986,AJA,أحلام الظلمة.. سيرة معتقل سياسي,1,2791,0.0358294518093873
842169,AJA,اكتشاف خريطة الإنسان الوراثية,1,5607,0.0356696985910469
831400,AJD,الفن العذري.. الفنانة الشعيبية,1,2812,0.0355618776671408
818015,AJA,أمين الجميل.. رحلة وسط الدماء والمؤامرات,1,2822,0.0354358610914245
628145,AJA,ركيزة التكافل الاجتماعي وبناء المجتمع,1,5645,0.0354295837023915
668651,AJA,فرنسا والعرب.. سلام أم مصالح؟,1,2836,0.0352609308885755
833017,AJA,من هم المرتزقة في سوريا؟,1,2854,0.0350385423966363
678245,AJA,العرب وقضية سد النهضة,1,2887,0.0346380325597506
702748,AJA,الإبادة الجماعية في رواندا ومحاربو الفوكلاند,1,2915,0.0343053173241852
626346,AJA,الفتوى بين الثوابت والمتغيرات,2,2933,0.0340947834981248
714215,AJA,الربيع العربي والإصلاح الدستوري بالمغرب,1,2943,0.0339789330615019
714216,AJA,تحديات الحكومة المغربية وعلاقتها بالقصر,1,2962,0.0337609723160027
626165,AJA,مقصد الوسطية في الإسلام,1,3014,0.033178500331785
626324,AJA,الاتّباع في الإسلام.. بين الصواب والفتنة,2,3024,0.0330687830687831
628066,AJA,البوسنة والهرسك.. ضحية لمؤامرة دولية,1,3049,0.032797638570023
673646,AJD,دكة احتياط,1,3132,0.0319284802043423
743736,AJA,الأفغان العرب في السعودية,3,4279,0.0311599283321648
630036,AJD,أحلام بيضاء - الجزء 2,1,3235,0.0309119010819165
738688,AJA,الهوية العربية والمؤثرات الغربية,1,4049,0.0246974561620153
752970,AJA,مستقبل إقليم كشمير,1,4063,0.024612355402412
813687,AJA,تنويعات الخطاب الإسلامي,1,4213,0.0237360550676478
750515,AJA,العودة.. الحق المقدس,1,4273,0.0234027615258601
827220,AJA,الانتخابات العراقية وحقيقة الديمقراطية,2,2775,0.018018018018018
826719,AJA,الثروات المنهوبة,2,2826,0.0176928520877565
629159,AJA,مخاطر تحدق بالغذاء,2,2952,0.0169376693766938
626241,AJA,الزكاة.. الحكمة والضوابط والثمرات,2,3025,0.0165289256198347
629293,AJA,ثمن الحقيقة,2,3032,0.016490765171504
849409,Other,Testing Preset : 190 - Fast Ingestion,1,1695,0.0
845659,AJA,المثقف الفلسطيني والفاعلية المجتمعية,2,1637,0.0
843729,AJA,"اليابان و""رأس الأفعى"" الصينية",1,1653,0.0
840698,AJA,في مأزق الأيديولوجيا- الجزء 2,1,1394,0.0
839808,AJA,كيف استفاد المواطن الخليجي من عائدات النفط؟,1,1571,0.0
839764,AJA,البحرين بين الرفاهية والفقر,1,1549,0.0
839723,AJA,أوضاع اللاجئين الفلسطينيين في لبنان,1,1486,0.0
839720,AJA,واقع البدون في الكويت,1,1538,0.0
839150,AJA,المؤتمر الشعبي لمقاومة التطبيع مع إسرائيل,3,5352,0.0
834225,AJA,"لوردات بريطانيا و""ماما دكتاري""",1,1674,0.0
821499,AJA,علاقة المسلمين بغيرهم,1,4234,0.0
821493,AJA,محرك البحث الصوتي متعدد اللغات,1,5355,0.0
818799,AJA,حملات إيران على الموساد.. هل تشمل المعارضين؟,1,176,0.0
818618,AJA,تحالف كوبنهاغن وجدل التطبيع,1,4399,0.0
818607,AJA,البنك الدولي.. أداة تنمية أم هيمنة سياسية؟,1,4328,0.0
818091,AJA,النمر السيبيري وخطر الانقراض,1,1651,0.0
815770,AJA,جدوى الثورات العربية,1,2864,0.0
815710,AJA,السلفية بين الفكر الوسطي والحركية الجهادية,1,4175,0.0
815170,AJA,أسعار النفط بين انخفاض وارتفاع,1,1601,0.0
814104,AJA,المصارف الإسلامية,1,2858,0.0
814093,AJA,الجسد المثالي بين العلم والشرع,1,2921,0.0
808481,AJA,الجزائر.. خمسون عاما على الثورة,1,4220,0.0
806316,AJA,البرلمان البريطاني وحقوق اللاجئين الفلسطينيين,1,4169,0.0
803427,AJD,الحلقة التمهيدية,2,813,0.0
800760,AJA,كنت على متن مرمرة,2,2593,0.0
796453,AJA,الإسلام والغرب وصراع الحضارات,1,4535,0.0
796450,AJA,الأمن الوقائي في فلسطين,1,4318,0.0
795476,AJA,أوضاع مسلمي كرواتيا,1,1664,0.0
792761,AJA,محمود حسين.. نشر السيرة النبوية في الغرب,1,1603,0.0
791299,AJA,الهجرة وفلسطين وإيران بين واشنطن وأوروبا,1,3803,0.0
791042,AJD,رياح الهروب,1,3073,0.0
775880,Originals,الثمن العسكري,6,8237,0.0
775332,AJA,حركة 6 أبريل,1,2980,0.0
773286,AJA,التحديات الغذائية للدول العربية,1,2923,0.0
770372,AJA,معركة الأقصى,1,2994,0.0
770003,AJD,بوصلة الحرية.. محمد الغزالي- الجزء 2,2,1632,0.0
769174,Other,مسجد السيد هاشم في غزة,2,366,0.0
767717,AJD,البابا شنودة.. رحلة مؤسسة ومسيرة بطريرك - الجزء 1,1,3098,0.0
766625,AJD,معلومة بنت الميداح.. صوت موريتانيا,3,1476,0.0
766624,AJD,عبد الله العلي المطوع,1,1544,0.0
766486,Other,جريمة اغتيال محمود المبحوح في دبي,1,356,0.0
765170,AJD,رمضان في جيبوتي,1,2861,0.0
764664,AJA,مسجد السُقيا,1,625,0.0
763902,AJD,غذاء الروح.. رمضان في الريف السوداني,1,1523,0.0
754219,AJA,الغاز الطبيعي.. أهميته ومزاياه كمصدر للطاقة,2,2388,0.0
753561,AJA,هل تستخدم أميركا اليورانيوم المنضب في حروبها؟,1,4163,0.0
753014,AJA,الاجتياح الإسرائيلي للضفة الغربية,1,4037,0.0
752969,AJA,انتهاكات أميركا حقوق الإنسان في أفغانستان,1,2991,0.0
752965,AJA,تصرفات النبي صلى الله عليه وسلم,1,2866,0.0
750520,AJA,مستقبل الصراع العربي الإسرائيلي,1,4086,0.0
750516,AJA,قراءة في نهج المقاومة الفلسطينية,1,4030,0.0
749413,AJA,نصرة غزة,1,2772,0.0
749404,AJA,الحكمة.. وكيف نتعلمها؟,1,2667,0.0
749399,AJA,فتنة المرأة,1,2927,0.0
749373,AJA,كيف نتعامل مع الحديث النبوي؟,1,2937,0.0
743713,AJA,إعجاز مكة المكرمة العلمي وكعبتها المشرفة,1,4199,0.0
742229,AJA,الرؤى والأحلام,1,2900,0.0
742224,AJA,حقوق المطلقات,1,2882,0.0
742194,AJA,الأزمة المالية ومقولة البديل الإسلامي,1,2834,0.0
741743,AJA,الأمة الإسلامية.. حقيقة أم وهم؟,1,2763,0.0
741735,AJA,الحديث النبوي,1,2959,0.0
741727,AJA,الزواج ومشكلاته,1,2920,0.0
740794,Other,غزة تحيي الربيع الأميركي,1,982,0.0
739702,Other,في بلاد الأناضول.. أفارقة الأناضول,2,1017,0.0
738687,AJA,الصراع الفلسطيني الداخلي والخطر الإسرائيلي,1,4100,0.0
738684,AJA,نفط العراق يروي عطش أميركا,1,4056,0.0
735669,AJA,حصاد 2024,2,2406,0.0
735484,AJA,أزمة دارفور,1,4174,0.0
735261,AJA,نحو مستقبل فاعل للجالية المسلمة في أميركا,1,4221,0.0
734988,AJA,الانتهاكات الحقوقية بعد انقلاب الحوثي,2,1499,0.0
723028,Other,"عيون غزة.. الجزء الأول ""قريبا""",1,56,0.0
716069,AJA,لجنة تقصي الحقائق وقتل المتظاهرين المصريين,1,2955,0.0
716056,Other,"قصة أول كمبيوتر عربي ""صخر""",1,278,0.0
714989,AJD,بيتي مدرستي,6,2936,0.0
704299,AJA,"إسرائيل ""التوراتية"" تتربع على أراضي سبع دول عربية",1,1687,0.0
697968,AJA,مشروع الجزيرة في السودان,1,1472,0.0
697784,AJD,الشيباني,2,3291,0.0
696397,AJD,دراهم الملح,1,3067,0.0
695039,AJA,روسيا.. 100 يوم في سوريا,1,2930,0.0
691691,AJA,أسئلة وأجوبة في الدين,1,2829,0.0
688794,AJD,طبق أم علي - مصر,2,798,0.0
687228,Other,طريق الموت.. قريباً,3,119,0.0
687086,AJA,مقدسيات ﻓﻲ ﻭﺟﻪ ﺍﻻﺣﺘﻼﻝ,1,3001,0.0
683705,AJA,ملك في مصيدة,8,2924,0.0
683671,AJA,قائمة غولدا - الجزء 2,1,2501,0.0
683308,AJA,الفلبين.. بلاد السبعة آلاف جزيرة,1,1497,0.0
683184,AJA,مدفع في الهواء,10,2864,0.0
683168,AJA,عدنان أبو عودة.. دمج الفلسطينيين في الأردن,1,2677,0.0
683014,AJA,جدل التطبيع الخليجي الإسرائيلي,1,4403,0.0
678120,AJA,الأزمة السورية وسياسة فرنسا الخارجية,1,3019,0.0
677882,AJA,أولويات واشنطن السيبرانية,1,3001,0.0
677631,AJA,أذربيجان.. أعلى القرى الجبلية في العالم,1,1479,0.0
668330,AJA,غزة تحت الاحتلال الاسرائيلي,2,3133,0.0
668326,AJA,قصة حب لبناني للعود والموسيقى,1,633,0.0
668325,AJA,أب الفن التشكيلي الإماراتي,1,655,0.0
668306,AJA,رسالة الموسيقى,1,570,0.0
668273,AJA,المحور الأفريقي.. الهدف الليبي الجديد,1,2942,0.0
668219,AJD,سايمون,2,2643,0.0
667860,AJD,خان الأرامل,1,2941,0.0
667320,AJA,كشمير والعنف الانفصالي,1,2669,0.0
667309,AJA,العلمانية في الشرق الأوسط.. الضيف الثقيل,1,1593,0.0
667288,AJA,النسيج المجتمعي في العراق,1,2715,0.0
667269,AJA,المثقفون العرب والتحديات الاجتماعية,1,2704,0.0
667260,AJA,اليهودية والصهيونية.. فروق وتباينات,2,1626,0.0
667225,AJA,العلمانية في العالم العربي,1,2749,0.0
667203,AJA,الوطن بعيون نسائية,1,2335,0.0
667189,AJA,الجندي المستعرب,1,1594,0.0
667181,AJA,نقد فكرة الإمبراطورية في عالم اليوم,1,1529,0.0
667120,AJA,الاستبداد في نظم الحكم العربية,1,1653,0.0
665685,AJA,العولمة والاقتصاد في الفكر الخلدوني,1,1595,0.0
658469,AJA,كرة القدم.. اقتصاد، سياسة، ورياضة,2,2874,0.0
658417,AJA,الإعلام الناطق بلسان الأقليات,1,1573,0.0
657974,Originals,التنظيم المالي,1,540,0.0
657777,AJA,واقع الجزائر السياسي خلال الثورة وبعدها,3,3061,0.0
657775,AJA,اختطاف صحفي فرنسي في لبنان,2,3017,0.0
657703,AJA,محارب سينمائي,2,3035,0.0
657675,AJA,مرتزق فرنسي يصور الحروب,2,3055,0.0
657646,AJA,عاشقة الخزف والنحت,1,1499,0.0
655492,AJA,فنان سوري يحلق بموسيقاه فوق باريس,2,1518,0.0
637758,AJA,فشل الجمهورية العربية المتحدة,1,2555,0.0
637751,AJA,إسقاط محاولة الناصريين,1,2348,0.0
632104,AJA,كيف استقطبت مكتبة الكونغرس آلاف السياح؟,1,1310,0.0
632038,AJA,رحلة فريدة إلى أفراح بغداد,1,2594,0.0
631944,AJA,"النووي الإسرائيلي.. الولايات المتحدة ""انكشاف السر""",1,2781,0.0
631161,AJA,قوانين الطوارئ بين حماية الشعب والسلطة,1,2936,0.0
631148,AJA,حركة فتح.. من الثورة إلى السلطة,1,2940,0.0
631127,AJA,العلاقات الأميركية الإسرائيلية,1,2769,0.0
631030,AJA,الشرق الأوسط في ظل مشاريع عالمية,1,2818,0.0
631006,AJA,صناعة القرار في إسرائيل,1,2845,0.0
630829,Other,سر النغمة الغامضة,1,982,0.0
630792,AJD,متمردان بين حربين,1,1642,0.0
630595,Other,علاج رخيص مخفي لمرض السرطان!,1,1007,0.0
630521,Other,الأواني المنزلية السامة,1,531,0.0
630077,AJD,سيرة الزير سالم,1,800,0.0
629992,AJA,مصري يقدم أدق ترجمة إنجليزية للقرآن,1,1499,0.0
629834,AJA,التاكسي الطائر وبيوت عائمة,1,1286,0.0
629755,AJA,نوال السعداوي .. رؤية مغايرة للثوابت,1,1516,0.0
629556,AJA,مناضلات ضد الاستبداد,1,2993,0.0
629538,AJA,فبراير الأسود.. تجسيد الصراع الطبقي,1,1444,0.0
629325,AJA,قيس سعيد يخترع آية قرآنية,1,1527,0.0
629131,AJA,فرنسا والصراع الإسرائيلي العربي.. ويستمر التسليح,1,2825,0.0
629042,AJA,التعليم العالي في الوطن العربي,1,2995,0.0
628967,AJA,ما ينتظر سوريا بعد معركة حلب,1,2973,0.0
628929,AJA,العرب بعد حرب أكتوبر,1,4821,0.0
628927,AJA,المتوسط ونشأة القوة الأميركية وصعودها,2,3147,0.0
628867,AJA,المحاكم الدولية بين العدالة والسياسة,1,2886,0.0
628851,AJA,صعود القاهرة كمركز ثقافي عربي,1,3120,0.0
628850,AJA,الانتفاضات المبكرة.. مابين الخصم والحكم ج1,1,2827,0.0
628845,AJA,الحرية في الفكر الإسلامي,1,2844,0.0
628830,AJA,العرب وإيران.. الواقع والمأمول,1,2792,0.0
628818,AJA,المسألة الأمازيغية في دول المغرب العربي,1,2869,0.0
628810,AJA,الطائفية السياسية في العالم العربي,1,2953,0.0
628744,AJA,الإرهاب الصهيوني قبل إسرائيل.. ضد الحليف,1,2832,0.0
628710,AJA,الانتفاضات المبكرة.. مابين الخصم والحكم ج2,1,2790,0.0
628604,AJA,المشهد العام بعد ثورة يوليو,6,2952,0.0
628587,AJA,العمل الصحفي العربي بعد الأربعينيات,6,3110,0.0
628480,AJA,تشيلي.. البُعاد,1,2864,0.0
628314,AJA,من مصر لروسيا.. الترجمان الأمين,1,1614,0.0
627914,AJA,روسيا.. حامية الطواغيت أم محققة الاستقرار؟,1,3082,0.0
627593,AJD,ريم بنا.. عنقاء الجليل,1,3187,0.0
626396,AJA,المسلم والابتلاء,1,2785,0.0
626350,AJA,خلق العفو وتزكية النفوس,1,3019,0.0
626343,AJA,شهر رمضان.. سبيل الوعي والحكمة,2,2994,0.0
626342,AJA,العداء للسنة النبوية.. دوافعه ووسائل مواجهته,1,3021,0.0
626244,AJA,رمضان.. شهر القرآن والعزيمة,1,2973,0.0
626206,AJA,المرأة والأعراف المجتمعية,1,4047,0.0
626188,AJA,تجديد الدين أم دين جديد؟,1,2892,0.0
626163,AJA,المسلمون في إثيوبيا,3,3021,0.0
626090,AJA,القرآن الكريم.. أوجه إعجازه وفرادته,1,3012,0.0
626087,AJA,مناهج تفسير القرآن الكريم ومقوماته,1,3025,0.0
626034,AJA,العولمة وتسليع المرأة,1,3820,0.0
284668,Other,284668,4733,160563600,0.0
284667,Other,284667,5628,160563600,0.0
280633,Other,280633,6544,155181600,0.0
273422,Other,273422,7491,63079200,0.0
265282,Other,265282,2717,181191180,0.0
265281,Other,265281,14275,181277940,0.0
265280,Other,265280,47051,181105020,0.0
265279,Other,265279,392430,181364400,0.0
265278,Other,265278,10486,181450500,0.0
